#Date,yesterday news positivity, yesterday news negativity,stock change
2008-08-08,9.1867251829,13.9849347034,2
2008-08-11,8.6725186362,8.9733046833,1
2008-08-12,7.0652388971,7.96425876,-1
2008-08-13,7.4030455116,9.7114173189,-1
2008-08-14,6.5979354202,6.9429290955,1
2008-08-15,7.9345016272,7.9584849587,1
2008-08-18,5.7925489139,7.3537548326,-2
2008-08-19,4.3647374647,11.3735519098,-1
2008-08-20,6.1546478757,6.4179574687,1
2008-08-21,7.7265870643,8.2122790404,1
2008-08-22,7.5249472563,10.2396038085,2
2008-08-25,3.2992730895,5.8390297987,-2
2008-08-26,6.621900076,9.4903945545,1
2008-08-27,5.7900215389,8.4552624459,1
2008-08-28,5.330624046,7.4786426722,2
2008-08-29,3.8859378639,6.9561482713,-2
2008-09-02,7.668478263,5.6232749389,-1
2008-09-03,9.0090622995,11.547406519,1
2008-09-04,5.6206349719,6.9804870942,-2
2008-09-05,5.4120542489,6.7077777329,1
2008-09-08,6.0062893589,8.8242181859,2
2008-09-09,4.8050073225,9.0677568891,-2
2008-09-10,9.5715014295,10.9486384679,1
2008-09-11,5.6727758353,7.3426594239,2
2008-09-12,5.3202471345,7.4124149659,0
2008-09-15,9.5659178358,11.9512403896,-2
2008-09-16,9.7708684481,9.8561577222,2
2008-09-17,7.0741051643,9.6189425498,-2
2008-09-18,5.3249499996,5.4272195339,2
2008-09-19,4.0709235329,6.7893499141,2
2008-09-22,5.5058653952,8.1737633325,-2
2008-09-23,5.6463616575,9.6911586743,-2
2008-09-24,4.6328241305,8.5473320185,-1
2008-09-25,8.4170752734,7.4250596001,2
2008-09-26,5.6808090104,6.9689586217,1
2008-09-29,5.6976971089,6.5888313239,-2
2008-09-30,7.028628815,8.8096967736,2
2008-10-01,6.7836741384,9.5554466945,-1
2008-10-02,12.2386506983,13.3085212241,-2
2008-10-03,8.5625433777,7.7698826737,-2
2008-10-06,5.0045483084,6.7028157272,-2
2008-10-07,5.0575746531,7.2569880793,-2
2008-10-08,7.0986178729,6.9701028594,-2
2008-10-09,6.380838259,9.6597578688,-2
2008-10-10,7.7819012676,10.4563308875,-1
2008-10-13,8.3169478607,8.6198133323,2
2008-10-14,8.6872558179,8.3462477257,-1
2008-10-15,9.9318682228,10.7860867699,-2
2008-10-16,5.9837374431,7.8759539072,2
2008-10-17,6.0946862178,6.9420537367,-1
2008-10-20,7.5481437261,9.1355828908,2
2008-10-21,7.5898486614,5.5716308128,-2
2008-10-22,7.2183994197,9.2422723006,-2
2008-10-23,7.0969569367,8.8955090544,2
2008-10-24,10.0704977649,12.4745285527,-2
2008-10-27,12.7412699817,21.968102669,-2
2008-10-28,9.922690199,12.3679766267,2
2008-10-29,5.507419788,8.3187717829,-1
2008-10-30,8.3507343809,10.3016161864,2
2008-10-31,9.4715812155,10.4733214551,2
2008-11-03,5.3043299883,8.0050168284,0
2008-11-04,5.5907568309,11.112426362,2
2008-11-05,6.215906326,9.7320141727,-2
2008-11-06,8.7160872135,10.1679827567,-2
2008-11-07,7.8103737657,9.0604143297,2
2008-11-10,9.242132764,9.4453321414,-1
2008-11-11,6.0264020063,6.896375139,-2
2008-11-12,5.1223762805,9.8551380819,-2
2008-11-13,6.1586102752,10.6205322761,2
2008-11-14,7.9547070528,10.2518541449,-2
2008-11-17,5.6703972185,8.205665143,-2
2008-11-18,5.0861978069,8.511440938,2
2008-11-19,6.6428038012,9.5840351916,-2
2008-11-20,5.1645177916,4.7103274474,-2
2008-11-21,5.8249481583,6.6149807604,2
2008-11-24,7.8740601241,12.5177060654,2
2008-11-25,9.7873435888,10.55925851,1
2008-11-26,5.7922279562,9.7426951938,2
2008-11-28,6.7287390411,7.2752325824,1
2008-12-01,8.3053058382,12.7797553555,-2
2008-12-02,5.9525710028,8.9561706697,2
2008-12-03,10.8420373173,10.9435212878,2
2008-12-04,9.7155283647,13.0112635493,-2
2008-12-05,7.4512021293,10.3422191713,2
2008-12-08,8.7853882739,8.9456345534,2
2008-12-09,6.1170277102,9.8462406364,-2
2008-12-10,8.0719712552,14.6050661283,1
2008-12-11,8.1038456619,10.0284387191,-2
2008-12-12,7.2077110314,14.108780976,1
2008-12-15,5.6898406917,7.8154134156,-1
2008-12-16,5.4864720364,7.8960057832,2
2008-12-17,6.2249119618,8.4364390088,-1
2008-12-18,6.504150375,10.7510384808,-2
2008-12-19,6.9185202817,8.6496501675,-1
2008-12-22,10.6098146851,11.1305249054,-1
2008-12-23,6.6062295054,12.8751735562,-1
2008-12-24,7.3213624038,8.2225862534,1
2008-12-26,5.195002322,6.5093733676,1
2008-12-29,10.1468325668,12.7758169027,-1
2008-12-30,9.4249182245,7.6406302131,2
2008-12-31,10.3224724241,12.4752151679,1
2009-01-02,7.9895139077,10.8360312002,2
2009-01-05,14.9452384149,16.0159511664,-1
2009-01-06,10.7117856704,14.6647036985,1
2009-01-07,8.4077027631,13.6884433193,-2
2009-01-08,10.5910486696,10.3249300013,-1
2009-01-09,6.3548874714,11.0849390274,-1
2009-01-12,11.6284044869,15.2117624656,-1
2009-01-13,7.6382946789,9.7197274228,-1
2009-01-14,7.9743095862,10.3645667417,-2
2009-01-15,7.5143124999,14.6625794053,1
2009-01-16,8.1148208532,10.7876059887,1
2009-01-20,7.998867187,16.2621664886,-2
2009-01-21,8.441722206,14.4175724961,2
2009-01-22,10.7312768218,12.3325338019,-1
2009-01-23,7.7820399227,8.5993421463,-1
2009-01-26,9.6481436579,13.994661181,1
2009-01-27,8.6212837116,12.2177262507,1
2009-01-28,8.6077235746,10.6990747414,2
2009-01-29,9.517190437,8.4098634247,-2
2009-01-30,8.0544169471,11.7384971398,-2
2009-02-02,7.4458959034,10.2276642855,-1
2009-02-03,7.8862830976,11.0353701208,2
2009-02-04,9.4867341436,14.256170294,-1
2009-02-05,9.4981746601,12.6547778776,1
2009-02-06,9.4373747727,10.1842842794,2
2009-02-09,5.9092442923,7.2290836967,0
2009-02-10,8.9448637958,13.577032078,-2
2009-02-11,7.6441739833,11.9278452889,1
2009-02-12,10.9119386238,14.247222439,0
2009-02-13,6.7503378985,10.6478954287,-1
2009-02-17,6.3184079026,11.6500531899,-2
2009-02-18,7.5684177036,8.5223451997,0
2009-02-19,6.1065360599,10.1697026523,-1
2009-02-20,7.2366524233,8.5480421729,-1
2009-02-23,9.3797581099,15.1518620822,-2
2009-02-24,5.7819213183,8.959012353,2
2009-02-25,10.6166814644,14.232749007,-1
2009-02-26,6.8020471173,11.9862149333,-1
2009-02-27,11.2334002607,12.9707648132,-1
2009-03-02,10.995885171,10.8959646768,-2
2009-03-03,6.7184486499,10.3540675615,-1
2009-03-04,7.0867580221,10.8046321366,2
2009-03-05,9.3305784798,11.3615113499,-2
2009-03-06,12.9784281121,13.5410609521,1
2009-03-09,5.954490074,8.648484143,-1
2009-03-10,9.9414120512,10.848267989,2
2009-03-11,7.0579701238,7.143849683,0
2009-03-12,6.67550516,10.1808908208,2
2009-03-13,7.0395610712,9.4668394985,1
2009-03-16,10.2293771407,11.936364349,0
2009-03-17,9.1691580058,15.7945503018,2
2009-03-18,9.0927131753,14.0928743832,1
2009-03-19,5.8827398259,11.391122153,-1
2009-03-20,8.9521939255,11.1028570844,-1
2009-03-23,7.8289217138,9.8284728349,2
2009-03-24,11.9028397115,10.9120773915,-1
2009-03-25,8.8150117484,12.4456257271,1
2009-03-26,7.2256662361,14.18039115,2
2009-03-27,8.4413594771,9.5267254619,-2
2009-03-30,8.7892902438,10.510558922,-2
2009-03-31,9.0761572906,11.6225641429,1
2009-04-01,9.0327742081,10.0540701355,2
2009-04-02,6.385224496,13.6226540057,2
2009-04-03,8.6233521656,12.9983324574,1
2009-04-06,7.0155071464,7.2988709763,-1
2009-04-07,7.7932551546,15.9039238817,-2
2009-04-08,7.1970961495,13.3177878773,1
2009-04-09,9.0714486059,8.6779634058,2
2009-04-13,7.3907141162,9.7318080671,-1
2009-04-14,6.5267785552,9.1774975098,-1
2009-04-15,8.586149321,10.3608075934,1
2009-04-16,5.9885951456,12.1788219735,1
2009-04-17,8.9812787452,8.5779488178,0
2009-04-20,7.0225075509,10.3192620669,-2
2009-04-21,8.030372134,11.3873148912,1
2009-04-22,8.4736378496,8.8268512543,-1
2009-04-23,9.4327912097,13.1064075247,1
2009-04-24,13.5237466567,13.3725895208,1
2009-04-27,17.3173814335,15.1568589727,-1
2009-04-28,11.8024044646,9.1617509635,0
2009-04-29,17.4368771939,12.846931733,2
2009-04-30,11.5948483899,13.592722044,-1
2009-05-01,11.8682475294,12.6696186485,1
2009-05-04,10.4504323044,9.9819719801,2
2009-05-05,12.1480082339,12.0576701726,-1
2009-05-06,8.0567588051,11.0526274004,1
2009-05-07,8.7311317155,12.2638533342,-1
2009-05-08,9.3034209266,10.880538655,2
2009-05-11,10.4880701365,18.2801896008,-2
2009-05-12,10.7110439338,15.200699473,1
2009-05-13,11.2752448924,9.6729051835,-2
2009-05-14,10.7464775264,13.4054393304,1
2009-05-15,10.2005816143,12.80181274,-1
2009-05-18,8.8149966676,7.877008022,2
2009-05-19,7.3695060789,8.1173463034,-1
2009-05-20,11.9725673961,10.6578110353,-1
2009-05-21,9.6994402308,15.2249258092,-1
2009-05-22,7.4478089363,10.9626361799,-1
2009-05-26,8.8743422205,9.9848972246,2
2009-05-27,9.9767492777,13.748650771,-2
2009-05-28,7.9833562745,12.6935520676,1
2009-05-29,10.5510778324,8.7388936762,1
2009-06-01,10.8585187382,15.6661854349,2
2009-06-02,7.2532270207,11.3113252412,1
2009-06-03,10.1809338991,14.1501807803,-1
2009-06-04,8.7065393452,8.5344527001,1
2009-06-05,10.9279239567,10.8320003768,0
2009-06-08,7.3336207986,11.1541615506,0
2009-06-09,9.9718778572,12.6549327151,0
2009-06-10,9.2451863463,14.8641620463,-1
2009-06-11,10.6616901836,10.6887793043,1
2009-06-12,13.3978756879,18.4524635982,1
2009-06-15,7.9881910594,6.1427832767,-2
2009-06-16,8.6075037454,12.8435969011,-1
2009-06-17,9.4298386812,13.5637174163,0
2009-06-18,10.2452226593,10.9625996961,1
2009-06-19,11.5926350367,16.3626345429,-1
2009-06-22,7.4666218344,9.5248666868,-2
2009-06-23,10.2637405649,13.4225901408,-1
2009-06-24,9.0259052824,11.6432638359,-1
2009-06-25,7.7667599437,11.6914791489,2
2009-06-26,14.6004262261,13.0510696411,-1
2009-06-29,9.0061442876,13.2005007432,1
2009-06-30,9.6440653822,11.9756472739,-1
2009-07-01,9.0994137853,12.8821442668,1
2009-07-02,8.4217455077,11.1264890719,-2
2009-07-06,7.3786129769,7.1437041228,1
2009-07-07,6.6281768018,9.7942455244,-2
2009-07-08,11.4423627043,10.714308848,1
2009-07-09,16.5192771183,18.876356075,0
2009-07-10,9.260347308,9.706217138,-1
2009-07-13,11.4989558147,13.2101133276,2
2009-07-14,9.7262777027,12.9322487526,1
2009-07-15,7.506978878,10.9723545899,2
2009-07-16,7.973470225,13.3077424634,1
2009-07-17,11.3904760538,12.4662813208,1
2009-07-20,11.7438752467,12.3009663493,1
2009-07-21,13.3260841098,12.5516115971,1
2009-07-22,10.5341164997,13.9294025478,-1
2009-07-23,9.6230201033,12.1017179305,2
2009-07-24,8.7625810514,11.09835573,1
2009-07-27,9.2205496716,11.4211531989,1
2009-07-28,13.2518708756,14.6843159383,0
2009-07-29,13.4718788222,15.7919915717,-1
2009-07-30,15.0201116775,18.7520130594,1
2009-07-31,12.0256322558,16.0202383402,1
2009-08-03,9.040663472,14.7289349153,1
2009-08-04,16.9799347603,19.1976702995,1
2009-08-05,9.0383685703,11.9513305475,-1
2009-08-06,6.5565753873,9.6639869923,-1
2009-08-07,10.8835371694,13.0204803753,1
2009-08-10,9.6895299125,14.9227750845,-1
2009-08-11,10.2309325553,15.1583237771,-1
2009-08-12,9.4150341678,13.6061154489,1
2009-08-13,8.6615830931,10.9213041091,1
2009-08-14,10.8584184559,13.5366730669,-1
2009-08-17,11.317503564,13.9358223826,-2
2009-08-18,12.1830274117,13.6277844211,1
2009-08-19,8.5933077459,13.3995829137,1
2009-08-20,14.9741871831,15.7531958224,1
2009-08-21,9.5846536926,13.8774178193,2
2009-08-24,8.7395807221,7.1345094639,0
2009-08-25,8.2888394057,13.2340709844,1
2009-08-26,10.9666760549,11.8098026218,0
2009-08-27,9.0505664363,12.4354340071,1
2009-08-28,11.8465500606,16.1086380464,-1
2009-08-31,11.2672064962,13.144135908,-1
2009-09-01,9.4490475401,13.0212044238,-2
2009-09-02,11.3067245232,10.9630355615,-1
2009-09-03,8.3614011347,9.2979646386,1
2009-09-04,11.6737696307,10.7574811758,1
2009-09-08,7.2431987834,13.5263281561,1
2009-09-09,14.2732081371,13.8487297678,1
2009-09-10,7.6578140826,9.5517583186,1
2009-09-11,14.1444818248,16.7864920494,-1
2009-09-14,7.1521651852,10.0125261627,1
2009-09-15,19.1653137053,20.4360501541,1
2009-09-16,9.6867761012,11.0705324313,1
2009-09-17,10.8033114819,16.1564151318,0
2009-09-18,9.0699769311,13.2533768894,1
2009-09-21,7.8305236505,12.6412939797,-1
2009-09-22,12.6437882091,13.4798254087,1
2009-09-23,11.5057063799,11.4341294314,-1
2009-09-24,14.5399959498,14.9155273286,-1
2009-09-25,16.107129781,20.0192814312,-1
2009-09-28,7.6910609632,9.3928510975,1
2009-09-29,9.2758214663,9.2716392379,-1
2009-09-30,12.2746976983,16.9038625598,-1
2009-10-01,6.6129972443,16.9530463739,-2
2009-10-02,11.3280758241,14.6261683556,-1
2009-10-05,8.842692497,13.4910465483,1
2009-10-06,14.9697171149,17.258437677,1
2009-10-07,14.2299588675,14.8227955804,0
2009-10-08,12.5319774383,17.4122488705,1
2009-10-09,13.9508204662,13.7934750669,1
2009-10-12,7.1910849403,11.1323463272,1
2009-10-13,11.7084397036,15.0514675555,0
2009-10-14,9.283879462,11.8850001673,2
2009-10-15,11.2950879531,14.1254052899,1
2009-10-16,12.2088961432,14.0384532666,-1
2009-10-19,10.1255348231,13.1768681289,1
2009-10-20,16.1220118625,14.0134887231,-1
2009-10-21,13.8847669511,11.7036205782,-1
2009-10-22,14.7264373938,15.1840386417,1
2009-10-23,11.4272010727,12.1445055343,-1
2009-10-26,20.8655884357,25.6667784061,-1
2009-10-27,12.3068406117,15.2835370114,0
2009-10-28,13.1285624504,15.609114333,-1
2009-10-29,11.7422333625,12.6486139287,2
2009-10-30,12.042343241,12.4300401642,-2
2009-11-02,10.1510553704,10.2228541631,1
2009-11-03,10.1163740534,14.8369008023,-1
2009-11-04,16.3498677192,21.1442633247,1
2009-11-05,8.9474118194,15.6539857812,2
2009-11-06,6.903025109,13.0829319089,1
2009-11-09,11.2091858608,14.4574994842,2
2009-11-10,12.0625642386,13.2118941031,1
2009-11-11,11.2490995985,19.346829298,1
2009-11-12,13.0610159881,14.4047291879,-1
2009-11-13,10.2048560613,13.438983655,1
2009-11-16,15.3265553092,17.9597430603,1
2009-11-17,10.1592605112,11.8850100085,1
2009-11-18,13.3836991032,11.2055810815,0
2009-11-19,7.4471910285,11.5627602157,-1
2009-11-20,14.6867196346,15.0440240836,0
2009-11-23,18.8129495827,17.4765996019,1
2009-11-24,9.6069250824,15.7674138309,-1
2009-11-25,12.86347075,18.0519702381,1
2009-11-27,13.2769895973,14.4620407739,-2
2009-11-30,12.815940392,14.6609058228,1
2009-12-01,12.5020908184,15.8436046947,1
2009-12-02,12.919470987,18.451317193,-1
2009-12-03,11.0120261687,18.3258384141,-1
2009-12-04,8.3732060805,11.2152181699,1
2009-12-07,12.1213621959,14.4784862101,0
2009-12-08,9.7500341932,11.7505330014,-1
2009-12-09,9.3265102835,10.5172764451,1
2009-12-10,9.1319500982,8.9775729251,1
2009-12-11,11.5664271177,15.0694529987,1
2009-12-14,8.8274380983,15.645721629,1
2009-12-15,10.9851269161,14.0971968675,-1
2009-12-16,13.143262598,16.823166992,0
2009-12-17,10.0502140544,11.7076510559,-1
2009-12-18,14.7698855635,19.7028833926,1
2009-12-21,11.0276026996,12.7201184681,1
2009-12-22,9.3002998023,11.5390329528,1
2009-12-23,14.6924218655,18.212214448,0
2009-12-24,9.0814256232,11.147789277,1
2009-12-28,11.2847145846,15.2035544907,1
2009-12-29,12.6680994892,15.6987860811,0
2009-12-30,8.2331217002,9.0552262788,0
2009-12-31,9.470410261,9.5559536478,-1
2010-01-04,16.8187915596,15.0631826045,2
2010-01-05,12.5947490743,17.0436828282,0
2010-01-06,11.2272621599,13.0103682684,0
2010-01-07,14.1890727976,17.7039172582,1
2010-01-08,13.8257427903,18.1616674204,0
2010-01-11,10.6390339888,17.2315700637,1
2010-01-12,12.2886725149,18.857060527,-1
2010-01-13,15.566541799,21.9867452838,1
2010-01-14,13.5314084642,17.7275025996,1
2010-01-15,12.4298446064,19.180834311,-1
2010-01-19,8.5715611156,12.2673443319,1
2010-01-20,7.8824018766,11.7998929647,-1
2010-01-21,12.9077652984,14.1858489509,-2
2010-01-22,15.6984057658,15.5470754122,-2
2010-01-25,11.7221306786,16.0088515278,1
2010-01-26,13.2586096809,18.2592524861,0
2010-01-27,11.0170690768,16.9975059663,1
2010-01-28,9.5522698342,14.1995061963,-1
2010-01-29,12.731624025,14.8984255106,-1
2010-02-01,7.9366372181,11.6527711104,1
2010-02-02,11.8634056082,14.072170629,1
2010-02-03,9.6415781438,14.7387438311,-1
2010-02-04,9.4060048029,9.9411330209,-2
2010-02-05,12.4074926447,12.1609334923,0
2010-02-08,9.8185204841,14.1960339429,-1
2010-02-09,13.0402565804,17.3056974857,2
2010-02-10,11.9159510342,16.8465501861,-1
2010-02-11,8.9597461312,15.6242793328,1
2010-02-12,10.4663202264,16.3569295918,-1
2010-02-16,14.911621548,16.6647315662,2
2010-02-17,7.0075723978,16.2136126148,1
2010-02-18,9.1036498316,18.2175740988,1
2010-02-19,9.5929188215,13.5187505545,1
2010-02-22,10.0286888254,11.3040138166,-1
2010-02-23,9.3529964164,10.8020586399,-1
2010-02-24,12.7942830741,14.2478162685,1
2010-02-25,9.3425617066,15.4905068823,-1
2010-02-26,7.3404102217,8.6860159129,0
2010-03-01,8.3036973239,12.5737002377,1
2010-03-02,12.0393866377,18.7802574958,0
2010-03-03,11.9985507127,14.3393262454,0
2010-03-04,9.3264607965,12.5875188162,1
2010-03-05,10.9601043401,15.120352458,1
2010-03-08,9.0534640063,13.8801279047,0
2010-03-09,12.4671484085,12.5664083689,0
2010-03-10,12.082184582,15.6559001878,0
2010-03-11,11.5027918377,12.2482418393,1
2010-03-12,8.4729888371,11.1186968056,0
2010-03-15,11.7186145376,13.4741926859,1
2010-03-16,13.641253987,9.8415655459,1
2010-03-17,11.4465857884,14.2811801724,1
2010-03-18,7.5181806041,11.7971129565,1
2010-03-19,11.1184676399,11.297508078,-1
2010-03-22,9.5612989534,13.5433546977,1
2010-03-23,14.7722444308,14.6405557222,1
2010-03-24,12.8660174909,14.8309098083,-1
2010-03-25,9.9948491393,17.2882973564,0
2010-03-26,11.9692009556,12.7493815664,0
2010-03-29,9.8838426799,16.8115379281,1
2010-03-30,10.9769499979,12.33545571,0
2010-03-31,10.9406958094,14.3703526965,-1
2010-04-01,10.355138489,13.3836952059,1
2010-04-05,9.3726970082,15.1381249858,1
2010-04-06,5.4211897587,11.0786031731,0
2010-04-07,13.7860709175,15.5444455037,-1
2010-04-08,10.5922490625,16.1603080712,1
2010-04-09,10.4023328795,14.1388458823,1
2010-04-12,8.2019639482,12.3384137905,0
2010-04-13,13.8893705262,15.7797784137,0
2010-04-14,9.7246405188,11.8130778308,1
2010-04-15,8.2043764548,13.0001325778,1
2010-04-16,9.2969015451,13.539630227,-1
2010-04-19,13.2590096639,13.7521731075,1
2010-04-20,11.8188190492,15.4191713409,1
2010-04-21,11.2037973354,11.2130177965,0
2010-04-22,10.2002122103,12.5366311515,1
2010-04-23,11.5188066091,15.0863267343,1
2010-04-26,9.4201339292,9.4398367728,0
2010-04-27,9.6261600051,13.1760086689,-2
2010-04-28,8.61692211,7.427512175,1
2010-04-29,15.549311409,18.4497649332,1
2010-04-30,11.5258211178,16.0306397651,-2
2010-05-03,11.4190354445,14.9841631319,2
2010-05-04,11.6099581397,12.2021983311,-2
2010-05-05,10.0516410432,9.8823676663,-1
2010-05-06,11.7634734842,13.8822159074,-2
2010-05-07,12.6050474583,12.7432845666,-1
2010-05-10,9.2717804827,12.4354250767,2
2010-05-11,13.1335285868,15.1446530522,-1
2010-05-12,11.3211057663,12.292845099,2
2010-05-13,10.8518480429,12.8714813608,-1
2010-05-14,12.9089475054,14.4863799872,-2
2010-05-17,9.6995693552,18.4321549618,0
2010-05-18,10.2306721564,13.0948263978,-1
2010-05-19,12.4960928426,14.4622678314,-1
2010-05-20,11.3511844714,14.209485037,-2
2010-05-21,8.7242740744,13.2300580173,1
2010-05-24,7.3890881812,8.0960179048,-1
2010-05-25,11.0549238308,19.1033478617,-1
2010-05-26,12.6279596868,13.8748636262,-1
2010-05-27,11.4678017924,13.9052244015,2
2010-05-28,9.8229138907,12.5616905787,-1
2010-06-01,8.9271215978,17.8451356384,-1
2010-06-02,9.8928579072,12.0278239109,2
2010-06-03,14.942793462,18.2956832021,0
2010-06-04,8.4936928655,11.4728398644,-2
2010-06-07,8.96809513,11.7100401947,-1
2010-06-08,8.2850170556,13.1333845107,1
2010-06-09,9.204885372,13.9820157171,-1
2010-06-10,13.9949409781,13.6101486368,2
2010-06-11,10.303702304,17.1417696472,1
2010-06-14,9.6957839519,15.8781299404,-1
2010-06-15,10.0930886473,16.4917314155,2
2010-06-16,12.7068007197,16.1181795084,0
2010-06-17,9.7780435693,15.6149188162,1
2010-06-18,9.2391530266,7.8145578787,1
2010-06-21,9.5941054296,11.6358039893,0
2010-06-22,12.4817583089,16.68589472,-2
2010-06-23,12.4391029363,16.7040114651,0
2010-06-24,9.8667781176,11.7481827195,-2
2010-06-25,10.2873083091,11.7275450475,0
2010-06-28,10.4524410087,15.5550567962,0
2010-06-29,12.742430026,16.0016673775,-2
2010-06-30,9.9529706109,13.7962420585,-1
2010-07-01,16.103368978,22.5092816891,-1
2010-07-02,12.4598605522,10.3095761389,-1
2010-07-06,11.4323313409,13.8433389862,1
2010-07-07,8.9584175064,11.9505682542,2
2010-07-08,7.8435110228,14.0101755496,1
2010-07-09,12.0683331077,12.9582337657,1
2010-07-12,5.6573282739,10.5773927488,1
2010-07-13,9.8213245486,15.4620750594,2
2010-07-14,8.5133065386,14.0699225356,0
2010-07-15,11.021952078,16.521349053,0
2010-07-16,13.5337398457,16.8550218583,-2
2010-07-19,11.5310640379,18.001397945,1
2010-07-20,12.3919175518,13.1940828009,1
2010-07-21,15.1716911967,12.4405783398,-1
2010-07-22,11.7074155896,14.8884940766,2
2010-07-23,9.2207316658,10.4711582932,1
2010-07-26,9.5844563419,12.677008929,1
2010-07-27,12.5082315098,14.2139166448,0
2010-07-28,11.0938825347,14.3346519425,-1
2010-07-29,11.3413756545,16.513531802,-1
2010-07-30,11.5858273706,10.7485708637,0
2010-08-02,11.5451245745,16.413297113,2
2010-08-03,10.2132246565,16.9639539074,-1
2010-08-04,11.8082640966,17.4674940549,1
2010-08-05,7.2374441531,9.3647612804,0
2010-08-06,11.179382864,13.2011710397,-1
2010-08-09,8.5881628292,9.7699998717,1
2010-08-10,10.2196000244,16.6590707604,-1
2010-08-11,11.0715907281,17.1485397317,-2
2010-08-12,8.2919390703,11.4574085645,-1
2010-08-13,8.4983437557,16.5225856014,-1
2010-08-16,7.6313581049,11.553652704,0
2010-08-17,11.177477134,11.57493347,1
2010-08-18,12.0250586487,12.8016499164,1
2010-08-19,6.9932353852,9.3559439764,-1
2010-08-20,9.3133942855,12.7734982134,-1
2010-08-23,11.918956519,12.6655638161,-1
2010-08-24,10.1844396229,10.0324252484,-1
2010-08-25,12.8920976583,19.2272083489,1
2010-08-26,9.970206993,13.4385862314,-1
2010-08-27,6.2686012574,7.4469029838,2
2010-08-30,7.6236749626,12.279837003,-1
2010-08-31,9.9415089362,10.6895365831,0
2010-09-01,11.0211876705,15.3283195329,2
2010-09-02,10.1525835706,10.6552691421,1
2010-09-03,12.5932638502,13.745084425,1
2010-09-07,10.6864865631,12.4835578285,-1
2010-09-08,13.2395115825,12.0448519485,1
2010-09-09,14.6965844618,16.0803813455,1
2010-09-10,7.3469282946,7.1483284853,1
2010-09-13,17.9642598822,20.0610121113,1
2010-09-14,9.4233500719,12.1988492913,-1
2010-09-15,10.5317996864,12.6516993965,1
2010-09-16,5.2710559501,8.6342026101,1
2010-09-17,11.6362158724,14.8635804778,0
2010-09-20,10.2813233315,16.5447681437,2
2010-09-21,13.2504857633,17.601296764,0
2010-09-22,11.5017266216,10.4684764271,-1
2010-09-23,9.2124071083,12.2816234991,-1
2010-09-24,12.7475103709,13.9013213202,2
2010-09-27,8.6029894372,11.7496118755,-1
2010-09-28,9.2270971877,12.8765705622,1
2010-09-29,7.1382969875,12.2701040578,-1
2010-09-30,7.3920667224,10.5992775091,-1
2010-10-01,8.4799879049,8.5377922577,1
2010-10-04,11.3955749847,15.4045893276,-1
2010-10-05,12.2148075606,19.0125484746,2
2010-10-06,10.2078131484,15.9864353807,1
2010-10-07,17.5258532303,19.2286937727,-1
2010-10-08,10.5851977697,13.1641417459,1
2010-10-11,10.2425326806,15.2660089147,0
2010-10-12,16.0222914774,20.6639504759,0
2010-10-13,10.3852054819,15.5911812422,1
2010-10-14,10.1633663973,16.4176590894,0
2010-10-15,19.0385271364,19.4106980556,-1
2010-10-18,16.8668027113,15.9236806244,1
2010-10-19,10.4416257571,13.2060492893,-2
2010-10-20,13.0726301585,15.6484814765,1
2010-10-21,13.8100402592,12.6908099863,1
2010-10-22,11.4728810296,12.9657124511,0
2010-10-25,10.958534953,14.9466750644,1
2010-10-26,7.9291076157,10.4487685517,0
2010-10-27,8.716381275,19.7688269196,-1
2010-10-28,9.1344088258,14.5294139659,0
2010-10-29,8.0278032037,16.3143513084,0
2010-11-01,11.6312084284,16.7671699371,0
2010-11-02,9.1682220966,15.0998934937,1
2010-11-03,13.0324377795,13.673567182,1
2010-11-04,12.6560009726,10.656162456,2
2010-11-05,9.9362591554,15.2752375741,0
2010-11-08,10.8752093919,13.3020683717,-1
2010-11-09,12.8929115168,17.1910467018,-1
2010-11-10,11.5844823652,12.7750779842,1
2010-11-11,13.8484788885,19.0868856846,-1
2010-11-12,12.5096368685,13.9612872532,-1
2010-11-15,13.7481990855,16.1838727104,0
2010-11-16,9.872514701,12.9549707091,-2
2010-11-17,11.5873861386,16.6564126441,0
2010-11-18,11.823934958,13.0757668699,2
2010-11-19,8.1779137893,10.2541991681,1
2010-11-22,11.7687939927,10.3531098016,-1
2010-11-23,11.8535625071,15.3417710869,-2
2010-11-24,8.2143277216,10.7260466296,2
2010-11-26,8.6282200363,10.381609174,-1
2010-11-29,9.1260029115,12.6066596246,-1
2010-11-30,9.1315389693,19.7362533353,-1
2010-12-01,12.3352656171,21.7478232656,2
2010-12-02,9.0952855593,12.0604045839,1
2010-12-03,10.7687794817,12.5338535014,1
2010-12-06,12.7255507324,14.5118423467,-1
2010-12-07,14.502716284,17.023850835,0
2010-12-08,11.7524682211,18.755295451,1
2010-12-09,11.5717310678,10.9811164335,0
2010-12-10,14.8069156509,14.5366397119,1
2010-12-13,9.6708336264,14.3000903915,1
2010-12-14,11.2862956576,13.0313392703,1
2010-12-15,8.0138127107,11.4339169462,-1
2010-12-16,9.2198752608,11.4447615736,1
2010-12-17,9.7369331336,14.71648072,0
2010-12-20,12.8190499965,12.897057048,0
2010-12-21,10.4420545738,11.3641984383,1
2010-12-22,12.6457758207,15.6268603585,1
2010-12-23,8.6797054137,10.5445230952,1
2010-12-27,11.9749197182,15.37378417,-1
2010-12-28,14.8406315776,18.0687525988,1
2010-12-29,10.6197341684,14.3846806048,0
2010-12-30,12.2836374565,11.439654518,-1
2010-12-31,13.2824991643,11.4493921668,0
2011-01-03,10.2878487054,15.5028568288,1
2011-01-04,13.0590535995,13.7064714566,1
2011-01-05,9.0975754763,12.3819235615,1
2011-01-06,13.1974036554,17.9194483119,-1
2011-01-07,7.8222318105,12.0143823645,-1
2011-01-10,12.7447200126,10.3596550809,-1
2011-01-11,16.2882351722,15.9689469283,1
2011-01-12,10.1405345111,12.6743147694,1
2011-01-13,10.6882888656,12.0303150326,-1
2011-01-14,8.0958317456,11.4357596867,1
2011-01-18,8.5565241432,9.8498916077,1
2011-01-19,9.8662719157,14.1185262484,0
2011-01-20,11.69895514,12.3421292011,0
2011-01-21,16.6014265704,17.5089960001,1
2011-01-24,10.4924875372,16.5005623907,1
2011-01-25,11.7230560808,9.340573215,0
2011-01-26,8.3464861888,13.2476119673,0
2011-01-27,6.3846656176,6.893705702,0
2011-01-28,11.1994948934,13.9810826335,-2
2011-01-31,10.3016459858,13.1718684476,1
2011-02-01,8.0089099278,11.8024471691,2
2011-02-02,12.2588623664,14.580528524,0
2011-02-03,13.6446229336,14.0949430651,1
2011-02-04,12.9770548743,17.9865146073,1
2011-02-07,16.4725998446,18.5131955906,1
2011-02-08,7.6344429202,11.6098395343,1
2011-02-09,8.3146781398,8.4010158823,0
2011-02-10,8.0113389175,13.7322956697,0
2011-02-11,11.5948956401,13.5513089609,1
2011-02-14,9.7896471989,15.8967874865,0
2011-02-15,9.1036926859,9.4732926448,-1
2011-02-16,5.8981832711,13.2113064769,1
2011-02-17,8.4283167924,13.8408441993,1
2011-02-18,10.131880317,14.4951373939,1
2011-02-22,9.0272805248,12.6371043013,-2
2011-02-23,10.3036030198,10.9553470104,-1
2011-02-24,6.8248452978,7.7984143017,-1
2011-02-25,9.233339639,10.3810722802,1
2011-02-28,11.836336993,16.9095709498,1
2011-03-01,10.2892257081,11.1215059165,-2
2011-03-02,11.0833844035,13.442013001,0
2011-03-03,12.6781097245,17.3349369916,2
2011-03-04,13.2464815741,11.449545632,-1
2011-03-07,7.1526427874,14.0360855472,-1
2011-03-08,8.4678749367,9.0461259011,1
2011-03-09,12.1390437179,18.2574583966,0
2011-03-10,9.7675658696,16.9346706398,-2
2011-03-11,7.0808766464,11.7380657046,1
2011-03-14,10.7559074697,15.0840179042,-1
2011-03-15,13.2612881635,20.9387207929,-1
2011-03-16,12.557590359,16.1850704129,-2
2011-03-17,14.6288460169,20.7447617367,2
2011-03-18,9.7522646841,15.4872284793,1
2011-03-21,8.828809943,12.2475223725,2
2011-03-22,6.2414713484,7.4318533075,-1
2011-03-23,13.103393163,15.779893611,1
2011-03-24,8.0270785372,14.3180280083,1
2011-03-25,9.1745435856,13.1636620784,1
2011-03-28,10.2575132855,15.0829951582,-1
2011-03-29,12.2171716606,18.5977357625,1
2011-03-30,8.744230258,9.7890770505,1
2011-03-31,9.6594935229,9.9917873136,-1
2011-04-01,8.2694601981,9.7299369807,1
2011-04-04,6.5781575507,9.7562851813,1
2011-04-05,8.5089231892,12.1534456338,0
2011-04-06,10.1768619912,12.5512162176,1
2011-04-07,11.8250621862,18.2524827215,-1
2011-04-08,9.7698671531,17.4511418011,-1
2011-04-11,7.604000441,12.595367945,0
2011-04-12,7.3114668756,8.4524318901,-1
2011-04-13,9.7954842287,16.679457222,0
2011-04-14,11.6922148213,15.5340632385,1
2011-04-15,9.2704465522,10.9808727921,1
2011-04-18,7.3642916703,10.0003035826,-1
2011-04-19,6.2820736861,8.872807809,1
2011-04-20,7.2510557691,10.3533676095,2
2011-04-21,6.8823706253,10.2367477249,1
2011-04-25,8.4370759959,13.5108593612,-1
2011-04-26,8.464192744,8.0736422012,1
2011-04-27,14.1948798902,18.315312974,1
2011-04-28,8.6811506321,9.3950369413,1
2011-04-29,9.8289163239,11.8776251046,1
2011-05-02,11.0670873346,10.2140829248,0
2011-05-03,9.202402869,15.2595362276,0
2011-05-04,8.1410317779,10.5770428234,-1
2011-05-05,6.8783530691,14.3883286072,-1
2011-05-06,8.9655542831,15.0610493673,1
2011-05-09,8.6569301823,14.8960565121,1
2011-05-10,12.2592869214,16.2464478102,1
2011-05-11,11.7482459534,17.3988276633,-1
2011-05-12,8.5099422808,12.1412439921,1
2011-05-13,13.3744365243,21.1479572035,-1
2011-05-16,10.930109229,15.7261915168,-1
2011-05-17,9.1031469971,12.0591684814,-1
2011-05-18,6.4590365431,14.6386305076,1
2011-05-19,11.4544737255,13.9935679695,1
2011-05-20,8.3234730662,11.2631119318,-1
2011-05-23,11.7265840102,14.2569669537,-1
2011-05-24,7.6581719056,15.7401743515,-1
2011-05-25,7.4175126502,9.693058781,1
2011-05-26,12.0003957726,16.1221143228,0
2011-05-27,12.4203636851,15.3435986969,1
2011-05-31,9.3870466231,14.257794566,1
2011-06-01,8.6121518467,10.6774614275,-2
2011-06-02,16.6880057417,21.0666040862,-1
2011-06-03,11.7496689925,17.8152806072,-1
2011-06-06,11.3089970562,11.4402324435,-1
2011-06-07,10.8582507396,11.0482636542,-1
2011-06-08,7.3471183361,10.5428201797,-1
2011-06-09,11.8966314862,13.1532414749,1
2011-06-10,8.6411025653,14.4302932446,-2
2011-06-13,10.912777748,13.9887079917,0
2011-06-14,10.9260763612,13.2673867641,1
2011-06-15,11.449399225,12.9739881419,-2
2011-06-16,13.1176448713,14.6687395476,1
2011-06-17,7.8077713012,9.2971661505,1
2011-06-20,9.5873019587,13.2377814383,1
2011-06-21,11.4058754008,15.8282133775,1
2011-06-22,8.2018225695,11.3765956277,-1
2011-06-23,7.0039694706,12.2395737734,-1
2011-06-24,13.5334626985,18.4633954403,-1
2011-06-27,11.1083961084,13.870935378,1
2011-06-28,13.7127400527,14.0338149534,2
2011-06-29,9.9653190511,13.9560043145,1
2011-06-30,8.2007978017,12.1436853902,2
2011-07-01,8.5230947283,11.7995796898,2
2011-07-05,7.5909015856,10.409699653,0
2011-07-06,8.1260245223,13.8309780837,1
2011-07-07,8.6795970626,10.6967923039,1
2011-07-08,14.0866265606,14.4708463441,-1
2011-07-11,15.0993725835,18.3022995108,-2
2011-07-12,8.8454000719,14.4080775842,-1
2011-07-13,11.3624145627,11.9245407331,1
2011-07-14,12.3263561934,15.4208540256,-1
2011-07-15,9.0219544834,8.9603120004,1
2011-07-18,10.5300416893,13.059589878,-1
2011-07-19,7.791476783,11.7652417027,2
2011-07-20,10.9451062949,11.052509201,0
2011-07-21,17.1129971076,15.65540856,2
2011-07-22,9.5672809228,11.9468225733,-1
2011-07-25,14.9927859315,16.5021482918,-1
2011-07-26,13.4149218789,16.289414666,-1
2011-07-27,13.2478278388,14.8317318376,-2
2011-07-28,8.8124727572,14.1663043169,-1
2011-07-29,9.4284842231,13.5924710314,-1
2011-08-01,7.7809173794,13.1783680408,0
2011-08-02,9.0902810708,14.2451498254,-2
2011-08-03,10.7358113086,12.4039782708,1
2011-08-04,9.770992178,13.5565876921,-2
2011-08-05,12.8487229762,16.2780544354,1
2011-08-08,11.3283043807,16.0763218716,-2
2011-08-09,9.9340105824,11.1995628409,2
2011-08-10,7.7051904052,11.4620559258,-2
2011-08-11,9.0686544684,17.6175869315,2
2011-08-12,10.9057544265,12.8873794538,1
2011-08-15,13.4494573967,14.4350398318,2
2011-08-16,6.3232090315,8.7254663814,-1
2011-08-17,6.5272054546,9.5643749681,1
2011-08-18,14.4196992917,15.1677157809,-2
2011-08-19,10.5509419639,12.691853236,-2
2011-08-22,11.2450982497,14.043789372,1
2011-08-23,6.6310206438,11.8669908011,2
2011-08-24,11.1372051959,15.200951568,2
2011-08-25,10.4942775607,14.08964643,-2
2011-08-26,8.9314066838,12.8275356352,1
2011-08-29,7.5137147422,10.8173886316,2
2011-08-30,9.5966307278,11.5546545814,1
2011-08-31,9.6176482965,8.5346185984,1
2011-09-01,10.0825280972,13.8384958317,-1
2011-09-02,13.9320137971,15.6496437488,-2
2011-09-06,7.2648550014,12.6836223951,-1
2011-09-07,11.8421805023,13.6331326739,2
2011-09-08,10.8298915161,10.8031162471,-1
2011-09-09,13.7410875634,20.8278837747,-2
2011-09-12,5.2444245206,9.4120974297,1
2011-09-13,9.677697925,9.8770862818,1
2011-09-14,13.517795185,17.7750347357,1
2011-09-15,9.6748973483,14.7950644348,2
2011-09-16,11.1392745667,18.8603930859,1
2011-09-19,12.8645957817,23.671281148,-1
2011-09-20,11.2221336204,13.3571208643,0
2011-09-21,10.0403219545,9.6244157554,-2
2011-09-22,8.3866685518,15.8015327408,-2
2011-09-23,13.8445334687,15.2365854854,1
2011-09-26,6.3951543368,8.0010629522,2
2011-09-27,14.3229091296,14.4522721749,2
2011-09-28,8.0308756868,12.1095247461,-2
2011-09-29,5.2211595332,12.0054429646,1
2011-09-30,14.6523405725,13.0644730821,-2
2011-10-03,10.3943151823,13.4424315005,-2
2011-10-04,9.5643282639,10.3935176193,2
2011-10-05,9.017096688,11.4368405339,1
2011-10-06,10.8854212594,11.8464352607,2
2011-10-07,9.9364894053,11.5825287972,-1
2011-10-10,13.2145707948,15.6934273243,2
2011-10-11,10.2191747173,15.6075582323,-1
2011-10-12,8.0348782452,7.9372543838,1
2011-10-13,14.989930432,15.6043856673,-1
2011-10-14,8.4066181255,14.4950108194,2
2011-10-17,9.6875599359,13.4980588383,-2
2011-10-18,10.4179585555,11.7789991565,2
2011-10-19,10.3466043437,17.7236128132,-1
2011-10-20,10.0288394308,11.9078709219,1
2011-10-21,15.7963403989,19.2353683867,2
2011-10-24,10.8904649419,16.5347249834,1
2011-10-25,10.5011135592,12.2928238358,-2
2011-10-26,10.6606660386,12.9996287597,2
2011-10-27,9.4634077766,13.8917444205,2
2011-10-28,8.9683601545,9.3222930558,1
2011-10-31,10.8216368491,20.9636185083,-2
2011-11-01,8.5608917137,9.4388473481,-2
2011-11-02,9.2066407925,7.550266412,2
2011-11-03,8.2860817349,9.78255449,2
2011-11-04,10.3431498298,15.3495255593,-1
2011-11-07,16.8127025239,15.605279311,1
2011-11-08,11.8205114524,17.6039183777,1
2011-11-09,9.9547613657,18.2983016214,-2
2011-11-10,12.6313593765,17.7766001085,1
2011-11-11,13.3992989914,14.0086373291,2
2011-11-14,14.2432062622,20.930807889,-1
2011-11-15,11.4885246501,13.7849878911,1
2011-11-16,9.4049334041,13.7226872024,-2
2011-11-17,12.8087090974,13.5799474423,-1
2011-11-18,15.4161738324,17.2172722352,1
2011-11-21,13.5960354812,20.2834779397,-2
2011-11-22,12.9926218628,16.6247086918,-1
2011-11-23,13.5571488935,13.3516401645,-2
2011-11-25,9.1002294876,9.335433234,-1
2011-11-28,10.2274362349,13.9732802808,2
2011-11-29,13.9862437099,14.9291937879,1
2011-11-30,12.5796957556,14.2603921671,2
2011-12-01,14.7813377073,16.5769008744,-1
2011-12-02,13.5609406052,17.1774227675,0
2011-12-05,10.2786451151,11.9602449238,1
2011-12-06,17.0439064559,18.9728868169,1
2011-12-07,15.7198722279,19.1475835648,1
2011-12-08,10.8602907947,12.3191738634,-2
2011-12-09,12.5284923704,15.4842526846,2
2011-12-12,14.3221750028,16.3792932943,-2
2011-12-13,13.7472205704,15.1277480576,-1
2011-12-14,9.7581524051,13.4658226548,-1
2011-12-15,14.8203863622,16.2792109805,1
2011-12-16,11.7138403948,12.911117435,0
2011-12-19,17.2469824204,21.6748217659,-1
2011-12-20,5.2307450244,7.2994910308,2
2011-12-21,14.5789930877,18.9458194875,0
2011-12-22,8.9046378744,12.1117564324,1
2011-12-23,13.739334616,15.5069858453,1
2011-12-27,12.5677216325,15.4626742111,0
2011-12-28,8.3054194992,12.6155634726,-1
2011-12-29,10.5679996646,16.3128766186,1
2011-12-30,11.6295974984,14.6041196117,-1
2012-01-03,13.4873318126,17.347414902,2
2012-01-04,12.0077746544,20.9120604681,1
2012-01-05,12.8641661336,12.1672611745,0
2012-01-06,11.0000828727,15.7037130536,-1
2012-01-09,14.2816984738,13.9642021813,1
2012-01-10,11.6514374473,13.7402482617,1
2012-01-11,9.7059721453,13.8371031032,0
2012-01-12,11.4453745873,13.6447947613,1
2012-01-13,8.9591326108,14.6178715247,-1
2012-01-17,11.0116573226,13.7902660763,1
2012-01-18,10.9167565608,13.8756535209,1
2012-01-19,9.8678407232,14.4364363069,1
2012-01-20,11.4355268338,13.6779368704,1
2012-01-23,12.1673040848,13.4320140414,0
2012-01-24,11.288411604,15.6313097105,-1
2012-01-25,9.0170680507,9.6530005881,1
2012-01-26,11.9158109346,14.9702927391,-1
2012-01-27,12.871195358,14.6901182783,-1
2012-01-30,12.0255292912,16.1635607432,0
2012-01-31,7.3659060528,10.9260354412,-1
2012-02-01,7.3510255367,9.9203352971,1
2012-02-02,10.5759025883,13.1488286952,0
2012-02-03,7.6670438453,7.3532327164,2
2012-02-06,14.433017583,16.8403424606,-1
2012-02-07,10.5077775375,16.2059868049,1
2012-02-08,13.0198064353,12.4640330441,1
2012-02-09,8.5561744729,12.7092232142,0
2012-02-10,10.1689181073,17.4823185563,-1
2012-02-13,13.4329705637,15.3312474663,1
2012-02-14,8.0414613517,11.458018722,0
2012-02-15,14.3577278064,15.7985080426,-1
2012-02-16,7.6614783829,10.816302532,1
2012-02-17,8.9795658896,11.5119867079,1
2012-02-21,11.3576142272,19.1558508482,1
2012-02-22,12.1150557009,19.611942038,-1
2012-02-23,5.8440291167,6.9936594845,1
2012-02-24,8.0261766659,10.3678186211,0
2012-02-27,12.6933499883,13.3587962576,0
2012-02-28,11.6823837842,18.9906264967,1
2012-02-29,7.4898915777,13.3964727481,-1
2012-03-01,12.2984933367,17.8016930782,1
2012-03-02,12.3901223008,17.5272799051,0
2012-03-05,14.0570137087,18.4180081378,-1
2012-03-06,13.2341496957,18.3029150222,-2
2012-03-07,6.7089494792,9.4472702362,1
2012-03-08,15.3396058382,14.1438964948,1
2012-03-09,10.5079255879,13.9624594269,0
2012-03-12,9.3447493849,14.4303981381,1
2012-03-13,10.5872460295,9.711987524,2
2012-03-14,7.8061024392,12.2795344933,1
2012-03-15,12.7609184438,14.3469403164,1
2012-03-16,14.9494300955,14.0989151118,-1
2012-03-19,13.2056273286,14.7347802826,0
2012-03-20,13.187924433,11.4488294647,-1
2012-03-21,11.7106299781,11.1943090646,-1
2012-03-22,11.7760445143,11.2757517083,-1
2012-03-23,10.0672217704,13.9093321917,1
2012-03-26,9.3786341929,9.2981143938,2
2012-03-27,12.8356272997,11.5871182365,-1
2012-03-28,15.476948663,14.816776773,-1
2012-03-29,14.5672511471,14.1216557068,1
2012-03-30,8.2802399788,11.5213814227,1
2012-04-02,9.9807330372,11.9115043247,1
2012-04-03,11.0963086734,12.0262159324,-1
2012-04-04,10.6028168529,12.7865772685,-1
2012-04-05,11.1877319888,15.5678808714,0
2012-04-09,9.7143673229,9.8360698011,-1
2012-04-10,11.5776014263,12.7636204527,-2
2012-04-11,8.7389459484,9.8718686176,1
2012-04-12,11.1466721498,14.4706737566,2
2012-04-13,11.5681618171,16.3526425493,-1
2012-04-16,10.3523336305,12.1620910397,1
2012-04-17,16.2538787231,16.9601844794,2
2012-04-18,8.1349059711,14.3455944179,-1
2012-04-19,8.2923308947,9.6752108225,-1
2012-04-20,10.9302912451,15.7881945535,1
2012-04-23,16.2965129258,20.3268196473,-1
2012-04-24,10.136712824,12.641863254,1
2012-04-25,12.612076035,14.3990902878,1
2012-04-26,7.5160389712,9.0380536156,1
2012-04-27,13.2495660935,11.9619377057,1
2012-04-30,8.0788386654,12.1512825104,-1
2012-05-01,7.3333625332,11.6639680203,1
2012-05-02,11.5055856581,15.4505854335,0
2012-05-03,13.0085355638,13.5639719757,-1
2012-05-04,12.4765646567,18.1684494961,-2
2012-05-07,12.1462603184,16.4779897939,-1
2012-05-08,8.988064979,8.510747138,-1
2012-05-09,9.1399376233,13.1616961757,-1
2012-05-10,11.2894772077,9.5056862545,1
2012-05-11,13.6699918443,18.8572084676,-1
2012-05-14,14.5840650314,18.583495439,-1
2012-05-15,12.9895867175,19.5320938318,-1
2012-05-16,10.6952122106,14.0580823065,-1
2012-05-17,11.5413867501,15.2884703797,-2
2012-05-18,8.3241825979,16.3288569415,-1
2012-05-21,7.4959062344,10.4906979158,1
2012-05-22,10.8961185448,18.8363624883,0
2012-05-23,10.3361980459,16.4528038069,0
2012-05-24,12.9524311789,14.3096921454,1
2012-05-25,12.4037685901,15.9273413553,-1
2012-05-29,9.396135826,8.805365344,1
2012-05-30,12.0549876941,11.5102280991,-2
2012-05-31,9.587335728,11.9770777997,-1
2012-06-01,6.7472206035,9.2010377796,-2
2012-06-04,13.0662449821,16.4711504641,-1
2012-06-05,8.8634893829,8.4688845766,1
2012-06-06,9.5197611758,10.9523103654,2
2012-06-07,13.6159938668,18.0240181521,1
2012-06-08,11.6885942571,16.3604688952,1
2012-06-11,10.645178093,13.1732031273,-2
2012-06-12,12.8047680713,11.4675383513,2
2012-06-13,7.6491024094,8.6420204646,-1
2012-06-14,10.6765089366,11.2147346305,2
2012-06-15,11.5490992792,11.1366101822,1
2012-06-18,12.5719458055,15.0567551831,-1
2012-06-19,10.585737238,11.4329926814,1
2012-06-20,9.8028602264,12.3716506297,0
2012-06-21,12.6374868193,11.1608558477,-2
2012-06-22,15.9782783448,18.5198583088,1
2012-06-25,10.5867113198,16.3532187483,-1
2012-06-26,11.8739863371,14.3344573689,1
2012-06-27,12.3805511335,20.0559943106,1
2012-06-28,10.4379983768,11.8839682649,-1
2012-06-29,9.5362122425,11.4755556564,2
2012-07-02,10.0067999133,10.5363194257,0
2012-07-03,12.0868302879,12.1050493794,1
2012-07-05,9.5789369738,10.5419788196,-1
2012-07-06,9.0362425089,13.9567799086,-1
2012-07-09,11.5417699887,13.7434251378,-1
2012-07-10,12.5405549021,16.6663775508,-1
2012-07-11,10.0501029633,11.5149040937,-1
2012-07-12,7.8032210936,12.0756924545,-1
2012-07-13,9.6074622489,13.3886411946,2
2012-07-16,9.5341686398,13.4442630796,-1
2012-07-17,8.7675140395,17.3666380328,1
2012-07-18,7.7826094082,13.6033190048,1
2012-07-19,8.679482058,12.0602290785,1
2012-07-20,9.0093176521,13.9625967496,-1
2012-07-23,8.3574045094,16.4310514791,-1
2012-07-24,13.2687228123,14.6589114687,-1
2012-07-25,11.6500730978,17.0002190609,1
2012-07-26,10.160515807,9.7296233346,2
2012-07-27,10.0739492534,20.1489371943,2
2012-07-30,12.8893665264,19.121659624,0
2012-07-31,14.7931097604,14.5134083796,-1
2012-08-01,13.4440921343,15.7553513848,-1
2012-08-02,10.1701914009,12.7265388092,-1
2012-08-03,12.0850365038,15.553127528,2
2012-08-06,7.9485848454,15.5515927411,1
2012-08-07,14.0264765103,16.7772796155,1
2012-08-08,11.1817040486,10.533916637,1
2012-08-09,8.3859953567,12.9028929237,0
2012-08-10,14.1213242116,17.0823807743,1
2012-08-13,9.3594226439,13.6557660696,-1
2012-08-14,8.3133108836,11.5724558824,0
2012-08-15,10.5092465292,16.3602181696,0
2012-08-16,10.745729375,14.3934486798,1
2012-08-17,6.8526470222,11.4941236873,1
2012-08-20,9.3010816079,14.4360866396,0
2012-08-21,11.8208304756,16.7177327392,-1
2012-08-22,9.0110572158,14.9500844914,-1
2012-08-23,11.3377215907,16.5434646524,-1
2012-08-24,14.6903339134,14.2144693503,1
2012-08-27,11.7326803714,15.6577814455,-1
2012-08-28,10.5253322821,16.7741739129,-1
2012-08-29,10.6246927697,16.8269634623,0
2012-08-30,12.4830908318,13.2139384257,-1
2012-08-31,11.1259518349,15.6857369622,1
2012-09-04,6.9767515153,9.7890157726,-1
2012-09-05,11.0381024753,11.6637247674,0
2012-09-06,9.0917861534,14.7108446241,2
2012-09-07,9.9139347186,16.7987683613,1
2012-09-10,10.7523391336,13.5369352783,-1
2012-09-11,12.2424392631,15.6341868455,1
2012-09-12,10.8204530917,14.1191310895,0
2012-09-13,8.9639996396,9.6817358543,2
2012-09-14,9.1766168644,11.0485549195,1
2012-09-17,6.3539687229,10.2798263709,-1
2012-09-18,7.771662548,10.3791335524,0
2012-09-19,12.1767643229,11.2930033882,0
2012-09-20,9.7713595127,13.1136820587,1
2012-09-21,11.782783574,12.1884800344,-1
2012-09-24,14.7954951166,17.3657924338,-1
2012-09-25,8.9632732141,13.0882990994,-1
2012-09-26,11.0255917111,12.7733630107,-1
2012-09-27,8.9882530868,13.2376739223,1
2012-09-28,13.416460196,13.1914895207,-1
2012-10-01,12.6442642513,15.3317960937,1
2012-10-02,12.5610995664,17.311153647,-1
2012-10-03,10.304838049,18.2258757896,1
2012-10-04,9.2231962526,11.2517698189,1
2012-10-05,6.7289151634,11.8292088521,1
2012-10-08,12.5608835794,14.0010306611,0
2012-10-09,10.9859989663,10.920113669,-1
2012-10-10,12.5402446337,12.8271339552,-1
2012-10-11,9.2331061221,15.1849667295,-1
2012-10-12,11.6542585732,18.0599568499,0
2012-10-15,11.9612276362,14.0643561472,1
2012-10-16,11.8280770364,13.5008040573,1
2012-10-17,13.5879765257,16.9130848703,1
2012-10-18,11.5976212289,21.3999500669,0
2012-10-19,14.3039858869,19.4912911249,-2
2012-10-22,10.611063318,12.9614039135,0
2012-10-23,12.3760476548,15.5505953219,-2
2012-10-24,7.1523103159,12.5174427981,-1
2012-10-25,7.584805515,11.6938791414,1
2012-10-26,10.3203828367,13.0023551363,0
2012-10-31,16.0091574082,15.0416146936,0
2012-11-01,9.5635395671,12.4942640549,1
2012-11-02,10.1382250631,17.549420852,-1
2012-11-05,12.3347835669,20.392189052,1
2012-11-06,10.8354891011,15.530957939,1
2012-11-07,12.7394948073,11.3178017974,-2
2012-11-08,10.7357925131,12.533012194,-1
2012-11-09,10.8199261769,12.4722552473,0
2012-11-12,15.3386281582,17.8822266464,0
2012-11-13,11.9419380547,15.4119960573,-1
2012-11-14,9.9555157429,13.7638822562,-2
2012-11-15,7.9927743538,8.4692285429,-1
2012-11-16,10.6587335369,16.1084631553,1
2012-11-19,8.589165015,9.9581420031,2
2012-11-20,13.838581713,22.7511952851,0
2012-11-21,8.5024047225,14.1389538947,1
2012-11-23,13.1250180178,15.055135727,2
2012-11-26,11.3720890978,13.4830313952,-1
2012-11-27,13.8526916555,15.6241287837,-1
2012-11-28,14.3127331439,14.466078727,1
2012-11-29,8.25597336,12.8228882494,1
2012-11-30,16.035713298,17.3915700732,0
2012-12-03,13.2658268225,12.7920961388,-1
2012-12-04,10.2841642588,11.6895191713,-1
2012-12-05,9.0487017294,10.6108536822,1
2012-12-06,11.1867524715,15.281191658,1
2012-12-07,10.8825015875,14.5834863122,1
2012-12-10,11.2786803569,17.6310559085,1
2012-12-11,6.4115771931,12.0980347205,1
2012-12-12,10.757670989,12.5546668938,0
2012-12-13,8.3960799016,6.4863803908,-1
2012-12-14,12.5234809521,15.0065049756,-1
2012-12-17,15.7003937522,14.3968361539,1
2012-12-18,10.9130642234,16.7527430494,1
2012-12-19,6.1959661492,10.1802664618,-1
2012-12-20,13.1665985362,19.6533413033,1
2012-12-21,9.2009704377,12.6759178062,-1
2012-12-24,17.32129001,17.7671649994,-1
2012-12-26,10.9904928163,15.9870724495,-1
2012-12-27,13.8154030911,18.938840735,-1
2012-12-28,9.0104939995,10.3763857939,-2
2012-12-31,9.2631342682,12.6962441394,2
2013-01-02,8.1792872543,13.0657959722,2
2013-01-03,8.4194217212,12.858978454,-1
2013-01-04,8.5146759695,7.628513378,1
2013-01-07,10.1145524556,14.4038278122,-1
2013-01-08,9.0507221553,13.8504741552,-1
2013-01-09,7.7861504285,13.6439551454,1
2013-01-10,10.2505224253,15.06427049,1
2013-01-11,14.7265821999,19.7697479679,1
2013-01-14,11.8603710231,11.2570882432,1
2013-01-15,10.7469570948,14.1158794199,1
2013-01-16,9.1451307395,14.998777421,-1
2013-01-17,12.8065942772,11.4351893352,1
2013-01-18,5.192803512,6.0593118758,1
2013-01-22,8.9339789902,8.3278284288,1
2013-01-23,11.3722379132,12.3363053001,1
2013-01-24,8.9132734954,11.9878849656,1
2013-01-25,10.5444309587,14.7512424572,1
2013-01-28,9.5858303201,11.1907317369,0
2013-01-29,12.9442980349,14.6485072387,1
2013-01-30,13.0720792307,12.9286426738,-1
2013-01-31,14.3429558779,17.1976430285,-1
2013-02-01,13.698128403,14.7707630469,2
2013-02-04,10.0093900273,15.5606312976,-1
2013-02-05,8.0740180069,9.6363561566,1
2013-02-06,11.8693071535,12.116026217,0
2013-02-07,10.0249072756,14.5330042649,-1
2013-02-08,13.0022179112,12.0823566876,1
2013-02-11,8.9053762496,10.0719639259,-1
2013-02-12,13.7374405836,16.0938770393,1
2013-02-13,15.3965934331,16.6954498439,-1
2013-02-14,10.8305321908,14.0392027531,0
2013-02-15,8.3319438228,10.2971892011,0
2013-02-19,7.5934719692,12.4013228091,1
2013-02-20,8.9994811027,8.6336842076,-1
2013-02-21,11.1256498553,15.1226719369,-1
2013-02-22,12.2240384976,17.2822069184,1
2013-02-25,13.9141175211,15.5022087802,-2
2013-02-26,9.2220263101,10.3055957033,1
2013-02-27,12.7066425528,11.1626248099,2
2013-02-28,13.743093145,19.1461040272,-1
2013-03-01,8.4415180607,10.5992606475,1
2013-03-04,13.8076752596,13.6737147874,1
2013-03-05,7.2563699413,9.0604966899,1
2013-03-06,12.0930107163,17.8707073177,1
2013-03-07,7.7958001495,12.5557748167,1
2013-03-08,9.2960757945,13.2827373971,1
2013-03-11,12.7703375588,16.3955937906,1
2013-03-12,8.496390735,14.8258592935,0
2013-03-13,12.0070158439,16.306251486,0
2013-03-14,12.2739449994,16.1666927282,1
2013-03-15,13.3780931052,10.4765587863,-1
2013-03-18,7.5569338688,12.1507723853,-1
2013-03-19,9.4527221134,11.5591656602,0
2013-03-20,9.0811717319,10.6586339913,1
2013-03-21,8.6287132784,12.9200577637,-1
2013-03-22,12.4720186006,14.332576825,1
2013-03-25,9.3870113547,11.4848169192,-1
2013-03-26,10.1501946943,16.1094457294,1
2013-03-27,9.6349586002,16.3626334829,-1
2013-03-28,12.6862377414,13.2726722004,1
2013-04-01,9.7273455999,13.9225323355,0
2013-04-02,12.3140722546,12.3963767171,1
2013-04-03,9.0275725928,12.9953024412,-1
2013-04-04,6.3839506716,14.1396848796,1
2013-04-05,8.978102276,15.6840202443,-1
2013-04-08,9.3684582881,20.4689353584,1
2013-04-09,7.592449651,9.5281905747,1
2013-04-10,9.3173589054,11.2841148435,1
2013-04-11,6.9733349707,8.8162593872,1
2013-04-12,11.108659449,11.8435084938,0
2013-04-15,13.8203495955,16.174883032,-2
2013-04-16,11.3333910022,14.4478320186,2
2013-04-17,8.0423148992,17.6024597438,-1
2013-04-18,8.8630921492,12.7892711205,-1
2013-04-19,10.4886804048,11.0167119051,0
2013-04-22,9.4639815068,10.7225089657,1
2013-04-23,7.5801335096,10.7849901335,2
2013-04-24,8.3325587864,12.6817639842,-1
2013-04-25,12.9334268106,19.8742583669,1
2013-04-26,9.814956242,14.2690717734,0
2013-04-29,9.0621725136,13.3751009537,1
2013-04-30,10.8633589514,14.4878762801,1
2013-05-01,6.8608339378,7.1456034989,-1
2013-05-02,9.2807513723,13.3773521572,1
2013-05-03,11.5636078815,12.3460127644,2
2013-05-06,8.3243118437,11.5401226345,0
2013-05-07,14.3521327104,20.4279371998,1
2013-05-08,10.3384421228,14.7055265468,1
2013-05-09,7.2640445657,10.5629137868,-1
2013-05-10,9.2561684934,10.1740390017,1
2013-05-13,9.0286587203,10.6030250912,-1
2013-05-14,10.9399037722,15.5686406924,1
2013-05-15,10.7411786581,12.0888186847,1
2013-05-16,11.1091229991,13.0786315854,-1
2013-05-17,11.9216579865,14.7586589987,1
2013-05-20,10.7620504324,14.2815505043,0
2013-05-21,11.9458868824,9.275851958,1
2013-05-22,11.8393115967,11.5592805263,-1
2013-05-23,12.7484473624,15.873816999,0
2013-05-24,11.5570668249,11.7871081869,0
2013-05-28,11.0925327991,14.7673846373,1
2013-05-29,10.6944685851,19.2727856024,-1
2013-05-30,10.6801786352,13.513329343,1
2013-05-31,13.6628034318,17.40698081,-2
2013-06-03,9.1886876553,11.5587168384,1
2013-06-04,11.5585373304,17.1266832116,-1
2013-06-05,9.0389939686,8.1507890437,-2
2013-06-06,9.7253787529,9.4819704492,1
2013-06-07,10.7636684961,9.8580683884,2
2013-06-10,10.0547947113,12.1983890069,0
2013-06-11,12.9749552739,11.5111446786,-1
2013-06-12,14.1706044534,13.8826411341,-1
2013-06-13,8.6247552752,14.4619381433,2
2013-06-14,10.4648053238,14.2634454707,-1
2013-06-17,7.2517858608,10.2335351642,1
2013-06-18,13.5547948516,15.6237273806,1
2013-06-19,9.907708839,15.3066515188,-2
2013-06-20,10.9419807603,15.1252183758,-2
2013-06-21,14.0048329224,17.7667752489,1
2013-06-24,14.7923451441,17.4797413079,-1
2013-06-25,10.2768262342,12.1176104361,1
2013-06-26,12.859525817,19.414904584,1
2013-06-27,11.9402540886,16.78963615,1
2013-06-28,12.0656439147,15.1762639714,-1
2013-07-01,11.7658310989,12.8178590494,1
2013-07-02,8.6657939533,9.6262736773,-1
2013-07-03,14.1684367182,18.0617402856,1
2013-07-05,10.4660484609,14.4611019495,1
2013-07-08,8.7388537423,11.2605670677,1
2013-07-09,9.4897312275,8.9685596804,1
2013-07-10,11.575166841,14.0846674364,0
2013-07-11,8.8149416801,11.3275202085,2
2013-07-12,8.6464320402,11.4874151176,0
2013-07-15,13.2832849853,18.3610968721,1
2013-07-16,13.4052366247,12.5786656601,-1
2013-07-17,7.5927542066,10.4247453962,0
2013-07-18,9.5568817202,14.3453375409,1
2013-07-19,15.8710840951,17.8180503572,1
2013-07-22,12.0512772924,13.8655305725,0
2013-07-23,13.190287821,15.0568551604,1
2013-07-24,8.6813616488,13.41542724,-1
2013-07-25,9.6764925393,13.7204289478,1
2013-07-26,14.8425628445,18.6698137735,0
2013-07-29,12.880382024,18.5653669043,-1
2013-07-30,12.344882391,20.5074950673,0
2013-07-31,9.8920706208,16.0999921888,-1
2013-08-01,15.3229482723,18.1484783971,1
2013-08-02,11.3045205152,11.037688031,1
2013-08-05,12.6480366778,12.7050733534,-1
2013-08-06,10.4812772057,12.3428195893,-1
2013-08-07,12.4149761074,13.3340709678,-1
2013-08-08,11.987329539,12.9252866349,1
2013-08-09,10.8903183641,14.8240192194,-1
2013-08-12,11.5806965357,12.7929900419,0
2013-08-13,12.1343777858,14.6998203758,1
2013-08-14,12.5766828836,16.1066016218,-1
2013-08-15,10.1032418914,13.2160490143,-2
2013-08-16,10.4117920741,12.9423429541,-1
2013-08-19,9.4560939061,15.5949435573,-1
2013-08-20,10.955709977,12.9915973603,0
2013-08-21,12.7367603264,15.9829706752,-1
2013-08-22,8.8753233063,16.1265929385,1
2013-08-23,16.0595952707,19.3394388458,1
2013-08-26,12.2536565905,13.8718885909,-1
2013-08-27,11.4913049753,18.1717170738,-2
2013-08-28,7.4106508807,9.9808259118,1
2013-08-29,8.2127883221,11.8437749871,1
2013-08-30,16.358961701,19.5229902109,-1
2013-09-03,9.4118876623,13.9472017195,1
2013-09-04,8.6168190674,9.2449521067,1
2013-09-05,11.5054850847,15.6369448225,0
2013-09-06,10.2928209584,12.3150956474,-1
2013-09-09,12.1745573354,14.3637905541,1
2013-09-10,9.0072701475,10.7850904075,1
2013-09-11,8.5992667693,13.122940002,1
2013-09-12,15.2805802238,16.6460965132,-1
2013-09-13,8.4236989845,8.4040192914,1
2013-09-16,15.5733622718,14.9398964825,1
2013-09-17,10.4923537444,9.8484696322,1
2013-09-18,9.6931548289,18.1356027381,2
2013-09-19,9.8236485043,12.7790880097,-1
2013-09-20,13.6917078962,17.2590268922,-2
2013-09-23,13.0253190058,15.1212504422,-1
2013-09-24,9.0043092197,12.127455661,-1
2013-09-25,9.5316255453,13.2347282626,-1
2013-09-26,11.5332605592,17.6281710508,1
2013-09-27,9.0637706243,9.5044366612,-1
2013-09-30,15.0060143246,13.7972276564,-1
2013-10-01,9.0496696358,10.6182734628,1
2013-10-02,7.3780696734,10.4271014321,-1
2013-10-03,9.6898989313,12.549573629,-1
2013-10-04,7.4528202961,11.6090830799,1
2013-10-07,10.614211948,11.7851098348,-1
2013-10-08,13.5190465762,16.3370212456,-2
2013-10-09,10.3385412242,10.9244565269,1
2013-10-10,11.8182781595,16.1407696133,2
2013-10-11,9.1527397845,8.890091172,1
2013-10-14,11.4577311456,17.0232289423,1
2013-10-15,15.0699286341,13.7494224597,-1
2013-10-16,11.1661961855,11.2798806102,2
2013-10-17,10.1887580439,10.6752283459,0
2013-10-18,10.0974139656,16.983369903,1
2013-10-21,19.6450152915,23.6313426734,0
2013-10-22,10.7456785582,13.0320274516,1
2013-10-23,10.5906820794,14.7993577832,-1
2013-10-24,11.9049396509,12.1045199439,1
2013-10-25,15.1463804702,16.359114052,1
2013-10-28,7.0381395115,9.2245871875,0
2013-10-29,10.5893001579,11.3182491906,1
2013-10-30,10.2201468512,11.7111096083,-1
2013-10-31,10.1282109133,12.3295209714,-1
2013-11-01,13.8020808711,19.9602709669,1
2013-11-04,10.5353021795,9.7385712281,1
2013-11-05,9.2134993146,13.1114821759,0
2013-11-06,8.8642401765,13.0433869464,1
2013-11-07,10.4972901565,16.8700882893,-2
2013-11-08,13.2609875653,16.5780576272,2
2013-11-11,12.4134996778,13.5814838984,1
2013-11-12,13.7492830126,11.2703077186,-1
2013-11-13,11.1995764861,15.4318251426,1
2013-11-14,12.29088183,13.2442942983,1
2013-11-15,8.762584549,11.6606106913,1
2013-11-18,12.7811679249,16.2567569203,0
2013-11-19,9.0996945769,15.268436376,0
2013-11-20,10.7492405762,15.8930201013,-1
2013-11-21,16.0446494483,10.9648259286,1
2013-11-22,14.4209595847,14.7517370519,1
2013-11-25,12.4303206807,15.0794044243,0
2013-11-26,10.9953709495,14.5574395907,0
2013-11-27,14.6437272268,17.3597721784,1
2013-11-29,11.4267293787,13.7678547435,-1
2013-12-02,12.5304367787,14.5813151983,-1
2013-12-03,10.8426836327,13.8859587207,-1
2013-12-04,11.5815795162,13.8543932644,-1
2013-12-05,8.9550934644,14.6931659068,-1
2013-12-06,10.0254629579,12.7876435877,2
2013-12-09,10.5789015514,10.7617699556,0
2013-12-10,8.062811324,11.5808894265,-1
2013-12-11,11.1463441806,11.9089020139,-1
2013-12-12,11.1671648022,11.7605108514,-1
2013-12-13,10.8039360247,11.6113638739,0
2013-12-16,13.201728635,14.5574680229,1
2013-12-17,11.600137956,14.5164405343,0
2013-12-18,16.2978534154,15.9707665517,2
2013-12-19,12.4711311896,13.9592281383,1
2013-12-20,11.4059561051,14.041644839,1
2013-12-23,11.7016212793,12.0277010973,1
2013-12-24,13.7425293414,15.6638580914,1
2013-12-26,9.7330459617,12.5474690409,1
2013-12-27,10.9303681692,14.508230282,0
2013-12-30,8.5165153795,9.8210212216,1
2013-12-31,8.6916479905,12.8530636194,1
2014-01-02,11.6881720909,13.8627338398,-1
2014-01-03,11.9996714951,16.5171434463,0
2014-01-06,9.7673602853,15.002153189,-1
2014-01-07,9.2930782018,14.8952717013,1
2014-01-08,7.896566427,10.7521381579,-1
2014-01-09,14.3058098255,18.1936017742,-1
2014-01-10,9.9512510796,12.0669751955,-1
2014-01-13,9.2409663917,12.6478875565,-2
2014-01-14,14.0802502922,15.4190821835,1
2014-01-15,10.3477177892,13.3816712852,1
2014-01-16,7.580742885,13.526505753,-1
2014-01-17,9.8474243135,11.9432967611,1
2014-01-21,10.5062292526,13.524376536,-1
2014-01-22,8.7787707695,12.4128228384,-1
2014-01-23,12.5561787736,13.0894214448,-2
2014-01-24,9.3189239861,11.4975215246,-2
2014-01-27,7.4285965056,9.1106020001,-1
2014-01-28,11.838751613,15.2230874854,1
2014-01-29,13.3554316926,15.4968532672,-2
2014-01-30,9.5587440526,15.47669549,1
2014-01-31,9.6213272594,14.8256982275,-2
2014-02-03,10.2693809587,10.13716875,-2
2014-02-04,13.1797438192,17.7876251139,1
2014-02-05,13.604088394,13.8558470161,0
2014-02-06,12.8244733531,10.486097653,2
2014-02-07,12.2336694209,16.6550442266,2
2014-02-10,11.7382608131,14.564020873,0
2014-02-11,9.5112965768,14.0595091444,2
2014-02-12,10.1953698694,13.1456466063,-1
2014-02-13,13.9820783202,20.2733004754,1
2014-02-14,11.3629051623,14.0999443532,1
2014-02-18,13.5416767205,16.4222133055,-1
2014-02-19,9.6000679565,16.116803737,-1
2014-02-20,7.410325733,9.0296895048,1
2014-02-21,11.0593957778,17.6545929788,-1
2014-02-24,5.9272883054,5.9448537202,1
2014-02-25,9.6076614726,10.1396619026,-1
2014-02-26,9.4021840832,10.6637926883,1
2014-02-27,11.2162259354,16.7954691581,1
2014-02-28,8.8401916045,10.8626355468,1
2014-03-03,7.6493150567,11.8378630222,-2
2014-03-04,8.1781785347,12.2170741737,2
2014-03-05,8.04222662,14.1912636387,-1
2014-03-06,10.3339514232,16.2700739576,1
2014-03-07,10.0227849301,13.7635236844,1
2014-03-10,8.4270454525,14.1680897228,-1
2014-03-11,7.4359090562,12.1251472827,-1
2014-03-12,7.7876703412,16.6720047981,0
2014-03-13,8.6797832814,13.9630623483,-2
2014-03-14,9.8371877394,11.0545715905,-1
2014-03-17,10.6519231222,13.9718534912,2
2014-03-18,6.6287541058,9.5933257553,1
2014-03-19,10.226956072,9.3848531073,-1
2014-03-20,9.5580566456,15.1503173837,1
2014-03-21,15.3273255045,13.9025361593,-1
2014-03-24,6.7083307613,10.5491200678,-1
2014-03-25,5.5487878501,8.5250590203,1
2014-03-26,8.3688481339,13.6202507064,-1
2014-03-27,10.261521786,16.000332525,0
2014-03-28,12.144019333,13.9373529178,1
2014-03-31,10.6274205997,16.1432841101,1
2014-04-01,5.8883138662,7.7117723586,1
2014-04-02,8.4628145409,11.2792763719,1
2014-04-03,13.9316646151,18.8532260039,0
2014-04-04,9.2132517884,11.1866494616,-2
2014-04-07,11.6478410802,12.0535165307,-2
2014-04-08,7.2508424387,9.1729943614,0
2014-04-09,9.0986863429,15.7565960025,2
2014-04-10,6.8633184615,13.7677689775,-2
2014-04-11,13.0034958824,17.7748668803,-2
2014-04-14,10.8976392888,10.0590795321,2
2014-04-15,10.4217589742,12.3992720272,1
2014-04-16,7.2437385061,10.8620434578,2
2014-04-17,8.002014883,10.9510908864,-1
2014-04-21,11.1345263067,14.8565306239,1
2014-04-22,12.0313331853,18.0181455761,1
2014-04-23,7.5570004931,12.0059651089,0
2014-04-24,8.5519193028,11.8610709367,0
2014-04-25,8.0550587423,10.5111597553,-2
2014-04-28,12.3064920438,13.7233726149,1
2014-04-29,6.9676687517,9.888661028,1
2014-04-30,7.9461595696,12.2393804113,1
2014-05-01,9.1216097085,13.3204771279,-1
2014-05-02,9.2508656945,15.3737661748,-1
2014-05-05,8.3295087934,13.6255020021,1
2014-05-06,8.3611828252,10.6470809437,-1
2014-05-07,11.932557409,15.7634263238,1
2014-05-08,8.3249524181,12.0661252064,1
2014-05-09,5.7292792277,8.789076477,1
2014-05-12,5.6793684264,6.5368715775,1
2014-05-13,7.8919290201,10.8822227541,1
2014-05-14,10.0838912508,10.3711093912,-1
2014-05-15,10.1965458357,13.2528931648,-2
2014-05-16,13.6536245565,12.6367214602,1
2014-05-19,10.8188213464,14.1440063244,1
2014-05-20,11.1102976165,12.9028105254,-1
2014-05-21,11.5629798389,12.266725689,2
2014-05-22,9.3390502364,14.177924651,0
2014-05-23,11.0958871891,18.6946335767,1
2014-05-27,8.618769194,10.8664898888,1
2014-05-28,10.3676273374,12.6441149354,-1
2014-05-29,8.077593927,11.7833512536,1
2014-05-30,9.0299798351,9.1933405467,1
2014-06-02,8.7459992448,11.0802614278,1
2014-06-03,7.1918119855,10.1517855018,-1
2014-06-04,13.8728557331,15.150730714,1
2014-06-05,10.4220159045,13.0415415484,1
2014-06-06,10.1303012695,15.6195365414,1
2014-06-09,9.7701575776,13.8007281249,1
2014-06-10,10.9981721423,15.361785357,0
2014-06-11,7.4494728561,11.0109139809,-1
2014-06-12,8.7075976488,10.5466437958,-1
2014-06-13,13.5979235925,11.5220937066,1
2014-06-16,11.539577771,13.8878819543,1
2014-06-17,9.2296271918,13.6899544624,1
2014-06-18,8.8302593911,8.5475559499,1
2014-06-19,11.2906435842,16.5824886869,0
2014-06-20,13.073682472,16.2891837431,1
2014-06-23,9.3369159877,13.4874434729,0
2014-06-24,8.4196218286,9.997328224,-1
2014-06-25,6.8967086286,11.7749582026,1
2014-06-26,12.7308362815,14.9530435666,-1
2014-06-27,10.2495004442,13.8651441011,0
2014-06-30,11.4183991164,15.2401045516,-1
2014-07-01,10.8895992049,12.9807398257,1
2014-07-02,8.792987545,11.6366184487,1
2014-07-03,6.7541169126,9.0957072543,1
2014-07-07,9.3352566735,11.1475385184,-1
2014-07-08,7.9242011764,11.005762097,-1
2014-07-09,9.9035937079,12.4448049651,1
2014-07-10,7.0152236172,8.2651467125,-1
2014-07-11,12.1274788141,12.1480597914,1
2014-07-14,9.7303746622,11.672991786,1
2014-07-15,9.2453290679,9.6053382199,0
2014-07-16,9.5351630569,10.0056512813,1
2014-07-17,7.4353973912,10.7968143425,-2
2014-07-18,7.4846808597,8.8078545108,1
2014-07-21,9.0945472839,14.3023466211,-1
2014-07-22,8.9458792634,13.382593294,1
2014-07-23,8.3444779896,13.2233100284,-1
2014-07-24,6.4547332008,16.0701664808,0
2014-07-25,9.9042910867,11.0277233043,-1
2014-07-28,8.5957058977,13.0677581004,1
2014-07-29,9.2754561027,9.4743372725,-1
2014-07-30,10.4018078242,14.7908188425,-1
2014-07-31,7.5531608294,16.0542868438,-2
2014-08-01,8.1928202003,11.6084687262,-1
2014-08-04,11.181536459,18.4828515605,1
2014-08-05,8.0569137805,12.6158573687,-1
2014-08-06,10.0731587014,8.8283001817,1
2014-08-07,7.8521833083,10.4934953241,-1
2014-08-08,6.5465436303,5.9999923211,2
2014-08-11,5.9567305807,8.827063946,0
2014-08-12,8.7002845909,14.4634294196,0
2014-08-13,7.5818944597,11.364251998,1
2014-08-14,8.6023582444,10.167564278,1
2014-08-15,10.7944693829,13.0063175005,-1
2014-08-18,7.441191741,10.8770103856,2
2014-08-19,10.7513597159,13.9523175714,1
2014-08-20,10.0061544058,9.9614296778,1
2014-08-21,7.6364852445,11.1220372845,1
2014-08-22,7.5920365427,14.5356062226,-1
2014-08-25,3.5332706402,8.075085762,1
2014-08-26,8.6546578438,11.8630845695,1
2014-08-27,9.4115212656,11.0665326137,0
2014-08-28,8.7428437383,13.435032845,-1
2014-08-29,7.0512675111,10.7756878061,1
2014-09-02,10.6478451146,13.5614538734,-1
2014-09-03,13.22808169,14.3442860012,0
2014-09-04,5.1110139656,8.2507852034,0
2014-09-05,7.2415338388,12.6122985216,1
2014-09-08,6.0500296244,7.6655365223,-1
2014-09-09,7.0359629238,10.4472473337,-1
2014-09-10,7.053565354,8.592650109,1
2014-09-11,9.9431670471,12.2509613759,0
2014-09-12,9.9710615875,14.8174975198,-1
2014-09-15,14.2065405709,12.4141767182,1
2014-09-16,8.9403636677,7.8568877892,1
2014-09-17,11.5923725901,11.9680013657,1
2014-09-18,11.0634198186,13.9914256276,1
2014-09-19,9.188111412,13.1030294829,0
2014-09-22,10.2339474791,14.6763229837,-1
2014-09-23,12.0096265998,10.9844664913,-1
2014-09-24,5.9466470695,8.0056695618,2
2014-09-25,7.069679687,8.1464802397,-2
2014-09-26,10.1895120907,10.2934169202,2
2014-09-29,8.5441834346,10.432346066,-1
2014-09-30,9.5586759488,9.9364933053,-1
2014-10-01,11.0074059997,15.7203823045,-2
2014-10-02,11.897575335,12.876426173,0
2014-10-03,10.4657365904,12.0625425452,2
2014-10-06,9.7581845504,13.3451482252,-1
2014-10-07,8.6287164184,10.0473063619,-2
2014-10-08,9.7361631842,14.9429527473,2
2014-10-09,10.0305520688,14.4938348978,-2
2014-10-10,11.2398403156,13.5326783528,-1
2014-10-13,11.0353573395,17.4090976484,-2
2014-10-14,7.5824130836,8.31259687,0
2014-10-15,6.8717101628,9.6498657008,-2
2014-10-16,13.0663369695,15.7724340581,-1
2014-10-17,10.6129034328,13.5248894062,2
2014-10-20,8.6422402816,8.7796105387,1
2014-10-21,7.2833262612,12.1447204022,2
2014-10-22,12.5445621045,13.9856735016,-2
2014-10-23,10.6410426125,16.4692252277,2
2014-10-24,10.7011738691,12.9384107518,1
2014-10-27,11.3760392707,14.1115126043,1
2014-10-28,4.6237626894,10.5185171746,2
2014-10-29,9.245207818,10.5355072673,-1
2014-10-30,12.9571898454,12.3149456818,2
2014-10-31,5.6078780128,9.3780760895,2
2014-11-03,9.8617895886,12.249550434,-1
2014-11-04,5.7434389503,6.2064103034,1
2014-11-05,7.8758279925,10.5471725281,1
2014-11-06,8.5410600153,10.8042638627,1
2014-11-07,9.5904055769,14.5961972341,1
2014-11-10,12.3549015686,12.1319885064,1
2014-11-11,8.9057797497,11.1502208699,0
2014-11-12,8.1454424631,14.5108067551,0
2014-11-13,7.7365610612,12.1691757744,1
2014-11-14,9.8038608338,9.6419052348,-1
2014-11-17,8.5319180827,11.2038792495,1
2014-11-18,7.3554967806,6.5944707662,1
2014-11-19,10.8905519075,14.113801192,0
2014-11-20,7.7069480245,8.1588309596,1
2014-11-21,8.5017581564,13.6726264216,1
2014-11-24,8.4372822545,10.9195668093,0
2014-11-25,9.5614624742,13.7143372884,0
2014-11-26,11.0719387503,14.1928242512,1
2014-11-28,12.9284380595,13.3209501206,0
2014-12-01,8.9755128213,10.8424601458,-1
2014-12-02,9.3319017295,9.8449171665,1
2014-12-03,10.5759366558,11.9258529266,1
2014-12-04,12.0984195703,16.5518435126,0
2014-12-05,11.39376439,18.2811548603,1
2014-12-08,9.4373590502,19.1005672577,-1
2014-12-09,8.470217123,14.6490667541,-1
2014-12-10,8.0032172001,12.6514484574,-2
2014-12-11,9.9575558867,16.0574470713,1
2014-12-12,9.4575820688,14.0929653435,-2
2014-12-15,12.5017244197,18.3323488469,-1
2014-12-16,11.5191241069,12.6059915525,-1
2014-12-17,7.5672044432,10.8255898928,2
2014-12-18,9.1985891355,14.7514317382,2
2014-12-19,9.8841426662,13.5740800043,1
2014-12-22,11.9554522276,16.4719432665,2
2014-12-23,10.9335397533,13.5334233285,1
2014-12-24,8.8975457783,12.8778979515,0
2014-12-26,6.9873895501,9.4700017706,1
2014-12-29,9.3322478414,13.3253689516,0
2014-12-30,6.4832984145,7.5945769797,-1
2014-12-31,10.9352353604,12.6004318598,-2
2015-01-02,6.6249885635,6.57384911,0
2015-01-05,9.1542050485,15.0725947856,-2
2015-01-06,9.750514358,12.7146492796,-1
2015-01-07,6.9991780711,9.3388842067,2
2015-01-08,9.415111907,10.7386259926,2
2015-01-09,8.301776758,16.3452951958,-2
2015-01-12,7.707431539,9.8423535003,-1
2015-01-13,9.0464370074,10.7900259065,-1
2015-01-14,9.6046306667,8.7575626985,-2
2015-01-15,8.5180346349,13.3549781971,-1
2015-01-16,9.8086463501,10.3314259736,2
2015-01-20,7.4944295991,14.0501959019,0
2015-01-21,9.1676909824,11.0266347016,1
2015-01-22,10.9281955762,11.3750168229,2
2015-01-23,8.5862714936,16.5879563859,-1
2015-01-26,7.197605602,12.0544819377,0
2015-01-27,6.8084510929,10.3406023552,-2
2015-01-28,5.1800568191,11.0591623063,-2
2015-01-29,8.9542504437,11.0127881421,2
2015-01-30,8.7396923236,12.1562132145,-2
2015-02-02,12.6555467354,13.1160729479,2
2015-02-03,10.3197228276,13.9448464395,2
2015-02-04,12.3998029646,13.0407208906,0
2015-02-05,6.9571348711,9.5605526513,2
2015-02-06,8.1491769775,8.1124493284,-1
2015-02-09,9.8152795746,12.3789448795,-1
2015-02-10,6.9865919687,7.3773396466,1
2015-02-11,11.7610557933,15.2319353721,0
2015-02-12,7.4317162781,12.3882639867,1
2015-02-13,9.135455357,10.1021207425,1
2015-02-17,8.9397092378,13.4877408932,1
2015-02-18,8.5986452875,14.8128978367,-1
2015-02-19,10.4087728115,16.4956371442,-1
2015-02-20,8.0900332373,12.7802606548,2
2015-02-23,13.5911444079,13.014188745,-1
2015-02-24,10.2163594189,8.8185547622,1
2015-02-25,8.2262811124,9.2580017008,1
2015-02-26,9.1575461852,13.1765546429,0
2015-02-27,9.4679132148,13.9709064849,-1
2015-03-02,9.2400821428,11.4242088759,2
2015-03-03,10.7918272653,10.8868743186,-1
2015-03-04,9.0302943558,11.437808266,-1
2015-03-05,8.7050106268,11.0141455292,1
2015-03-06,14.2116644817,13.4157141916,-2
2015-03-09,10.5109912236,10.6535733767,1
2015-03-10,12.3848760016,13.5675505986,-2
2015-03-11,12.0776674416,14.340383474,-1
2015-03-12,9.1307247695,9.233536485,2
2015-03-13,11.323343031,14.340224776,-1
2015-03-16,9.4187173431,11.2712248228,2
2015-03-17,10.8209478278,9.553085054,-1
2015-03-18,11.429098862,14.3431324651,2
2015-03-19,11.1972685507,12.6162546979,-1
2015-03-20,11.9861325309,13.4632548791,2
2015-03-23,8.7218215178,10.4475202944,-1
2015-03-24,7.8605385214,12.1854800642,-1
2015-03-25,9.6244581124,8.0488492219,-2
2015-03-26,10.3477750119,9.9322871305,-1
2015-03-27,7.4170428037,10.6371197242,1
2015-03-30,9.7315826714,12.0636648752,2
2015-03-31,9.4693580395,12.8630911887,-2
2015-04-01,12.5524540017,13.2275318272,-1
2015-04-02,7.9607670728,12.0538888595,1
2015-04-06,6.7675167309,10.701177456,1
2015-04-07,8.6094738595,10.3582882395,0
2015-04-08,8.0545519588,10.5419462093,1
2015-04-09,10.5068895227,14.9064268152,1
2015-04-10,7.9208753838,10.525347808,1
2015-04-13,8.0462431441,11.4811609038,-1
2015-04-14,9.8120961556,11.7411253552,1
2015-04-15,8.4400430125,14.2105652681,1
2015-04-16,8.8170387375,15.3816268535,0
2015-04-17,6.9072517862,10.1138365362,-2
2015-04-20,8.5683560884,12.1479508665,2
2015-04-21,11.1246862581,13.1441995201,-1
2015-04-22,10.8199847188,11.1292201983,1
2015-04-23,12.4246691443,15.1759076828,1
2015-04-24,15.7173258996,14.3914154668,1
2015-04-27,9.0285936614,9.5338421588,-1
2015-04-28,9.1289754364,11.2749961741,1
2015-04-29,11.8661969415,15.2248679729,-1
2015-04-30,9.5028902595,9.0441836325,-2
2015-05-01,7.4791571257,11.0731314409,2
2015-05-04,6.1668614372,10.7396419417,1
2015-05-05,10.202514217,15.8638800728,-1
2015-05-06,9.0952163335,12.3323301285,-1
2015-05-07,12.0552952478,10.2626402506,1
2015-05-08,10.9654219126,8.7329133285,2
2015-05-11,9.9290284348,14.4808865001,-1
2015-05-12,13.9347044672,16.0433275084,-1
2015-05-13,8.631957711,11.4067514128,0
2015-05-14,13.3234433802,17.1657329798,2
2015-05-15,9.8218673583,12.2658792899,1
2015-05-18,9.8087915761,14.8139959509,1
2015-05-19,9.2751044447,12.3852622644,0
2015-05-20,14.1210361179,15.4937531208,-1
2015-05-21,13.3029526852,16.6596340197,0
2015-05-22,10.6764367365,8.6368026607,-1
2015-05-26,11.4741575393,12.8498621367,-2
2015-05-27,9.678954632,14.4761751382,1
2015-05-28,10.6278169064,15.763240782,-1
2015-05-29,10.2264041373,9.2838130626,-1
2015-06-01,11.959650183,16.3405730584,1
2015-06-02,8.7253610975,12.6353375219,-1
2015-06-03,11.0227172623,13.4682160895,1
2015-06-04,12.0005649179,14.7061693085,-2
2015-06-05,10.721916763,10.2636254358,-1
2015-06-08,9.5146503833,11.1247913117,-1
2015-06-09,13.9717142677,16.9039818479,0
2015-06-10,12.769664513,18.8976130661,2
2015-06-11,9.7601966544,10.8097517605,1
2015-06-12,11.1630385101,14.5799519758,-1
2015-06-15,11.4744799308,11.9261561004,-1
2015-06-16,9.1814832905,8.8366423507,1
2015-06-17,9.6080342158,13.6820020625,1
2015-06-18,11.5834524325,17.3951128039,2
2015-06-19,12.8545052476,14.2290689498,-1
2015-06-22,10.8806933023,9.6858474921,1
2015-06-23,10.9200616446,15.355448947,1
2015-06-24,11.3724992862,11.3912179589,-2
2015-06-25,7.9381031824,9.3387699362,-1
2015-06-26,11.0684622885,10.3758565855,1
2015-06-29,10.9945209095,10.960601756,-2
2015-06-30,9.0813169476,11.0837822339,1
2015-07-01,8.9304350647,10.0170094253,1
2015-07-02,14.1463575703,17.1350419822,-1
2015-07-06,8.528277051,9.303038231,-1
2015-07-07,10.7705703314,14.6684265663,1
2015-07-08,10.2209886025,16.2332176976,-2
2015-07-09,13.7914156166,14.1872263683,1
2015-07-10,7.2897208402,9.0982032439,2
2015-07-13,7.7955905009,11.5301122892,2
2015-07-14,10.0606068046,11.1973717206,1
2015-07-15,13.5994989062,13.498076621,0
2015-07-16,10.892405206,11.7238408543,1
2015-07-17,12.8565234524,14.1095325945,-1
2015-07-20,6.5743477956,10.7068991846,1
2015-07-21,7.1236928983,6.280455105,-2
2015-07-22,12.8357184416,14.5325324611,-1
2015-07-23,11.393420349,13.5953987168,-1
2015-07-24,9.8440884603,12.6395107758,-2
2015-07-27,16.1099044961,19.7054551159,-1
2015-07-28,10.4355410777,13.7636143593,2
2015-07-29,8.4082412725,12.8620501953,1
2015-07-30,13.5401187973,15.3165539169,0
2015-07-31,13.606065842,13.7090879014,-1
2015-08-03,10.7889528668,10.068145209,-1
2015-08-04,11.5703620203,14.0810327669,-1
2015-08-05,9.74305566,17.3848110685,-1
2015-08-06,12.2887224646,12.8199106937,-1
2015-08-07,13.8271607952,17.0630707536,-1
2015-08-10,12.6904081748,14.0332162259,2
2015-08-11,9.2418214701,11.963463693,-2
2015-08-12,13.6288364592,10.5722224887,1
2015-08-13,7.6023511064,13.7646410114,0
2015-08-14,11.1679337135,10.038681017,1
2015-08-17,6.7064761004,10.0714296212,1
2015-08-18,8.6952253846,14.0404847165,-1
2015-08-19,9.9070495976,14.5204873464,-2
2015-08-20,12.5363061727,11.9212817896,-2
2015-08-21,12.517848087,14.7973095767,-2
2015-08-24,10.4529640347,12.8615527169,-2
2015-08-25,8.7350409594,12.3888911138,-2
2015-08-26,8.3674925244,9.5180492799,2
2015-08-27,11.4079496021,14.6990480468,2
2015-08-28,10.1695802472,13.8044809092,0
2015-08-31,13.2747256642,17.5899405276,-1
2015-09-01,13.2361172762,15.875125041,-2
2015-09-02,11.4649394716,9.7648692096,2
2015-09-03,7.0191312932,12.728206797,0
2015-09-04,10.7150492718,14.3973721327,-2
2015-09-08,10.5409922686,13.1826676111,2
2015-09-09,12.1357527804,10.2661245262,-2
2015-09-10,8.7393779715,10.6287561186,1
2015-09-11,10.9410702152,12.8717958217,1
2015-09-14,10.1363622455,13.625089851,-1
2015-09-15,11.0069820684,10.9404533748,2
2015-09-16,9.2054256673,12.0806500325,1
2015-09-17,11.0401343307,16.2707782747,-1
2015-09-18,10.8204968067,14.2932441481,-2
2015-09-21,8.6436886751,8.3379202518,1
2015-09-22,9.1295122985,13.964321421,-2
2015-09-23,11.436438278,11.7362064238,-1
2015-09-24,13.9504660142,18.6508948726,-1
2015-09-25,7.9666934574,11.4118363647,1
2015-09-28,8.873105801,12.176925742,-2
2015-09-29,8.1208289954,9.6518970806,1
2015-09-30,13.3226355076,17.5879530902,2
2015-10-01,9.7135679669,12.2709318277,0
2015-10-02,7.024198795,7.5174038107,2
2015-10-05,8.8168700074,13.5220398055,2
2015-10-06,10.9790546628,11.2880330242,1
2015-10-07,11.0233896683,14.3939751577,1
2015-10-08,8.6952501038,7.3124039572,2
2015-10-09,8.3599261543,13.7161842651,1
2015-10-12,10.5044703476,13.85062787,1
2015-10-13,10.3764661755,12.7216993581,-1
2015-10-14,5.3045186388,8.4047370471,-2
2015-10-15,10.6660704074,16.5690780428,2
2015-10-16,11.3598458142,12.3841200643,1
2015-10-19,9.5771522435,14.519845354,1
2015-10-20,8.4104227406,16.385410886,0
2015-10-21,11.8195237576,11.8990300312,-1
2015-10-22,12.3062537433,15.9825345415,2
2015-10-23,9.6315307217,15.3458460745,1
2015-10-26,10.3468841161,12.9750421257,-1
2015-10-27,8.8115813366,11.2380924737,-1
2015-10-28,11.749958158,16.2727974076,2
2015-10-29,9.3921843659,14.6741953468,-1
2015-10-30,12.8916452872,15.4362496261,-1
2015-11-02,12.8345781542,15.0400469815,2
2015-11-03,10.1374821418,10.101065451,1
2015-11-04,12.5654024867,14.8107654998,-1
2015-11-05,12.7323022044,15.7676589685,0
2015-11-06,8.9105814204,10.3985845376,1
2015-11-09,10.1160572097,12.7019681804,-2
2015-11-10,5.7821082562,12.6623393283,1
2015-11-11,14.9519373543,15.7312269439,-1
2015-11-12,11.5019430199,12.4342059789,-2
2015-11-13,13.2750016538,14.8102610123,-2
2015-11-16,8.4043670571,12.6144534256,2
2015-11-17,5.2844146613,4.7369784244,0
2015-11-18,6.930587826,9.5280033194,2
2015-11-19,6.8666971791,8.9949541173,0
2015-11-20,9.8237726068,11.2178768807,1
2015-11-23,7.1543622015,12.4649389431,-1
2015-11-24,10.551378643,12.5062303206,1
2015-11-25,8.3698389435,10.1394961951,0
2015-11-27,10.5402620052,12.4786118089,0
2015-11-30,8.619126812,10.7420403981,-1
2015-12-01,7.4576908719,10.9881771513,2
2015-12-02,8.6094522915,11.1850070512,-2
2015-12-03,7.7163753069,9.0050327936,-2
2015-12-04,12.1963333293,13.0325419811,2
2015-12-07,9.6069491929,9.605375834,-1
2015-12-08,8.5568076919,10.0334374843,-1
2015-12-09,12.7733927473,14.0634725986,-1
2015-12-10,9.1359225191,16.2010661866,1
2015-12-11,12.6027331327,13.042976375,-2
2015-12-14,11.4771544786,13.6973788728,1
2015-12-15,8.7011094112,11.6857387989,2
2015-12-16,12.3324746802,14.0623596655,2
2015-12-17,9.5597859266,12.8613844338,-2
2015-12-18,8.8309953618,10.636487638,-2
2015-12-21,7.94079205,9.7394777425,1
2015-12-22,10.033264377,12.1295743797,2
2015-12-23,6.1494255479,9.9161243745,2
2015-12-24,8.4699703812,11.1271992357,-1
2015-12-28,10.7177826024,9.3928211537,0
2015-12-29,8.2704787045,12.4660518278,2
2015-12-30,8.9926754885,8.7792532263,-1
2015-12-31,6.8558911995,10.0223844843,-2
2016-01-04,6.754176326,10.5367073896,-2
2016-01-05,8.1916201043,10.0814152484,0
2016-01-06,10.4746544224,13.8740920721,-2
2016-01-07,7.3771757881,12.6540842477,-2
2016-01-08,11.4663825543,15.967539003,-2
2016-01-11,9.2308393599,12.1202290824,1
2016-01-12,8.1777718981,8.5446077354,1
2016-01-13,5.4439587961,6.2681189628,-2
2016-01-14,8.0242673768,13.3617618226,2
2016-01-15,9.1917561389,14.9961474404,-2
2016-01-19,6.7359920012,12.6458005063,0
2016-01-20,12.3693511307,12.6598216834,-2
2016-01-21,9.8910483796,11.7018000366,1
2016-01-22,10.2239611078,11.6945489683,2
2016-01-25,10.8491434804,14.2909299647,-2
2016-01-26,7.1352905817,15.236564154,2
2016-01-27,9.7299287605,15.8594763733,-2
2016-01-28,10.9007476352,15.6386316539,1
2016-01-29,7.8180713143,11.0203964343,2
2016-02-01,6.5047158686,7.0837370449,0
2016-02-02,12.3164141117,13.3732967723,-2
2016-02-03,9.8299434433,12.1583674957,2
2016-02-04,11.8060334148,13.0500814826,1
2016-02-05,9.7975361078,10.7960897262,-2
2016-02-08,6.3164490891,9.6026264534,-1
2016-02-09,8.7321614982,12.4398765311,0
2016-02-10,8.2977099137,7.4791327131,-1
2016-02-11,7.6446220237,11.3868101793,-2
2016-02-12,12.3922914292,12.2401289452,2
2016-02-16,6.5637248614,8.4090790831,2
2016-02-17,14.1507106144,14.6441811382,2
2016-02-18,10.5073883418,11.1611375554,-1
2016-02-19,9.8881579133,12.8662670963,-1
2016-02-22,8.1284991095,12.646373547,2
2016-02-23,9.46832754,10.8193055526,-2
2016-02-24,8.4361827366,12.0798939416,1
2016-02-25,9.9085783639,10.3444527929,2
2016-02-26,9.9262483178,14.4162509022,-1
2016-02-29,8.7210636532,12.8907583644,-1
2016-03-01,14.4708391358,19.2684249377,2
2016-03-02,9.0563873053,11.6435451261,1
2016-03-03,9.3023708635,12.171808301,1
2016-03-04,9.2654609133,9.9013266307,1
2016-03-07,10.3246447889,12.2362583414,1
2016-03-08,9.4103897285,9.1564792525,-1
2016-03-09,7.4376475877,8.8407633222,1
2016-03-10,9.3425351749,11.444827898,0
2016-03-11,12.5643484623,19.1419889703,2
2016-03-14,9.2896677633,12.4020080946,1
2016-03-15,9.4531281941,11.8648040215,1
2016-03-16,7.621383663,7.9619823607,1
2016-03-17,8.1936310911,8.2378858937,2
2016-03-18,8.0890687317,11.4302354722,1
2016-03-21,7.4195574358,12.0766004226,1
2016-03-22,7.1455600473,11.1692802821,-1
2016-03-23,10.7568939229,15.9960041605,-1
2016-03-24,8.2606771686,12.3329522806,1
2016-03-28,6.965803332,11.6736663131,0
2016-03-29,11.7808625806,12.7424655468,1
2016-03-30,8.1700615256,9.8074200367,1
2016-03-31,9.3862882518,12.4589835745,-1
2016-04-01,10.1369626013,15.6773183415,1
2016-04-04,5.8329035548,10.1481682091,-1
2016-04-05,9.4054880186,9.7338584692,-1
2016-04-06,7.1639656893,9.2961286442,1
2016-04-07,4.7160774989,10.374488012,-2
2016-04-08,7.5483342407,8.6297393579,1
2016-04-11,9.9313231998,7.7470823418,-1
2016-04-12,10.009697011,12.086769598,2
2016-04-13,8.7668963073,10.9088434055,2
2016-04-14,9.1923354238,12.2452954161,1
2016-04-15,9.5013586869,12.1391195127,-1
2016-04-18,7.2455800863,12.1547611228,1
2016-04-19,10.6487865946,16.0137145835,1
2016-04-20,7.2411951364,11.0797726168,1
2016-04-21,8.355766835,9.4290367115,-1
2016-04-22,11.1924170036,14.7164273032,1
2016-04-25,10.0797151553,13.1086532358,0
2016-04-26,12.0373367014,17.1124789026,0
2016-04-27,5.316065559,6.54088161,1
2016-04-28,9.5509260423,13.9009793311,-2
2016-04-29,11.4722299149,12.7093471039,-1
2016-05-02,8.5929268183,14.618545822,1
2016-05-03,10.6137958379,12.8515151243,-1
2016-05-04,8.8500578127,10.1871131248,-1
2016-05-05,7.8740686838,11.2572113764,0
2016-05-06,9.4472231668,13.9211490611,1
2016-05-09,11.0316302638,15.4264767204,-1
2016-05-10,10.386451653,12.0118149593,2
2016-05-11,8.6315451093,17.6625723439,-2
2016-05-12,12.1260276688,12.8461522263,0
2016-05-13,9.0511736934,11.9982610784,-2
2016-05-16,11.5602317233,14.6446830344,2
2016-05-17,8.8148463176,13.6634975984,-2
2016-05-18,11.0938564375,13.7986280796,1
2016-05-19,10.3760302072,11.3594855929,-1
2016-05-20,10.828881224,13.3693522947,1
2016-05-23,9.3061031623,13.7993039611,0
2016-05-24,8.392401212,13.4086665723,2
2016-05-25,11.657516022,14.6868426527,1
2016-05-26,11.7969843608,12.2190310753,-1
2016-05-27,10.3872803052,15.5059816639,1
2016-05-31,9.1698156575,11.5305928057,-1
2016-06-01,13.8031646146,14.6953774514,1
2016-06-02,10.2839544134,14.9104015633,1
2016-06-03,12.3721885261,12.7646791022,0
2016-06-06,11.3343496985,16.3813996461,1
2016-06-07,9.6916211927,12.6760161101,0
2016-06-08,10.0037339844,11.0503544026,1
2016-06-09,10.0940619665,12.4017151331,1
2016-06-10,12.2066135665,11.4380013347,-1
2016-06-13,8.2438411826,10.8781474966,-1
2016-06-14,8.9476844336,11.4467991181,-1
2016-06-15,11.0184452568,9.703731255,-1
2016-06-16,10.9849142798,14.1665159343,1
2016-06-17,13.4028361352,16.0096688925,-1
2016-06-20,6.9408191132,10.2773140572,1
2016-06-21,11.2120986775,15.7890847183,0
2016-06-22,9.5813276677,15.0470280785,-1
2016-06-23,9.8611083084,14.1476240336,2
2016-06-24,9.7740417621,11.1386828732,-2
2016-06-27,11.3641616662,12.6890968789,-2
2016-06-28,8.3551063848,14.1814994784,2
2016-06-29,9.7059666343,13.1387865786,2
2016-06-30,9.2591766289,10.9309810343,2
2016-07-01,6.9478376601,10.601664608,1
