#Date,news positivity,news negativity,stock change
2008-08-08,8.1566056803,11.7235539299,2
2008-08-11,7.0652388971,7.96425876,1
2008-08-12,7.4030455116,9.7114173189,-1
2008-08-13,6.5979354202,6.9429290955,-1
2008-08-14,7.9345016272,7.9584849587,1
2008-08-15,7.9211265466,11.9451674164,1
2008-08-18,4.3647374647,11.3735519098,-2
2008-08-19,6.1546478757,6.4179574687,-1
2008-08-20,7.7265870643,8.2122790404,1
2008-08-21,7.5249472563,10.2396038085,1
2008-08-22,8.5135067065,9.3047730325,2
2008-08-25,6.621900076,9.4903945545,-2
2008-08-26,5.7900215389,8.4552624459,1
2008-08-27,5.330624046,7.4786426722,1
2008-08-28,3.8859378639,6.9561482713,2
2008-08-29,5.1524376284,7.40593593,-2
2008-09-02,9.0090622995,11.547406519,-1
2008-09-03,5.6206349719,6.9804870942,1
2008-09-04,5.4120542489,6.7077777329,-2
2008-09-05,10.0442164965,8.8013351547,1
2008-09-08,4.8050073225,9.0677568891,2
2008-09-09,9.5715014295,10.9486384679,-2
2008-09-10,5.6727758353,7.3426594239,1
2008-09-11,5.3202471345,7.4124149659,2
2008-09-12,9.1778517079,11.5314177545,0
2008-09-15,9.7708684481,9.8561577222,-2
2008-09-16,7.0741051643,9.6189425498,2
2008-09-17,5.3249499996,5.4272195339,-2
2008-09-18,4.0709235329,6.7893499141,2
2008-09-19,6.2719270183,7.0805656244,2
2008-09-22,5.6463616575,9.6911586743,-2
2008-09-23,4.6328241305,8.5473320185,-2
2008-09-24,8.4170752734,7.4250596001,-1
2008-09-25,5.6808090104,6.9689586217,2
2008-09-26,4.26863351,8.5827644674,1
2008-09-29,7.028628815,8.8096967736,-2
2008-09-30,6.7836741384,9.5554466945,2
2008-10-01,12.2386506983,13.3085212241,-1
2008-10-02,8.5625433777,7.7698826737,-2
2008-10-03,9.8057627649,10.9184388187,-2
2008-10-06,5.0575746531,7.2569880793,-2
2008-10-07,7.0986178729,6.9701028594,-2
2008-10-08,6.380838259,9.6597578688,-2
2008-10-09,7.7819012676,10.4563308875,-2
2008-10-10,6.8283015578,8.9862088511,-1
2008-10-13,8.6872558179,8.3462477257,2
2008-10-14,9.9318682228,10.7860867699,-1
2008-10-15,5.9837374431,7.8759539072,-2
2008-10-16,6.0946862178,6.9420537367,2
2008-10-17,10.0231195223,8.7569915745,-1
2008-10-20,7.5898486614,5.5716308128,2
2008-10-21,7.2183994197,9.2422723006,-2
2008-10-22,7.0969569367,8.8955090544,-2
2008-10-23,10.0704977649,12.4745285527,2
2008-10-24,7.9287188478,9.4116431424,-2
2008-10-27,9.922690199,12.3679766267,-2
2008-10-28,5.507419788,8.3187717829,2
2008-10-29,8.3507343809,10.3016161864,-1
2008-10-30,9.4715812155,10.4733214551,2
2008-10-31,5.9445325508,7.6381089703,2
2008-11-03,5.5907568309,11.112426362,0
2008-11-04,6.215906326,9.7320141727,2
2008-11-05,8.7160872135,10.1679827567,-2
2008-11-06,7.8103737657,9.0604143297,-2
2008-11-07,5.3054490869,7.5272589185,2
2008-11-10,6.0264020063,6.896375139,-1
2008-11-11,5.1223762805,9.8551380819,-2
2008-11-12,6.1586102752,10.6205322761,-2
2008-11-13,7.9547070528,10.2518541449,2
2008-11-14,7.1034799225,10.3938839338,-2
2008-11-17,5.0861978069,8.511440938,-2
2008-11-18,6.6428038012,9.5840351916,2
2008-11-19,5.1645177916,4.7103274474,-2
2008-11-20,5.8249481583,6.6149807604,-2
2008-11-21,7.8039862247,9.6222385953,2
2008-11-24,9.7873435888,10.55925851,2
2008-11-25,5.7922279562,9.7426951938,1
2008-11-26,3.6230397435,6.8066589456,2
2008-11-28,7.5774298889,15.1202403626,1
2008-12-01,5.9525710028,8.9561706697,-2
2008-12-02,10.8420373173,10.9435212878,2
2008-12-03,9.7155283647,13.0112635493,2
2008-12-04,7.4512021293,10.3422191713,-2
2008-12-05,8.0842246918,8.7567010512,2
2008-12-08,6.1170277102,9.8462406364,2
2008-12-09,8.0719712552,14.6050661283,-2
2008-12-10,8.1038456619,10.0284387191,1
2008-12-11,7.2077110314,14.108780976,-2
2008-12-12,5.5074029014,10.6119605476,1
2008-12-15,5.4864720364,7.8960057832,-1
2008-12-16,6.2249119618,8.4364390088,2
2008-12-17,6.504150375,10.7510384808,-1
2008-12-18,6.9185202817,8.6496501675,-2
2008-12-19,7.5087040025,9.7797265985,-1
2008-12-22,6.6062295054,12.8751735562,-1
2008-12-23,7.3213624038,8.2225862534,-1
2008-12-24,7.5697501324,5.8715519735,1
2008-12-26,7.1653757914,11.9169193444,1
2008-12-29,9.4249182245,7.6406302131,-1
2008-12-30,10.3224724241,12.4752151679,2
2008-12-31,8.9934845144,13.0337482228,1
2009-01-02,5.9951870934,7.0170775971,2
2009-01-05,10.7117856704,14.6647036985,-1
2009-01-06,8.4077027631,13.6884433193,1
2009-01-07,10.5910486696,10.3249300013,-2
2009-01-08,6.3548874714,11.0849390274,-1
2009-01-09,6.1523472281,9.0563078397,-1
2009-01-12,7.6382946789,9.7197274228,-1
2009-01-13,7.9743095862,10.3645667417,-1
2009-01-14,7.5143124999,14.6625794053,-2
2009-01-15,8.1148208532,10.7876059887,1
2009-01-16,9.1281117099,11.277776304,1
2009-01-20,8.441722206,14.4175724961,-2
2009-01-21,10.7312768218,12.3325338019,2
2009-01-22,7.7820399227,8.5993421463,-1
2009-01-23,7.6472421241,9.0199872367,-1
2009-01-26,8.6212837116,12.2177262507,1
2009-01-27,8.6077235746,10.6990747414,1
2009-01-28,9.517190437,8.4098634247,2
2009-01-29,8.0544169471,11.7384971398,-2
2009-01-30,6.8195321427,8.6326617813,-2
2009-02-02,7.8862830976,11.0353701208,-1
2009-02-03,9.4867341436,14.256170294,2
2009-02-04,9.4981746601,12.6547778776,-1
2009-02-05,9.4373747727,10.1842842794,1
2009-02-06,8.6563692842,12.6622730688,2
2009-02-09,8.9448637958,13.577032078,0
2009-02-10,7.6441739833,11.9278452889,-2
2009-02-11,10.9119386238,14.247222439,1
2009-02-12,6.7503378985,10.6478954287,0
2009-02-13,7.1771045971,10.8142998703,-1
2009-02-17,7.5684177036,8.5223451997,-2
2009-02-18,6.1065360599,10.1697026523,0
2009-02-19,7.2366524233,8.5480421729,-1
2009-02-20,6.0182690734,8.9621400916,-1
2009-02-23,5.7819213183,8.959012353,-2
2009-02-24,10.6166814644,14.232749007,2
2009-02-25,6.8020471173,11.9862149333,-1
2009-02-26,11.2334002607,12.9707648132,-1
2009-02-27,9.8606746078,9.6694610319,-1
2009-03-02,6.7184486499,10.3540675615,-2
2009-03-03,7.0867580221,10.8046321366,-1
2009-03-04,9.3305784798,11.3615113499,2
2009-03-05,12.9784281121,13.5410609521,-2
2009-03-06,7.8446687975,11.4892954773,1
2009-03-09,9.9414120512,10.848267989,-1
2009-03-10,7.0579701238,7.143849683,2
2009-03-11,6.67550516,10.1808908208,0
2009-03-12,7.0395610712,9.4668394985,2
2009-03-13,8.9615420049,10.648722858,1
2009-03-16,9.1691580058,15.7945503018,0
2009-03-17,9.0927131753,14.0928743832,2
2009-03-18,5.8827398259,11.391122153,1
2009-03-19,8.9521939255,11.1028570844,-1
2009-03-20,8.2657834645,14.8468251428,-1
2009-03-23,11.9028397115,10.9120773915,2
2009-03-24,8.8150117484,12.4456257271,-1
2009-03-25,7.2256662361,14.18039115,1
2009-03-26,8.4413594771,9.5267254619,2
2009-03-27,7.4650012759,9.3643049033,-2
2009-03-30,9.0761572906,11.6225641429,-2
2009-03-31,9.0327742081,10.0540701355,1
2009-04-01,6.385224496,13.6226540057,2
2009-04-02,8.6233521656,12.9983324574,2
2009-04-03,8.834662074,11.9372901363,1
2009-04-06,7.7932551546,15.9039238817,-1
2009-04-07,7.1970961495,13.3177878773,-2
2009-04-08,9.0714486059,8.6779634058,1
2009-04-09,7.1098462031,11.8420910583,2
2009-04-13,6.5267785552,9.1774975098,-1
2009-04-14,8.586149321,10.3608075934,-1
2009-04-15,5.9885951456,12.1788219735,1
2009-04-16,8.9812787452,8.5779488178,1
2009-04-17,7.6415273103,10.9269250224,0
2009-04-20,8.030372134,11.3873148912,-2
2009-04-21,8.4736378496,8.8268512543,1
2009-04-22,9.4327912097,13.1064075247,-1
2009-04-23,13.5237466567,13.3725895208,1
2009-04-24,10.1683303106,10.643708198,1
2009-04-27,11.8024044646,9.1617509635,-1
2009-04-28,17.4368771939,12.846931733,0
2009-04-29,11.5948483899,13.592722044,2
2009-04-30,11.8682475294,12.6696186485,-1
2009-05-01,16.2979203197,14.9323026433,1
2009-05-04,12.1480082339,12.0576701726,2
2009-05-05,8.0567588051,11.0526274004,-1
2009-05-06,8.7311317155,12.2638533342,1
2009-05-07,9.3034209266,10.880538655,-1
2009-05-08,9.7784598582,12.5410808411,2
2009-05-11,10.7110439338,15.200699473,-2
2009-05-12,11.2752448924,9.6729051835,1
2009-05-13,10.7464775264,13.4054393304,-2
2009-05-14,10.2005816143,12.80181274,1
2009-05-15,8.8687019599,10.7946389398,-1
2009-05-18,7.3695060789,8.1173463034,2
2009-05-19,11.9725673961,10.6578110353,-1
2009-05-20,9.6994402308,15.2249258092,-1
2009-05-21,7.4478089363,10.9626361799,-1
2009-05-22,10.3183749599,13.4815711745,-1
2009-05-26,9.9767492777,13.748650771,2
2009-05-27,7.9833562745,12.6935520676,-2
2009-05-28,10.5510778324,8.7388936762,1
2009-05-29,13.5034251728,15.0545330712,1
2009-06-01,7.2532270207,11.3113252412,2
2009-06-02,10.1809338991,14.1501807803,1
2009-06-03,8.7065393452,8.5344527001,-1
2009-06-04,10.9279239567,10.8320003768,1
2009-06-05,9.9641990534,12.7411881441,0
2009-06-08,9.9718778572,12.6549327151,0
2009-06-09,9.2451863463,14.8641620463,0
2009-06-10,10.6616901836,10.6887793043,-1
2009-06-11,13.3978756879,18.4524635982,1
2009-06-12,8.0015411179,9.6307652266,1
2009-06-15,8.6075037454,12.8435969011,-2
2009-06-16,9.4298386812,13.5637174163,-1
2009-06-17,10.2452226593,10.9625996961,0
2009-06-18,11.5926350367,16.3626345429,1
2009-06-19,11.5266954118,15.0245128723,-1
2009-06-22,10.2637405649,13.4225901408,-2
2009-06-23,9.0259052824,11.6432638359,-1
2009-06-24,7.7667599437,11.6914791489,-1
2009-06-25,14.6004262261,13.0510696411,2
2009-06-26,5.9658759256,9.8964661027,-1
2009-06-29,9.6440653822,11.9756472739,1
2009-06-30,9.0994137853,12.8821442668,-1
2009-07-01,8.4217455077,11.1264890719,1
2009-07-02,7.2252697761,8.5959321123,-2
2009-07-06,6.6281768018,9.7942455244,1
2009-07-07,11.4423627043,10.714308848,-2
2009-07-08,16.5192771183,18.876356075,1
2009-07-09,9.260347308,9.706217138,0
2009-07-10,8.9776247583,11.8130679601,-1
2009-07-13,9.7262777027,12.9322487526,2
2009-07-14,7.506978878,10.9723545899,1
2009-07-15,7.973470225,13.3077424634,2
2009-07-16,11.3904760538,12.4662813208,1
2009-07-17,9.7604513357,11.1943256108,1
2009-07-20,13.3260841098,12.5516115971,1
2009-07-21,10.5341164997,13.9294025478,1
2009-07-22,9.6230201033,12.1017179305,-1
2009-07-23,8.7625810514,11.09835573,2
2009-07-24,9.5737087675,12.3546522839,1
2009-07-27,13.2518708756,14.6843159383,1
2009-07-28,13.4718788222,15.7919915717,0
2009-07-29,15.0201116775,18.7520130594,-1
2009-07-30,12.0256322558,16.0202383402,1
2009-07-31,11.7510283753,13.9842087636,1
2009-08-03,16.9799347603,19.1976702995,1
2009-08-04,9.0383685703,11.9513305475,1
2009-08-05,6.5565753873,9.6639869923,-1
2009-08-06,10.8835371694,13.0204803753,-1
2009-08-07,9.1525853369,11.5856393747,1
2009-08-10,10.2309325553,15.1583237771,-1
2009-08-11,9.4150341678,13.6061154489,-1
2009-08-12,8.6615830931,10.9213041091,1
2009-08-13,10.8584184559,13.5366730669,1
2009-08-14,9.1826909694,10.708025113,-1
2009-08-17,12.1830274117,13.6277844211,-2
2009-08-18,8.5933077459,13.3995829137,1
2009-08-19,14.9741871831,15.7531958224,1
2009-08-20,9.5846536926,13.8774178193,1
2009-08-21,13.7768227117,19.8160014357,2
2009-08-24,8.2888394057,13.2340709844,0
2009-08-25,10.9666760549,11.8098026218,1
2009-08-26,9.0505664363,12.4354340071,0
2009-08-27,11.8465500606,16.1086380464,1
2009-08-28,12.2437590106,12.0996383288,-1
2009-08-31,9.4490475401,13.0212044238,-1
2009-09-01,11.3067245232,10.9630355615,-2
2009-09-02,8.3614011347,9.2979646386,-1
2009-09-03,11.6737696307,10.7574811758,1
2009-09-04,8.9237045027,12.4695446372,1
2009-09-08,14.2732081371,13.8487297678,1
2009-09-09,7.6578140826,9.5517583186,1
2009-09-10,14.1444818248,16.7864920494,1
2009-09-11,11.9279197309,15.4580636501,-1
2009-09-14,19.1653137053,20.4360501541,1
2009-09-15,9.6867761012,11.0705324313,1
2009-09-16,10.8033114819,16.1564151318,1
2009-09-17,9.0699769311,13.2533768894,0
2009-09-18,10.1755296575,14.4411686171,1
2009-09-21,12.6437882091,13.4798254087,-1
2009-09-22,11.5057063799,11.4341294314,1
2009-09-23,14.5399959498,14.9155273286,-1
2009-09-24,16.107129781,20.0192814312,-1
2009-09-25,13.9028505919,14.5984410473,-1
2009-09-28,9.2758214663,9.2716392379,1
2009-09-29,12.2746976983,16.9038625598,-1
2009-09-30,6.6129972443,16.9530463739,-1
2009-10-01,11.3280758241,14.6261683556,-2
2009-10-02,10.564312531,15.6899488836,-1
2009-10-05,14.9697171149,17.258437677,1
2009-10-06,14.2299588675,14.8227955804,1
2009-10-07,12.5319774383,17.4122488705,0
2009-10-08,13.9508204662,13.7934750669,1
2009-10-09,10.5330490916,11.6818501862,1
2009-10-12,11.7084397036,15.0514675555,1
2009-10-13,9.283879462,11.8850001673,0
2009-10-14,11.2950879531,14.1254052899,2
2009-10-15,12.2088961432,14.0384532666,1
2009-10-16,14.34951612,19.0098671772,-1
2009-10-19,16.1220118625,14.0134887231,1
2009-10-20,13.8847669511,11.7036205782,-1
2009-10-21,14.7264373938,15.1840386417,-1
2009-10-22,11.4272010727,12.1445055343,1
2009-10-23,15.6575642219,19.4187015405,-1
2009-10-26,12.3068406117,15.2835370114,-1
2009-10-27,13.1285624504,15.609114333,0
2009-10-28,11.7422333625,12.6486139287,-1
2009-10-29,12.042343241,12.4300401642,2
2009-10-30,11.6306578498,15.4823432629,-2
2009-11-02,10.1163740534,14.8369008023,1
2009-11-03,16.3498677192,21.1442633247,-1
2009-11-04,8.9474118194,15.6539857812,1
2009-11-05,6.903025109,13.0829319089,2
2009-11-06,11.0343297256,15.7158790945,1
2009-11-09,12.0625642386,13.2118941031,2
2009-11-10,11.2490995985,19.346829298,1
2009-11-11,13.0610159881,14.4047291879,1
2009-11-12,10.2048560613,13.438983655,-1
2009-11-13,17.7131146427,21.6243589812,1
2009-11-16,10.1592605112,11.8850100085,1
2009-11-17,13.3836991032,11.2055810815,1
2009-11-18,7.4471910285,11.5627602157,0
2009-11-19,14.6867196346,15.0440240836,-1
2009-11-20,11.1932455397,10.6632779529,0
2009-11-23,9.6069250824,15.7674138309,1
2009-11-24,12.86347075,18.0519702381,-1
2009-11-25,9.1128537726,12.2608761147,1
2009-11-27,10.3689301221,12.6916241026,-2
2009-11-30,12.5020908184,15.8436046947,1
2009-12-01,12.919470987,18.451317193,1
2009-12-02,11.0120261687,18.3258384141,-1
2009-12-03,8.3732060805,11.2152181699,-1
2009-12-04,8.4642101995,12.9372649137,1
2009-12-07,9.7500341932,11.7505330014,0
2009-12-08,9.3265102835,10.5172764451,-1
2009-12-09,9.1319500982,8.9775729251,1
2009-12-10,11.5664271177,15.0694529987,1
2009-12-11,9.8199847885,15.0376305796,1
2009-12-14,10.9851269161,14.0971968675,1
2009-12-15,13.143262598,16.823166992,-1
2009-12-16,10.0502140544,11.7076510559,0
2009-12-17,14.7698855635,19.7028833926,-1
2009-12-18,10.0393146435,14.6193804061,1
2009-12-21,9.3002998023,11.5390329528,1
2009-12-22,14.6924218655,18.212214448,1
2009-12-23,9.0814256232,11.147789277,0
2009-12-24,6.7416780268,8.7380211241,1
2009-12-28,12.6680994892,15.6987860811,1
2009-12-29,8.2331217002,9.0552262788,0
2009-12-30,9.470410261,9.5559536478,0
2009-12-31,13.9447010854,13.3878185446,-1
2010-01-04,12.5947490743,17.0436828282,2
2010-01-05,11.2272621599,13.0103682684,0
2010-01-06,14.1890727976,17.7039172582,0
2010-01-07,13.8257427903,18.1616674204,1
2010-01-08,13.4216800006,15.0058731346,0
2010-01-11,12.2886725149,18.857060527,1
2010-01-12,15.566541799,21.9867452838,-1
2010-01-13,13.5314084642,17.7275025996,1
2010-01-14,12.4298446064,19.180834311,1
2010-01-15,10.5168537997,14.547907021,-1
2010-01-19,7.8824018766,11.7998929647,1
2010-01-20,12.9077652984,14.1858489509,-1
2010-01-21,15.6984057658,15.5470754122,-2
2010-01-22,14.8970306555,18.8223420999,-2
2010-01-25,13.2586096809,18.2592524861,1
2010-01-26,11.0170690768,16.9975059663,0
2010-01-27,9.5522698342,14.1995061963,1
2010-01-28,12.731624025,14.8984255106,-1
2010-01-29,9.4306006886,10.6305919586,-1
2010-02-01,11.8634056082,14.072170629,1
2010-02-02,9.6415781438,14.7387438311,1
2010-02-03,9.4060048029,9.9411330209,-1
2010-02-04,12.4074926447,12.1609334923,-2
2010-02-05,9.6923698458,13.9076989516,0
2010-02-08,13.0402565804,17.3056974857,-1
2010-02-09,11.9159510342,16.8465501861,2
2010-02-10,8.9597461312,15.6242793328,-1
2010-02-11,10.4663202264,16.3569295918,1
2010-02-12,9.0743382072,11.0168747165,-1
2010-02-16,7.0075723978,16.2136126148,2
2010-02-17,9.1036498316,18.2175740988,1
2010-02-18,9.5929188215,13.5187505545,1
2010-02-19,8.4614816858,14.3614105493,1
2010-02-22,9.3529964164,10.8020586399,-1
2010-02-23,12.7942830741,14.2478162685,-1
2010-02-24,9.3425617066,15.4905068823,1
2010-02-25,7.3404102217,8.6860159129,-1
2010-02-26,9.0856648819,16.9729778561,0
2010-03-01,12.0393866377,18.7802574958,1
2010-03-02,11.9985507127,14.3393262454,0
2010-03-03,9.3264607965,12.5875188162,0
2010-03-04,10.9601043401,15.120352458,1
2010-03-05,7.4147991364,12.4005464681,1
2010-03-08,12.4671484085,12.5664083689,0
2010-03-09,12.082184582,15.6559001878,0
2010-03-10,11.5027918377,12.2482418393,0
2010-03-11,8.4729888371,11.1186968056,1
2010-03-12,13.5982554124,18.6788216874,0
2010-03-15,13.641253987,9.8415655459,1
2010-03-16,11.4465857884,14.2811801724,1
2010-03-17,7.5181806041,11.7971129565,1
2010-03-18,11.1184676399,11.297508078,1
2010-03-19,14.1098395477,19.8168501025,-1
2010-03-22,14.7722444308,14.6405557222,1
2010-03-23,12.8660174909,14.8309098083,1
2010-03-24,9.9948491393,17.2882973564,-1
2010-03-25,11.9692009556,12.7493815664,0
2010-03-26,8.586075644,9.9240137887,0
2010-03-29,10.9769499979,12.33545571,1
2010-03-30,10.9406958094,14.3703526965,0
2010-03-31,10.355138489,13.3836952059,-1
2010-04-01,11.609632498,15.8197419511,1
2010-04-05,5.4211897587,11.0786031731,1
2010-04-06,13.7860709175,15.5444455037,0
2010-04-07,10.5922490625,16.1603080712,-1
2010-04-08,10.4023328795,14.1388458823,1
2010-04-09,10.439382551,14.5432189117,1
2010-04-12,13.8893705262,15.7797784137,0
2010-04-13,9.7246405188,11.8130778308,0
2010-04-14,8.2043764548,13.0001325778,1
2010-04-15,9.2969015451,13.539630227,1
2010-04-16,10.673690222,18.7982261972,-1
2010-04-19,11.8188190492,15.4191713409,1
2010-04-20,11.2037973354,11.2130177965,1
2010-04-21,10.2002122103,12.5366311515,0
2010-04-22,11.5188066091,15.0863267343,1
2010-04-23,9.2846939628,10.9543457618,1
2010-04-26,9.6261600051,13.1760086689,0
2010-04-27,8.61692211,7.427512175,-2
2010-04-28,15.549311409,18.4497649332,1
2010-04-29,11.5258211178,16.0306397651,1
2010-04-30,12.3238428088,19.1147160299,-2
2010-05-03,11.6099581397,12.2021983311,2
2010-05-04,10.0516410432,9.8823676663,-2
2010-05-05,11.7634734842,13.8822159074,-1
2010-05-06,12.6050474583,12.7432845666,-2
2010-05-07,12.3059223811,14.6941582045,-1
2010-05-10,13.1335285868,15.1446530522,2
2010-05-11,11.3211057663,12.292845099,-1
2010-05-12,10.8518480429,12.8714813608,2
2010-05-13,12.9089475054,14.4863799872,-1
2010-05-14,9.5223893447,13.3371221558,-2
2010-05-17,10.2306721564,13.0948263978,0
2010-05-18,12.4960928426,14.4622678314,-1
2010-05-19,11.3511844714,14.209485037,-1
2010-05-20,8.7242740744,13.2300580173,-2
2010-05-21,10.3277356582,9.3041131547,1
2010-05-24,11.0549238308,19.1033478617,-1
2010-05-25,12.6279596868,13.8748636262,-1
2010-05-26,11.4678017924,13.9052244015,-1
2010-05-27,9.8229138907,12.5616905787,2
2010-05-28,11.7073993619,16.6467680895,-1
2010-06-01,9.8928579072,12.0278239109,-1
2010-06-02,14.942793462,18.2956832021,2
2010-06-03,8.4936928655,11.4728398644,0
2010-06-04,13.6499158575,22.5766016698,-2
2010-06-07,8.2850170556,13.1333845107,-1
2010-06-08,9.204885372,13.9820157171,1
2010-06-09,13.9949409781,13.6101486368,-1
2010-06-10,10.303702304,17.1417696472,2
2010-06-11,11.4392417746,13.46554787,1
2010-06-14,10.0930886473,16.4917314155,-1
2010-06-15,12.7068007197,16.1181795084,2
2010-06-16,9.7780435693,15.6149188162,0
2010-06-17,9.2391530266,7.8145578787,1
2010-06-18,10.120392178,15.2712172828,1
2010-06-21,12.4817583089,16.68589472,0
2010-06-22,12.4391029363,16.7040114651,-2
2010-06-23,9.8667781176,11.7481827195,0
2010-06-24,10.2873083091,11.7275450475,-2
2010-06-25,11.4207725385,16.5585189412,0
2010-06-28,12.742430026,16.0016673775,0
2010-06-29,9.9529706109,13.7962420585,-2
2010-06-30,16.103368978,22.5092816891,-1
2010-07-01,12.4598605522,10.3095761389,-1
2010-07-02,10.9469352242,14.0451908109,-1
2010-07-06,8.9584175064,11.9505682542,1
2010-07-07,7.8435110228,14.0101755496,2
2010-07-08,12.0683331077,12.9582337657,1
2010-07-09,8.5804311795,14.1734898683,1
2010-07-12,9.8213245486,15.4620750594,1
2010-07-13,8.5133065386,14.0699225356,2
2010-07-14,11.021952078,16.521349053,0
2010-07-15,13.5337398457,16.8550218583,0
2010-07-16,14.5883615663,17.8082251768,-2
2010-07-19,12.3919175518,13.1940828009,1
2010-07-20,15.1716911967,12.4405783398,1
2010-07-21,11.7074155896,14.8884940766,-1
2010-07-22,9.2207316658,10.4711582932,2
2010-07-23,13.6371162201,18.1504475415,1
2010-07-26,12.5082315098,14.2139166448,1
2010-07-27,11.0938825347,14.3346519425,0
2010-07-28,11.3413756545,16.513531802,-1
2010-07-29,11.5858273706,10.7485708637,-1
2010-07-30,11.3502012294,16.7885838861,0
2010-08-02,10.2132246565,16.9639539074,2
2010-08-03,11.8082640966,17.4674940549,-1
2010-08-04,7.2374441531,9.3647612804,1
2010-08-05,11.179382864,13.2011710397,0
2010-08-06,8.8231930139,14.2410758042,-1
2010-08-09,10.2196000244,16.6590707604,1
2010-08-10,11.0715907281,17.1485397317,-1
2010-08-11,8.2919390703,11.4574085645,-2
2010-08-12,8.4983437557,16.5225856014,-1
2010-08-13,9.5710163802,13.1500656199,-1
2010-08-16,11.177477134,11.57493347,0
2010-08-17,12.0250586487,12.8016499164,1
2010-08-18,6.9932353852,9.3559439764,1
2010-08-19,9.3133942855,12.7734982134,-1
2010-08-20,9.586497027,15.8229330255,-1
2010-08-23,10.1844396229,10.0324252484,-1
2010-08-24,12.8920976583,19.2272083489,-1
2010-08-25,9.970206993,13.4385862314,1
2010-08-26,6.2686012574,7.4469029838,-1
2010-08-27,9.3003477608,11.2292332044,2
2010-08-30,9.9415089362,10.6895365831,-1
2010-08-31,11.0211876705,15.3283195329,0
2010-09-01,10.1525835706,10.6552691421,2
2010-09-02,12.5932638502,13.745084425,1
2010-09-03,9.721176555,11.9340940921,1
2010-09-07,13.2395115825,12.0448519485,-1
2010-09-08,14.6965844618,16.0803813455,1
2010-09-09,7.3469282946,7.1483284853,1
2010-09-10,16.8281571756,17.7863604583,1
2010-09-13,9.4233500719,12.1988492913,1
2010-09-14,10.5317996864,12.6516993965,-1
2010-09-15,5.2710559501,8.6342026101,1
2010-09-16,11.6362158724,14.8635804778,1
2010-09-17,12.7518037998,15.6982311587,0
2010-09-20,13.2504857633,17.601296764,2
2010-09-21,11.5017266216,10.4684764271,0
2010-09-22,9.2124071083,12.2816234991,-1
2010-09-23,12.7475103709,13.9013213202,-1
2010-09-24,14.643787522,15.7104919621,2
2010-09-27,9.2270971877,12.8765705622,-1
2010-09-28,7.1382969875,12.2701040578,1
2010-09-29,7.3920667224,10.5992775091,-1
2010-09-30,8.4799879049,8.5377922577,-1
2010-10-01,11.1833685168,12.7868307001,1
2010-10-04,12.2148075606,19.0125484746,-1
2010-10-05,10.2078131484,15.9864353807,2
2010-10-06,17.5258532303,19.2286937727,1
2010-10-07,10.5851977697,13.1641417459,-1
2010-10-08,12.7091825301,15.2469622233,1
2010-10-11,16.0222914774,20.6639504759,0
2010-10-12,10.3852054819,15.5911812422,0
2010-10-13,10.1633663973,16.4176590894,1
2010-10-14,19.0385271364,19.4106980556,0
2010-10-15,13.6847264975,14.9220657116,-1
2010-10-18,10.4416257571,13.2060492893,1
2010-10-19,13.0726301585,15.6484814765,-2
2010-10-20,13.8100402592,12.6908099863,1
2010-10-21,11.4728810296,12.9657124511,1
2010-10-22,9.8154042138,14.1809062465,0
2010-10-25,7.9291076157,10.4487685517,1
2010-10-26,8.716381275,19.7688269196,0
2010-10-27,9.1344088258,14.5294139659,-1
2010-10-28,8.0278032037,16.3143513084,0
2010-10-29,10.8165604817,16.2787282444,0
2010-11-01,9.1682220966,15.0998934937,0
2010-11-02,13.0324377795,13.673567182,1
2010-11-03,12.6560009726,10.656162456,1
2010-11-04,9.9362591554,15.2752375741,2
2010-11-05,14.8889436721,21.8119334199,0
2010-11-08,12.8929115168,17.1910467018,-1
2010-11-09,11.5844823652,12.7750779842,-1
2010-11-10,13.8484788885,19.0868856846,1
2010-11-11,12.5096368685,13.9612872532,-1
2010-11-12,10.8680446009,13.7525356923,-1
2010-11-15,9.872514701,12.9549707091,0
2010-11-16,11.5873861386,16.6564126441,-2
2010-11-17,11.823934958,13.0757668699,0
2010-11-18,8.1779137893,10.2541991681,2
2010-11-19,15.879343048,19.1846282022,1
2010-11-22,11.8535625071,15.3417710869,-1
2010-11-23,8.2143277216,10.7260466296,-2
2010-11-24,11.2815041094,11.755705845,2
2010-11-26,14.9704548776,15.6113935804,-1
2010-11-29,9.1315389693,19.7362533353,-1
2010-11-30,12.3352656171,21.7478232656,-1
2010-12-01,9.0952855593,12.0604045839,2
2010-12-02,10.7687794817,12.5338535014,1
2010-12-03,12.2242000933,13.051764796,1
2010-12-06,14.502716284,17.023850835,-1
2010-12-07,11.7524682211,18.755295451,0
2010-12-08,11.5717310678,10.9811164335,1
2010-12-09,14.8069156509,14.5366397119,0
2010-12-10,9.066334707,13.418193816,1
2010-12-13,11.2862956576,13.0313392703,1
2010-12-14,8.0138127107,11.4339169462,1
2010-12-15,9.2198752608,11.4447615736,-1
2010-12-16,9.7369331336,14.71648072,1
2010-12-17,9.1543333003,13.3388833437,0
2010-12-20,10.4420545738,11.3641984383,0
2010-12-21,12.6457758207,15.6268603585,1
2010-12-22,8.6797054137,10.5445230952,1
2010-12-23,13.5310413907,14.784408819,1
2010-12-27,14.8406315776,18.0687525988,-1
2010-12-28,10.6197341684,14.3846806048,1
2010-12-29,12.2836374565,11.439654518,0
2010-12-30,13.2824991643,11.4493921668,-1
2010-12-31,18.3595291532,18.8918741768,0
2011-01-03,13.0590535995,13.7064714566,1
2011-01-04,9.0975754763,12.3819235615,1
2011-01-05,13.1974036554,17.9194483119,1
2011-01-06,7.8222318105,12.0143823645,-1
2011-01-07,13.2642059211,16.3851256558,-1
2011-01-10,16.2882351722,15.9689469283,-1
2011-01-11,10.1405345111,12.6743147694,1
2011-01-12,10.6882888656,12.0303150326,1
2011-01-13,8.0958317456,11.4357596867,-1
2011-01-14,11.7186581254,11.6618535744,1
2011-01-18,9.8662719157,14.1185262484,1
2011-01-19,11.69895514,12.3421292011,0
2011-01-20,16.6014265704,17.5089960001,0
2011-01-21,10.2774475085,18.8137374221,1
2011-01-24,11.7230560808,9.340573215,1
2011-01-25,8.3464861888,13.2476119673,0
2011-01-26,6.3846656176,6.893705702,0
2011-01-27,11.1994948934,13.9810826335,0
2011-01-28,9.1939256203,15.5469920196,-2
2011-01-31,8.0089099278,11.8024471691,1
2011-02-01,12.2588623664,14.580528524,2
2011-02-02,13.6446229336,14.0949430651,0
2011-02-03,12.9770548743,17.9865146073,1
2011-02-04,8.1384396985,9.9431764411,1
2011-02-07,7.6344429202,11.6098395343,1
2011-02-08,8.3146781398,8.4010158823,1
2011-02-09,8.0113389175,13.7322956697,0
2011-02-10,11.5948956401,13.5513089609,0
2011-02-11,6.3268906585,9.570582427,1
2011-02-14,9.1036926859,9.4732926448,0
2011-02-15,5.8981832711,13.2113064769,-1
2011-02-16,8.4283167924,13.8408441993,1
2011-02-17,10.131880317,14.4951373939,1
2011-02-18,7.8703087564,15.0167037321,1
2011-02-22,10.3036030198,10.9553470104,-2
2011-02-23,6.8248452978,7.7984143017,-1
2011-02-24,9.233339639,10.3810722802,-1
2011-02-25,6.92545659,9.745932382,1
2011-02-28,10.2892257081,11.1215059165,1
2011-03-01,11.0833844035,13.442013001,-2
2011-03-02,12.6781097245,17.3349369916,0
2011-03-03,13.2464815741,11.449545632,2
2011-03-04,12.4024494502,18.6161128326,-1
2011-03-07,8.4678749367,9.0461259011,-1
2011-03-08,12.1390437179,18.2574583966,1
2011-03-09,9.7675658696,16.9346706398,0
2011-03-10,7.0808766464,11.7380657046,-2
2011-03-11,7.4815077375,15.2496193388,1
2011-03-14,13.2612881635,20.9387207929,-1
2011-03-15,12.557590359,16.1850704129,-1
2011-03-16,14.6288460169,20.7447617367,-2
2011-03-17,9.7522646841,15.4872284793,2
2011-03-18,9.9065178666,13.1235190248,1
2011-03-21,6.2414713484,7.4318533075,2
2011-03-22,13.103393163,15.779893611,-1
2011-03-23,8.0270785372,14.3180280083,1
2011-03-24,9.1745435856,13.1636620784,1
2011-03-25,10.2883816234,11.3352891881,1
2011-03-28,12.2171716606,18.5977357625,-1
2011-03-29,8.744230258,9.7890770505,1
2011-03-30,9.6594935229,9.9917873136,1
2011-03-31,8.2694601981,9.7299369807,-1
2011-04-01,6.8927014152,9.9106085693,1
2011-04-04,8.5089231892,12.1534456338,1
2011-04-05,10.1768619912,12.5512162176,0
2011-04-06,11.8250621862,18.2524827215,1
2011-04-07,9.7698671531,17.4511418011,-1
2011-04-08,10.4246763659,11.0218413086,-1
2011-04-11,7.3114668756,8.4524318901,0
2011-04-12,9.7954842287,16.679457222,-1
2011-04-13,11.6922148213,15.5340632385,0
2011-04-14,9.2704465522,10.9808727921,1
2011-04-15,8.4187101012,15.0750075989,1
2011-04-18,6.2820736861,8.872807809,-1
2011-04-19,7.2510557691,10.3533676095,1
2011-04-20,6.8823706253,10.2367477249,2
2011-04-21,5.5177790018,8.9245810487,1
2011-04-25,8.464192744,8.0736422012,-1
2011-04-26,14.1948798902,18.315312974,1
2011-04-27,8.6811506321,9.3950369413,1
2011-04-28,9.8289163239,11.8776251046,1
2011-04-29,9.7819716458,13.7710154787,1
2011-05-02,9.202402869,15.2595362276,0
2011-05-03,8.1410317779,10.5770428234,0
2011-05-04,6.8783530691,14.3883286072,-1
2011-05-05,8.9655542831,15.0610493673,-1
2011-05-06,15.5147967038,16.1044740119,1
2011-05-09,12.2592869214,16.2464478102,1
2011-05-10,11.7482459534,17.3988276633,1
2011-05-11,8.5099422808,12.1412439921,-1
2011-05-12,13.3744365243,21.1479572035,1
2011-05-13,8.9078410898,16.2701745974,-1
2011-05-16,9.1031469971,12.0591684814,-1
2011-05-17,6.4590365431,14.6386305076,-1
2011-05-18,11.4544737255,13.9935679695,1
2011-05-19,8.3234730662,11.2631119318,1
2011-05-20,9.3369881137,8.1293491444,-1
2011-05-23,7.6581719056,15.7401743515,-1
2011-05-24,7.4175126502,9.693058781,-1
2011-05-25,12.0003957726,16.1221143228,1
2011-05-26,12.4203636851,15.3435986969,0
2011-05-27,9.1932158657,11.2043897705,1
2011-05-31,8.6121518467,10.6774614275,1
2011-06-01,16.6880057417,21.0666040862,-2
2011-06-02,11.7496689925,17.8152806072,-1
2011-06-03,7.7086134792,11.8844913484,-1
2011-06-06,10.8582507396,11.0482636542,-1
2011-06-07,7.3471183361,10.5428201797,-1
2011-06-08,11.8966314862,13.1532414749,-1
2011-06-09,8.6411025653,14.4302932446,1
2011-06-10,9.3562217052,9.5206946567,-2
2011-06-13,10.9260763612,13.2673867641,0
2011-06-14,11.449399225,12.9739881419,1
2011-06-15,13.1176448713,14.6687395476,-2
2011-06-16,7.8077713012,9.2971661505,1
2011-06-17,8.0553171122,12.2058658079,1
2011-06-20,11.4058754008,15.8282133775,1
2011-06-21,8.2018225695,11.3765956277,1
2011-06-22,7.0039694706,12.2395737734,-1
2011-06-23,13.5334626985,18.4633954403,-1
2011-06-24,8.0685683296,9.8546162601,-1
2011-06-27,13.7127400527,14.0338149534,1
2011-06-28,9.9653190511,13.9560043145,2
2011-06-29,8.2007978017,12.1436853902,1
2011-06-30,8.5230947283,11.7995796898,2
2011-07-01,9.3412625013,10.76126627,2
2011-07-05,8.1260245223,13.8309780837,0
2011-07-06,8.6795970626,10.6967923039,1
2011-07-07,14.0866265606,14.4708463441,1
2011-07-08,9.5389458419,15.4502483792,-1
2011-07-11,8.8454000719,14.4080775842,-2
2011-07-12,11.3624145627,11.9245407331,-1
2011-07-13,12.3263561934,15.4208540256,1
2011-07-14,9.0219544834,8.9603120004,-1
2011-07-15,7.0635684204,9.7243502828,1
2011-07-18,7.791476783,11.7652417027,-1
2011-07-19,10.9451062949,11.052509201,2
2011-07-20,17.1129971076,15.65540856,0
2011-07-21,9.5672809228,11.9468225733,2
2011-07-22,6.9187201848,9.0319355299,-1
2011-07-25,13.4149218789,16.289414666,-1
2011-07-26,13.2478278388,14.8317318376,-1
2011-07-27,8.8124727572,14.1663043169,-2
2011-07-28,9.4284842231,13.5924710314,-1
2011-07-29,11.3081468119,12.7461839367,-1
2011-08-01,9.0902810708,14.2451498254,0
2011-08-02,10.7358113086,12.4039782708,-2
2011-08-03,9.770992178,13.5565876921,1
2011-08-04,12.8487229762,16.2780544354,-2
2011-08-05,9.167005545,8.6350463387,1
2011-08-08,9.9340105824,11.1995628409,-2
2011-08-09,7.7051904052,11.4620559258,2
2011-08-10,9.0686544684,17.6175869315,-2
2011-08-11,10.9057544265,12.8873794538,2
2011-08-12,12.0823075279,19.7663402684,1
2011-08-15,6.3232090315,8.7254663814,2
2011-08-16,6.5272054546,9.5643749681,-1
2011-08-17,14.4196992917,15.1677157809,1
2011-08-18,10.5509419639,12.691853236,-2
2011-08-19,10.5702135491,15.5695213131,-2
2011-08-22,6.6310206438,11.8669908011,1
2011-08-23,11.1372051959,15.200951568,2
2011-08-24,10.4942775607,14.08964643,2
2011-08-25,8.9314066838,12.8275356352,-2
2011-08-26,13.8471040458,18.7770913266,1
2011-08-29,9.5966307278,11.5546545814,2
2011-08-30,9.6176482965,8.5346185984,1
2011-08-31,10.0825280972,13.8384958317,1
2011-09-01,13.9320137971,15.6496437488,-1
2011-09-02,10.0970858596,11.9706439916,-2
2011-09-06,11.8421805023,13.6331326739,-1
2011-09-07,10.8298915161,10.8031162471,2
2011-09-08,13.7410875634,20.8278837747,-1
2011-09-09,9.7453406001,15.9908280183,-2
2011-09-12,9.677697925,9.8770862818,1
2011-09-13,13.517795185,17.7750347357,1
2011-09-14,9.6748973483,14.7950644348,1
2011-09-15,11.1392745667,18.8603930859,2
2011-09-16,9.1064448539,13.6564467461,1
2011-09-19,11.2221336204,13.3571208643,-1
2011-09-20,10.0403219545,9.6244157554,0
2011-09-21,8.3866685518,15.8015327408,-2
2011-09-22,13.8445334687,15.2365854854,-2
2011-09-23,8.8008813237,13.399615645,1
2011-09-26,14.3229091296,14.4522721749,2
2011-09-27,8.0308756868,12.1095247461,2
2011-09-28,5.2211595332,12.0054429646,-2
2011-09-29,14.6523405725,13.0644730821,1
2011-09-30,10.6509866424,12.7273875699,-2
2011-10-03,9.5643282639,10.3935176193,-2
2011-10-04,9.017096688,11.4368405339,2
2011-10-05,10.8854212594,11.8464352607,1
2011-10-06,9.9364894053,11.5825287972,2
2011-10-07,12.9856115816,16.2540250825,-1
2011-10-10,10.2191747173,15.6075582323,2
2011-10-11,8.0348782452,7.9372543838,-1
2011-10-12,14.989930432,15.6043856673,1
2011-10-13,8.4066181255,14.4950108194,-1
2011-10-14,10.4087663562,13.6558002748,2
2011-10-17,10.4179585555,11.7789991565,-2
2011-10-18,10.3466043437,17.7236128132,2
2011-10-19,10.0288394308,11.9078709219,-1
2011-10-20,15.7963403989,19.2353683867,1
2011-10-21,11.9233110527,13.1999830706,2
2011-10-24,10.5011135592,12.2928238358,1
2011-10-25,10.6606660386,12.9996287597,-2
2011-10-26,9.4634077766,13.8917444205,2
2011-10-27,8.9683601545,9.3222930558,2
2011-10-28,9.6432871367,14.282795481,1
2011-10-31,8.5608917137,9.4388473481,-2
2011-11-01,9.2066407925,7.550266412,-2
2011-11-02,8.2860817349,9.78255449,2
2011-11-03,10.3431498298,15.3495255593,2
2011-11-04,12.7957988812,11.5304758184,-1
2011-11-07,11.8205114524,17.6039183777,1
2011-11-08,9.9547613657,18.2983016214,1
2011-11-09,12.6313593765,17.7766001085,-2
2011-11-10,13.3992989914,14.0086373291,1
2011-11-11,11.3186323322,13.7236738955,2
2011-11-14,11.4885246501,13.7849878911,-1
2011-11-15,9.4049334041,13.7226872024,1
2011-11-16,12.8087090974,13.5799474423,-2
2011-11-17,15.4161738324,17.2172722352,-1
2011-11-18,9.9669734542,12.1342485802,1
2011-11-21,12.9926218628,16.6247086918,-2
2011-11-22,13.5571488935,13.3516401645,-1
2011-11-23,12.084337594,14.3094560724,-2
2011-11-25,12.7373997503,13.6473771219,-1
2011-11-28,13.9862437099,14.9291937879,2
2011-11-29,12.5796957556,14.2603921671,1
2011-11-30,14.7813377073,16.5769008744,2
2011-12-01,13.5609406052,17.1774227675,-1
2011-12-02,11.8784837845,15.3997761934,0
2011-12-05,17.0439064559,18.9728868169,1
2011-12-06,15.7198722279,19.1475835648,1
2011-12-07,10.8602907947,12.3191738634,1
2011-12-08,12.5284923704,15.4842526846,-2
2011-12-09,9.367396104,13.7800646484,2
2011-12-12,13.7472205704,15.1277480576,-2
2011-12-13,9.7581524051,13.4658226548,-1
2011-12-14,14.8203863622,16.2792109805,-1
2011-12-15,11.7138403948,12.911117435,1
2011-12-16,9.376846176,12.6320972362,0
2011-12-19,5.2307450244,7.2994910308,-1
2011-12-20,14.5789930877,18.9458194875,2
2011-12-21,8.9046378744,12.1117564324,0
2011-12-22,13.739334616,15.5069858453,1
2011-12-23,13.4410031794,16.7401222997,1
2011-12-27,8.3054194992,12.6155634726,0
2011-12-28,10.5679996646,16.3128766186,-1
2011-12-29,11.6295974984,14.6041196117,1
2011-12-30,8.581905007,12.5181743879,-1
2012-01-03,12.0077746544,20.9120604681,2
2012-01-04,12.8641661336,12.1672611745,1
2012-01-05,11.0000828727,15.7037130536,0
2012-01-06,6.9681900871,9.5908650307,-1
2012-01-09,11.6514374473,13.7402482617,1
2012-01-10,9.7059721453,13.8371031032,1
2012-01-11,11.4453745873,13.6447947613,0
2012-01-12,8.9591326108,14.6178715247,1
2012-01-13,8.2882518217,13.5856127533,-1
2012-01-17,10.9167565608,13.8756535209,1
2012-01-18,9.8678407232,14.4364363069,1
2012-01-19,11.4355268338,13.6779368704,1
2012-01-20,10.1103571875,11.4217820691,1
2012-01-23,11.288411604,15.6313097105,0
2012-01-24,9.0170680507,9.6530005881,-1
2012-01-25,11.9158109346,14.9702927391,1
2012-01-26,12.871195358,14.6901182783,-1
2012-01-27,8.4674365582,11.1186074641,-1
2012-01-30,7.3659060528,10.9260354412,0
2012-01-31,7.3510255367,9.9203352971,-1
2012-02-01,10.5759025883,13.1488286952,1
2012-02-02,7.6670438453,7.3532327164,0
2012-02-03,9.4082700465,13.5793454022,2
2012-02-06,10.5077775375,16.2059868049,-1
2012-02-07,13.0198064353,12.4640330441,1
2012-02-08,8.5561744729,12.7092232142,1
2012-02-09,10.1689181073,17.4823185563,0
2012-02-10,8.6935682094,10.5151204256,-1
2012-02-13,8.0414613517,11.458018722,1
2012-02-14,14.3577278064,15.7985080426,0
2012-02-15,7.6614783829,10.816302532,-1
2012-02-16,8.9795658896,11.5119867079,1
2012-02-17,8.4912437354,11.2980626179,1
2012-02-21,12.1150557009,19.611942038,1
2012-02-22,5.8440291167,6.9936594845,-1
2012-02-23,8.0261766659,10.3678186211,1
2012-02-24,12.6023206329,18.0227419373,0
2012-02-27,11.6823837842,18.9906264967,0
2012-02-28,7.4898915777,13.3964727481,1
2012-02-29,12.2984933367,17.8016930782,-1
2012-03-01,12.3901223008,17.5272799051,1
2012-03-02,12.2751981226,16.6082323784,0
2012-03-05,13.2341496957,18.3029150222,-1
2012-03-06,6.7089494792,9.4472702362,-2
2012-03-07,15.3396058382,14.1438964948,1
2012-03-08,10.5079255879,13.9624594269,1
2012-03-09,9.4713951079,11.8105629089,0
2012-03-12,10.5872460295,9.711987524,1
2012-03-13,7.8061024392,12.2795344933,2
2012-03-14,12.7609184438,14.3469403164,1
2012-03-15,14.9494300955,14.0989151118,1
2012-03-16,14.5762516737,19.4206259683,-1
2012-03-19,13.187924433,11.4488294647,0
2012-03-20,11.7106299781,11.1943090646,-1
2012-03-21,11.7760445143,11.2757517083,-1
2012-03-22,10.0672217704,13.9093321917,-1
2012-03-23,12.0099293068,13.6070922133,1
2012-03-26,12.8356272997,11.5871182365,2
2012-03-27,15.476948663,14.816776773,-1
2012-03-28,14.5672511471,14.1216557068,-1
2012-03-29,8.2802399788,11.5213814227,1
2012-03-30,13.1884178869,16.1846362624,1
2012-04-02,11.0963086734,12.0262159324,1
2012-04-03,10.6028168529,12.7865772685,-1
2012-04-04,11.1877319888,15.5678808714,-1
2012-04-05,10.9305358245,14.0286291221,0
2012-04-09,11.5776014263,12.7636204527,-1
2012-04-10,8.7389459484,9.8718686176,-2
2012-04-11,11.1466721498,14.4706737566,1
2012-04-12,11.5681618171,16.3526425493,2
2012-04-13,13.1615341433,12.9504448674,-1
2012-04-16,16.2538787231,16.9601844794,1
2012-04-17,8.1349059711,14.3455944179,2
2012-04-18,8.2923308947,9.6752108225,-1
2012-04-19,10.9302912451,15.7881945535,-1
2012-04-20,12.3053611628,15.3581548121,1
2012-04-23,10.136712824,12.641863254,-1
2012-04-24,12.612076035,14.3990902878,1
2012-04-25,7.5160389712,9.0380536156,1
2012-04-26,13.2495660935,11.9619377057,1
2012-04-27,11.9669964679,16.3265825621,1
2012-04-30,7.3333625332,11.6639680203,-1
2012-05-01,11.5055856581,15.4505854335,1
2012-05-02,13.0085355638,13.5639719757,0
2012-05-03,12.4765646567,18.1684494961,-1
2012-05-04,12.7059622955,14.2225383073,-2
2012-05-07,8.988064979,8.510747138,-1
2012-05-08,9.1399376233,13.1616961757,-1
2012-05-09,11.2894772077,9.5056862545,-1
2012-05-10,13.6699918443,18.8572084676,1
2012-05-11,15.1556006538,11.425555695,-1
2012-05-14,12.9895867175,19.5320938318,-1
2012-05-15,10.6952122106,14.0580823065,-1
2012-05-16,11.5413867501,15.2884703797,-1
2012-05-17,8.3241825979,16.3288569415,-2
2012-05-18,9.0656887585,11.7128617921,-1
2012-05-21,10.8961185448,18.8363624883,1
2012-05-22,10.3361980459,16.4528038069,0
2012-05-23,12.9524311789,14.3096921454,0
2012-05-24,12.4037685901,15.9273413553,1
2012-05-25,8.1089157134,11.1389463918,-1
2012-05-29,12.0549876941,11.5102280991,1
2012-05-30,9.587335728,11.9770777997,-2
2012-05-31,6.7472206035,9.2010377796,-1
2012-06-01,11.2447672775,18.4327579058,-2
2012-06-04,8.8634893829,8.4688845766,-1
2012-06-05,9.5197611758,10.9523103654,1
2012-06-06,13.6159938668,18.0240181521,2
2012-06-07,11.6885942571,16.3604688952,1
2012-06-08,8.9067808906,9.8039793889,1
2012-06-11,12.8047680713,11.4675383513,-2
2012-06-12,7.6491024094,8.6420204646,2
2012-06-13,10.6765089366,11.2147346305,-1
2012-06-14,11.5490992792,11.1366101822,2
2012-06-15,9.0509999231,12.2437549983,1
2012-06-18,10.585737238,11.4329926814,-1
2012-06-19,9.8028602264,12.3716506297,1
2012-06-20,12.6374868193,11.1608558477,0
2012-06-21,15.9782783448,18.5198583088,-2
2012-06-22,9.1828808283,12.3487511977,1
2012-06-25,11.8739863371,14.3344573689,-1
2012-06-26,12.3805511335,20.0559943106,1
2012-06-27,10.4379983768,11.8839682649,1
2012-06-28,9.5362122425,11.4755556564,-1
2012-06-29,11.4661699487,12.06501332,2
2012-07-02,12.0868302879,12.1050493794,0
2012-07-03,8.7175251129,10.6082194532,1
2012-07-05,9.0362425089,13.9567799086,-1
2012-07-06,10.3938129046,13.1051457448,-1
2012-07-09,12.5405549021,16.6663775508,-1
2012-07-10,10.0501029633,11.5149040937,-1
2012-07-11,7.8032210936,12.0756924545,-1
2012-07-12,9.6074622489,13.3886411946,-1
2012-07-13,8.6223049355,10.3034543716,2
2012-07-16,8.7675140395,17.3666380328,-1
2012-07-17,7.7826094082,13.6033190048,1
2012-07-18,8.679482058,12.0602290785,1
2012-07-19,9.0093176521,13.9625967496,1
2012-07-20,9.996253552,14.7169454727,-1
2012-07-23,13.2687228123,14.6589114687,-1
2012-07-24,11.6500730978,17.0002190609,-1
2012-07-25,10.160515807,9.7296233346,1
2012-07-26,10.0739492534,20.1489371943,2
2012-07-27,12.8860604104,15.3917659866,2
2012-07-30,14.7931097604,14.5134083796,0
2012-07-31,13.4440921343,15.7553513848,-1
2012-08-01,10.1701914009,12.7265388092,-1
2012-08-02,12.0850365038,15.553127528,-1
2012-08-03,13.6349246346,11.7014344891,2
2012-08-06,14.0264765103,16.7772796155,1
2012-08-07,11.1817040486,10.533916637,1
2012-08-08,8.3859953567,12.9028929237,1
2012-08-09,14.1213242116,17.0823807743,0
2012-08-10,12.7660306218,14.0906934948,1
2012-08-13,8.3133108836,11.5724558824,-1
2012-08-14,10.5092465292,16.3602181696,0
2012-08-15,10.745729375,14.3934486798,0
2012-08-16,6.8526470222,11.4941236873,1
2012-08-17,12.4660825538,15.7365067847,1
2012-08-20,11.8208304756,16.7177327392,0
2012-08-21,9.0110572158,14.9500844914,-1
2012-08-22,11.3377215907,16.5434646524,-1
2012-08-23,14.6903339134,14.2144693503,-1
2012-08-24,11.4350665471,13.494609623,1
2012-08-27,10.5253322821,16.7741739129,-1
2012-08-28,10.6246927697,16.8269634623,-1
2012-08-29,12.4830908318,13.2139384257,0
2012-08-30,11.1259518349,15.6857369622,-1
2012-08-31,9.535135514,16.5958224884,1
2012-09-04,11.0381024753,11.6637247674,-1
2012-09-05,9.0917861534,14.7108446241,0
2012-09-06,9.9139347186,16.7987683613,2
2012-09-07,10.9029529809,16.3331150186,1
2012-09-10,12.2424392631,15.6341868455,-1
2012-09-11,10.8204530917,14.1191310895,1
2012-09-12,8.9639996396,9.6817358543,0
2012-09-13,9.1766168644,11.0485549195,2
2012-09-14,5.9507340413,6.0826061821,1
2012-09-17,7.771662548,10.3791335524,-1
2012-09-18,12.1767643229,11.2930033882,0
2012-09-19,9.7713595127,13.1136820587,0
2012-09-20,11.782783574,12.1884800344,1
2012-09-21,8.5809737229,13.6545063081,-1
2012-09-24,8.9632732141,13.0882990994,-1
2012-09-25,11.0255917111,12.7733630107,-1
2012-09-26,8.9882530868,13.2376739223,-1
2012-09-27,13.416460196,13.1914895207,1
2012-09-28,9.5472237969,8.77778757,-1
2012-10-01,12.5610995664,17.311153647,1
2012-10-02,10.304838049,18.2258757896,-1
2012-10-03,9.2231962526,11.2517698189,1
2012-10-04,6.7289151634,11.8292088521,1
2012-10-05,12.8264209162,14.6079916168,1
2012-10-08,10.9859989663,10.920113669,0
2012-10-09,12.5402446337,12.8271339552,-1
2012-10-10,9.2331061221,15.1849667295,-1
2012-10-11,11.6542585732,18.0599568499,-1
2012-10-12,10.3469328896,11.4810729237,0
2012-10-15,11.8280770364,13.5008040573,1
2012-10-16,13.5879765257,16.9130848703,1
2012-10-17,11.5976212289,21.3999500669,1
2012-10-18,14.3039858869,19.4912911249,0
2012-10-19,8.7745553163,14.4752021795,-2
2012-10-22,12.3760476548,15.5505953219,0
2012-10-23,7.1523103159,12.5174427981,-2
2012-10-24,7.584805515,11.6938791414,-1
2012-10-25,10.3203828367,13.0023551363,1
2012-10-26,18.070258112,16.9049864256,0
2012-10-31,9.5635395671,12.4942640549,0
2012-11-01,10.1382250631,17.549420852,1
2012-11-02,7.450346661,10.5810264411,-1
2012-11-05,10.8354891011,15.530957939,1
2012-11-06,12.7394948073,11.3178017974,1
2012-11-07,10.7357925131,12.533012194,-2
2012-11-08,10.8199261769,12.4722552473,-1
2012-11-09,13.4242464707,13.537591493,0
2012-11-12,11.9419380547,15.4119960573,0
2012-11-13,9.9555157429,13.7638822562,-1
2012-11-14,7.9927743538,8.4692285429,-2
2012-11-15,10.6587335369,16.1084631553,-1
2012-11-16,9.6084331981,16.7780948496,1
2012-11-19,13.838581713,22.7511952851,2
2012-11-20,8.5024047225,14.1389538947,0
2012-11-21,11.4783833468,15.468485243,1
2012-11-23,9.8663482773,12.1390753813,2
2012-11-26,13.8526916555,15.6241287837,-1
2012-11-27,14.3127331439,14.466078727,-1
2012-11-28,8.25597336,12.8228882494,1
2012-11-29,16.035713298,17.3915700732,1
2012-11-30,11.9298711081,18.9864318598,0
2012-12-03,10.2841642588,11.6895191713,-1
2012-12-04,9.0487017294,10.6108536822,-1
2012-12-05,11.1867524715,15.281191658,1
2012-12-06,10.8825015875,14.5834863122,1
2012-12-07,9.9237774132,13.8014165877,1
2012-12-10,6.4115771931,12.0980347205,1
2012-12-11,10.757670989,12.5546668938,1
2012-12-12,8.3960799016,6.4863803908,0
2012-12-13,12.5234809521,15.0065049756,-1
2012-12-14,8.1737639363,13.7069362364,-1
2012-12-17,10.9130642234,16.7527430494,1
2012-12-18,6.1959661492,10.1802664618,1
2012-12-19,13.1665985362,19.6533413033,-1
2012-12-20,9.2009704377,12.6759178062,1
2012-12-21,13.579261045,15.4961131857,-1
2012-12-24,9.6795502335,14.6942639856,-1
2012-12-26,13.8154030911,18.938840735,-1
2012-12-27,9.0104939995,10.3763857939,-1
2012-12-28,10.6795243553,13.4362282659,-2
2012-12-31,13.789305004,19.2595911634,2
2013-01-02,8.4194217212,12.858978454,2
2013-01-03,8.5146759695,7.628513378,-1
2013-01-04,12.2832210375,16.9035228456,1
2013-01-07,9.0507221553,13.8504741552,-1
2013-01-08,7.7861504285,13.6439551454,-1
2013-01-09,10.2505224253,15.06427049,1
2013-01-10,14.7265821999,19.7697479679,1
2013-01-11,13.8385600307,15.65537415,1
2013-01-14,10.7469570948,14.1158794199,1
2013-01-15,9.1451307395,14.998777421,1
2013-01-16,12.8065942772,11.4351893352,-1
2013-01-17,5.192803512,6.0593118758,1
2013-01-18,10.7887280436,16.3185304965,1
2013-01-22,11.3722379132,12.3363053001,1
2013-01-23,8.9132734954,11.9878849656,1
2013-01-24,10.5444309587,14.7512424572,1
2013-01-25,14.368164651,14.4913619915,1
2013-01-28,12.9442980349,14.6485072387,0
2013-01-29,13.0720792307,12.9286426738,1
2013-01-30,14.3429558779,17.1976430285,-1
2013-01-31,13.698128403,14.7707630469,-1
2013-02-01,9.5603220533,10.4922012887,2
2013-02-04,8.0740180069,9.6363561566,-1
2013-02-05,11.8693071535,12.116026217,1
2013-02-06,10.0249072756,14.5330042649,0
2013-02-07,13.0022179112,12.0823566876,-1
2013-02-08,10.2793916649,16.423929972,1
2013-02-11,13.7374405836,16.0938770393,-1
2013-02-12,15.3965934331,16.6954498439,1
2013-02-13,10.8305321908,14.0392027531,-1
2013-02-14,8.3319438228,10.2971892011,0
2013-02-15,9.5086989946,12.0119514795,0
2013-02-19,8.9994811027,8.6336842076,1
2013-02-20,11.1256498553,15.1226719369,-1
2013-02-21,12.2240384976,17.2822069184,-1
2013-02-22,6.1916400099,11.2506695262,1
2013-02-25,9.2220263101,10.3055957033,-2
2013-02-26,12.7066425528,11.1626248099,1
2013-02-27,13.743093145,19.1461040272,2
2013-02-28,8.4415180607,10.5992606475,-1
2013-03-01,9.7502298837,12.241156271,1
2013-03-04,7.2563699413,9.0604966899,1
2013-03-05,12.0930107163,17.8707073177,1
2013-03-06,7.7958001495,12.5557748167,1
2013-03-07,9.2960757945,13.2827373971,1
2013-03-08,9.2871421996,14.1789423133,1
2013-03-11,8.496390735,14.8258592935,1
2013-03-12,12.0070158439,16.306251486,0
2013-03-13,12.2739449994,16.1666927282,0
2013-03-14,13.3780931052,10.4765587863,1
2013-03-15,14.5102456336,17.578910532,-1
2013-03-18,9.4527221134,11.5591656602,-1
2013-03-19,9.0811717319,10.6586339913,0
2013-03-20,8.6287132784,12.9200577637,1
2013-03-21,12.4720186006,14.332576825,-1
2013-03-22,7.0492456696,9.4621294418,1
2013-03-25,10.1501946943,16.1094457294,-1
2013-03-26,9.6349586002,16.3626334829,1
2013-03-27,12.6862377414,13.2726722004,-1
2013-03-28,8.724169733,10.8223483628,1
2013-04-01,12.3140722546,12.3963767171,0
2013-04-02,9.0275725928,12.9953024412,1
2013-04-03,6.3839506716,14.1396848796,-1
2013-04-04,8.978102276,15.6840202443,1
2013-04-05,9.2327924023,10.1029828238,-1
2013-04-08,7.592449651,9.5281905747,1
2013-04-09,9.3173589054,11.2841148435,1
2013-04-10,6.9733349707,8.8162593872,1
2013-04-11,11.108659449,11.8435084938,1
2013-04-12,9.3541357854,12.3194004334,0
2013-04-15,11.3333910022,14.4478320186,-2
2013-04-16,8.0423148992,17.6024597438,2
2013-04-17,8.8630921492,12.7892711205,-1
2013-04-18,10.4886804048,11.0167119051,-1
2013-04-19,15.2548033066,13.7432476213,0
2013-04-22,7.5801335096,10.7849901335,1
2013-04-23,8.3325587864,12.6817639842,2
2013-04-24,12.9334268106,19.8742583669,-1
2013-04-25,9.814956242,14.2690717734,1
2013-04-26,12.2877233165,13.0647319632,0
2013-04-29,10.8633589514,14.4878762801,1
2013-04-30,6.8608339378,7.1456034989,1
2013-05-01,9.2807513723,13.3773521572,-1
2013-05-02,11.5636078815,12.3460127644,1
2013-05-03,12.4027938876,13.9924051118,2
2013-05-06,14.3521327104,20.4279371998,0
2013-05-07,10.3384421228,14.7055265468,1
2013-05-08,7.2640445657,10.5629137868,1
2013-05-09,9.2561684934,10.1740390017,-1
2013-05-10,13.8809454212,14.3905387625,1
2013-05-13,10.9399037722,15.5686406924,-1
2013-05-14,10.7411786581,12.0888186847,1
2013-05-15,11.1091229991,13.0786315854,1
2013-05-16,11.9216579865,14.7586589987,-1
2013-05-17,8.8349900368,20.0113552394,1
2013-05-20,11.9458868824,9.275851958,0
2013-05-21,11.8393115967,11.5592805263,1
2013-05-22,12.7484473624,15.873816999,-1
2013-05-23,11.5570668249,11.7871081869,0
2013-05-24,14.7004178848,14.8906308804,0
2013-05-28,10.6944685851,19.2727856024,1
2013-05-29,10.6801786352,13.513329343,-1
2013-05-30,13.6628034318,17.40698081,1
2013-05-31,11.4594956037,13.5032879591,-2
2013-06-03,11.5585373304,17.1266832116,1
2013-06-04,9.0389939686,8.1507890437,-1
2013-06-05,9.7253787529,9.4819704492,-2
2013-06-06,10.7636684961,9.8580683884,1
2013-06-07,8.0204786832,12.3975470254,2
2013-06-10,12.9749552739,11.5111446786,0
2013-06-11,14.1706044534,13.8826411341,-1
2013-06-12,8.6247552752,14.4619381433,-1
2013-06-13,10.4648053238,14.2634454707,2
2013-06-14,13.8108365978,15.8874976657,-1
2013-06-17,13.5547948516,15.6237273806,1
2013-06-18,9.907708839,15.3066515188,1
2013-06-19,10.9419807603,15.1252183758,-2
2013-06-20,14.0048329224,17.7667752489,-2
2013-06-21,9.4861215812,12.7672250021,1
2013-06-24,10.2768262342,12.1176104361,-1
2013-06-25,12.859525817,19.414904584,1
2013-06-26,11.9402540886,16.78963615,1
2013-06-27,12.0656439147,15.1762639714,1
2013-06-28,12.7450632506,13.4093732503,-1
2013-07-01,8.6657939533,9.6262736773,1
2013-07-02,14.1684367182,18.0617402856,-1
2013-07-03,6.8190068218,9.6220596193,1
2013-07-05,11.3223319253,11.2849135412,1
2013-07-08,9.4897312275,8.9685596804,1
2013-07-09,11.575166841,14.0846674364,1
2013-07-10,8.8149416801,11.3275202085,0
2013-07-11,8.6464320402,11.4874151176,2
2013-07-12,8.3692472839,10.1598199544,0
2013-07-15,13.4052366247,12.5786656601,1
2013-07-16,7.5927542066,10.4247453962,-1
2013-07-17,9.5568817202,14.3453375409,0
2013-07-18,15.8710840951,17.8180503572,1
2013-07-19,11.9014724244,15.4134104187,1
2013-07-22,13.190287821,15.0568551604,0
2013-07-23,8.6813616488,13.41542724,1
2013-07-24,9.6764925393,13.7204289478,-1
2013-07-25,14.8425628445,18.6698137735,1
2013-07-26,10.3877902918,12.2285709787,0
2013-07-29,12.344882391,20.5074950673,-1
2013-07-30,9.8920706208,16.0999921888,0
2013-07-31,15.3229482723,18.1484783971,-1
2013-08-01,11.3045205152,11.037688031,1
2013-08-02,17.5106496633,18.2258834142,1
2013-08-05,10.4812772057,12.3428195893,-1
2013-08-06,12.4149761074,13.3340709678,-1
2013-08-07,11.987329539,12.9252866349,-1
2013-08-08,10.8903183641,14.8240192194,1
2013-08-09,19.6092730954,19.4498572721,-1
2013-08-12,12.1343777858,14.6998203758,0
2013-08-13,12.5766828836,16.1066016218,1
2013-08-14,10.1032418914,13.2160490143,-1
2013-08-15,10.4117920741,12.9423429541,-2
2013-08-16,8.3879170865,12.011373074,-1
2013-08-19,10.955709977,12.9915973603,-1
2013-08-20,12.7367603264,15.9829706752,0
2013-08-21,8.8753233063,16.1265929385,-1
2013-08-22,16.0595952707,19.3394388458,1
2013-08-23,11.2724153169,18.2289868769,1
2013-08-26,11.4913049753,18.1717170738,-1
2013-08-27,7.4106508807,9.9808259118,-2
2013-08-28,8.2127883221,11.8437749871,1
2013-08-29,16.358961701,19.5229902109,1
2013-08-30,10.4369911849,11.3803730397,-1
2013-09-03,8.6168190674,9.2449521067,1
2013-09-04,11.5054850847,15.6369448225,1
2013-09-05,10.2928209584,12.3150956474,0
2013-09-06,9.636033411,10.9803901572,-1
2013-09-09,9.0072701475,10.7850904075,1
2013-09-10,8.5992667693,13.122940002,1
2013-09-11,15.2805802238,16.6460965132,1
2013-09-12,8.4236989845,8.4040192914,-1
2013-09-13,10.2197169622,13.9420169038,1
2013-09-16,10.4923537444,9.8484696322,1
2013-09-17,9.6931548289,18.1356027381,1
2013-09-18,9.8236485043,12.7790880097,2
2013-09-19,13.6917078962,17.2590268922,-1
2013-09-20,8.3581195362,11.0194109137,-2
2013-09-23,9.0043092197,12.127455661,-1
2013-09-24,9.5316255453,13.2347282626,-1
2013-09-25,11.5332605592,17.6281710508,-1
2013-09-26,9.0637706243,9.5044366612,1
2013-09-27,15.6052070464,16.0843022162,-1
2013-09-30,9.0496696358,10.6182734628,-1
2013-10-01,7.3780696734,10.4271014321,1
2013-10-02,9.6898989313,12.549573629,-1
2013-10-03,7.4528202961,11.6090830799,-1
2013-10-04,15.5047281172,21.4584742397,1
2013-10-07,13.5190465762,16.3370212456,-1
2013-10-08,10.3385412242,10.9244565269,-2
2013-10-09,11.8182781595,16.1407696133,1
2013-10-10,9.1527397845,8.890091172,2
2013-10-11,13.4678591924,15.7356699297,1
2013-10-14,15.0699286341,13.7494224597,1
2013-10-15,11.1661961855,11.2798806102,-1
2013-10-16,10.1887580439,10.6752283459,2
2013-10-17,10.0974139656,16.983369903,0
2013-10-18,9.5581552128,14.0557705469,1
2013-10-21,10.7456785582,13.0320274516,0
2013-10-22,10.5906820794,14.7993577832,1
2013-10-23,11.9049396509,12.1045199439,-1
2013-10-24,15.1463804702,16.359114052,1
2013-10-25,12.1154637166,13.4771828424,1
2013-10-28,10.5893001579,11.3182491906,0
2013-10-29,10.2201468512,11.7111096083,1
2013-10-30,10.1282109133,12.3295209714,-1
2013-10-31,13.8020808711,19.9602709669,-1
2013-11-01,10.4269172536,12.3912528402,1
2013-11-04,9.2134993146,13.1114821759,1
2013-11-05,8.8642401765,13.0433869464,0
2013-11-06,10.4972901565,16.8700882893,1
2013-11-07,13.2609875653,16.5780576272,-2
2013-11-08,13.1692883958,14.895495654,2
2013-11-11,13.7492830126,11.2703077186,1
2013-11-12,11.1995764861,15.4318251426,-1
2013-11-13,12.29088183,13.2442942983,1
2013-11-14,8.762584549,11.6606106913,1
2013-11-15,13.0735328525,16.4327429655,1
2013-11-18,9.0996945769,15.268436376,0
2013-11-19,10.7492405762,15.8930201013,0
2013-11-20,16.0446494483,10.9648259286,-1
2013-11-21,14.4209595847,14.7517370519,1
2013-11-22,9.4082365354,13.3535205314,1
2013-11-25,10.9953709495,14.5574395907,0
2013-11-26,14.6437272268,17.3597721784,0
2013-11-27,15.2233554825,17.8000454433,1
2013-11-29,10.4780679595,11.4475904711,-1
2013-12-02,10.8426836327,13.8859587207,-1
2013-12-03,11.5815795162,13.8543932644,-1
2013-12-04,8.9550934644,14.6931659068,-1
2013-12-05,10.0254629579,12.7876435877,-1
2013-12-06,6.1180154224,8.3934948755,2
2013-12-09,8.062811324,11.5808894265,0
2013-12-10,11.1463441806,11.9089020139,-1
2013-12-11,11.1671648022,11.7605108514,-1
2013-12-12,10.8039360247,11.6113638739,-1
2013-12-13,12.3308673909,15.5108213988,0
2013-12-16,11.600137956,14.5164405343,1
2013-12-17,16.2978534154,15.9707665517,0
2013-12-18,12.4711311896,13.9592281383,2
2013-12-19,11.4059561051,14.041644839,1
2013-12-20,9.8757211707,12.3335020235,1
2013-12-23,13.7425293414,15.6638580914,1
2013-12-24,12.4212755595,13.2728027857,1
2013-12-26,10.9303681692,14.508230282,1
2013-12-27,8.165261511,13.0661537063,0
2013-12-30,8.6916479905,12.8530636194,1
2013-12-31,11.9444742887,9.7306622087,1
2014-01-02,11.9996714951,16.5171434463,-1
2014-01-03,7.9409927372,13.5869013748,0
2014-01-06,9.2930782018,14.8952717013,-1
2014-01-07,7.896566427,10.7521381579,1
2014-01-08,14.3058098255,18.1936017742,-1
2014-01-09,9.9512510796,12.0669751955,-1
2014-01-10,11.0196215404,15.9501721835,-1
2014-01-13,14.0802502922,15.4190821835,-2
2014-01-14,10.3477177892,13.3816712852,1
2014-01-15,7.580742885,13.526505753,1
2014-01-16,9.8474243135,11.9432967611,-1
2014-01-17,10.9446968362,10.5565953696,1
2014-01-21,8.7787707695,12.4128228384,-1
2014-01-22,12.5561787736,13.0894214448,-1
2014-01-23,9.3189239861,11.4975215246,-2
2014-01-24,12.937516395,15.2451865107,-2
2014-01-27,11.838751613,15.2230874854,-1
2014-01-28,13.3554316926,15.4968532672,1
2014-01-29,9.5587440526,15.47669549,-2
2014-01-30,9.6213272594,14.8256982275,1
2014-01-31,10.0742692259,12.3971638881,-2
2014-02-03,13.1797438192,17.7876251139,-2
2014-02-04,13.604088394,13.8558470161,1
2014-02-05,12.8244733531,10.486097653,0
2014-02-06,12.2336694209,16.6550442266,2
2014-02-07,10.5906802957,16.8325245508,2
2014-02-10,9.5112965768,14.0595091444,0
2014-02-11,10.1953698694,13.1456466063,2
2014-02-12,13.9820783202,20.2733004754,-1
2014-02-13,11.3629051623,14.0999443532,1
2014-02-14,13.250783583,12.7971862297,1
2014-02-18,9.6000679565,16.116803737,-1
2014-02-19,7.410325733,9.0296895048,-1
2014-02-20,11.0593957778,17.6545929788,1
2014-02-21,12.2573385567,13.3920708311,-1
2014-02-24,9.6076614726,10.1396619026,1
2014-02-25,9.4021840832,10.6637926883,-1
2014-02-26,11.2162259354,16.7954691581,1
2014-02-27,8.8401916045,10.8626355468,1
2014-02-28,10.2073934657,11.1545346282,1
2014-03-03,8.1781785347,12.2170741737,-2
2014-03-04,8.04222662,14.1912636387,2
2014-03-05,10.3339514232,16.2700739576,-1
2014-03-06,10.0227849301,13.7635236844,1
2014-03-07,8.258869401,9.5457293529,1
2014-03-10,7.4359090562,12.1251472827,-1
2014-03-11,7.7876703412,16.6720047981,-1
2014-03-12,8.6797832814,13.9630623483,0
2014-03-13,9.8371877394,11.0545715905,-2
2014-03-14,7.1077890637,12.8001495802,-1
2014-03-17,6.6287541058,9.5933257553,2
2014-03-18,10.226956072,9.3848531073,1
2014-03-19,9.5580566456,15.1503173837,-1
2014-03-20,15.3273255045,13.9025361593,1
2014-03-21,8.295596236,11.2432381841,-1
2014-03-24,5.5487878501,8.5250590203,-1
2014-03-25,8.3688481339,13.6202507064,1
2014-03-26,10.261521786,16.000332525,-1
2014-03-27,12.144019333,13.9373529178,0
2014-03-28,9.2167096186,8.6533791106,1
2014-03-31,5.8883138662,7.7117723586,1
2014-04-01,8.4628145409,11.2792763719,1
2014-04-02,13.9316646151,18.8532260039,1
2014-04-03,9.2132517884,11.1866494616,0
2014-04-04,8.1894713169,10.845380289,-2
2014-04-07,7.2508424387,9.1729943614,-2
2014-04-08,9.0986863429,15.7565960025,0
2014-04-09,6.8633184615,13.7677689775,2
2014-04-10,13.0034958824,17.7748668803,-2
2014-04-11,9.6991153171,14.5167531518,-2
2014-04-14,10.4217589742,12.3992720272,2
2014-04-15,7.2437385061,10.8620434578,1
2014-04-16,8.002014883,10.9510908864,2
2014-04-17,6.6537416589,8.594896677,-1
2014-04-21,12.0313331853,18.0181455761,1
2014-04-22,7.5570004931,12.0059651089,1
2014-04-23,8.5519193028,11.8610709367,0
2014-04-24,8.0550587423,10.5111597553,0
2014-04-25,9.3423113383,16.2359715636,-2
2014-04-28,6.9676687517,9.888661028,1
2014-04-29,7.9461595696,12.2393804113,1
2014-04-30,9.1216097085,13.3204771279,1
2014-05-01,9.2508656945,15.3737661748,-1
2014-05-02,8.7726821267,11.9358143055,-1
2014-05-05,8.3611828252,10.6470809437,1
2014-05-06,11.932557409,15.7634263238,-1
2014-05-07,8.3249524181,12.0661252064,1
2014-05-08,5.7292792277,8.789076477,1
2014-05-09,6.0075293385,7.4570718892,1
2014-05-12,7.8919290201,10.8822227541,1
2014-05-13,10.0838912508,10.3711093912,1
2014-05-14,10.1965458357,13.2528931648,-1
2014-05-15,13.6536245565,12.6367214602,-2
2014-05-16,8.7866200625,12.8104015417,1
2014-05-19,11.1102976165,12.9028105254,1
2014-05-20,11.5629798389,12.266725689,-1
2014-05-21,9.3390502364,14.177924651,2
2014-05-22,11.0958871891,18.6946335767,0
2014-05-23,9.5492652623,12.9514121411,1
2014-05-27,10.3676273374,12.6441149354,1
2014-05-28,8.077593927,11.7833512536,-1
2014-05-29,9.0299798351,9.1933405467,1
2014-05-30,6.6123325401,7.3094975109,1
2014-06-02,7.1918119855,10.1517855018,1
2014-06-03,13.8728557331,15.150730714,-1
2014-06-04,10.4220159045,13.0415415484,1
2014-06-05,10.1303012695,15.6195365414,1
2014-06-06,10.6457341667,10.8236512252,1
2014-06-09,10.9981721423,15.361785357,1
2014-06-10,7.4494728561,11.0109139809,0
2014-06-11,8.7075976488,10.5466437958,-1
2014-06-12,13.5979235925,11.5220937066,-1
2014-06-13,9.8793402379,8.7532553618,1
2014-06-16,9.2296271918,13.6899544624,1
2014-06-17,8.8302593911,8.5475559499,1
2014-06-18,11.2906435842,16.5824886869,1
2014-06-19,13.073682472,16.2891837431,0
2014-06-20,9.46664102,9.566412423,1
2014-06-23,8.4196218286,9.997328224,0
2014-06-24,6.8967086286,11.7749582026,-1
2014-06-25,12.7308362815,14.9530435666,1
2014-06-26,10.2495004442,13.8651441011,-1
2014-06-27,7.2378795458,11.4210672175,0
2014-06-30,10.8895992049,12.9807398257,-1
2014-07-01,8.792987545,11.6366184487,1
2014-07-02,6.7541169126,9.0957072543,1
2014-07-03,12.2622089662,13.2421147287,1
2014-07-07,7.9242011764,11.005762097,-1
2014-07-08,9.9035937079,12.4448049651,-1
2014-07-09,7.0152236172,8.2651467125,1
2014-07-10,12.1274788141,12.1480597914,-1
2014-07-11,8.0288314655,12.4281398414,1
2014-07-14,9.2453290679,9.6053382199,1
2014-07-15,9.5351630569,10.0056512813,0
2014-07-16,7.4353973912,10.7968143425,1
2014-07-17,7.4846808597,8.8078545108,-2
2014-07-18,6.6810070182,10.9332654305,1
2014-07-21,8.9458792634,13.382593294,-1
2014-07-22,8.3444779896,13.2233100284,1
2014-07-23,6.4547332008,16.0701664808,-1
2014-07-24,9.9042910867,11.0277233043,0
2014-07-25,8.9106883903,8.2270134471,-1
2014-07-28,9.2754561027,9.4743372725,1
2014-07-29,10.4018078242,14.7908188425,-1
2014-07-30,7.5531608294,16.0542868438,-1
2014-07-31,8.1928202003,11.6084687262,-2
2014-08-01,7.7554201354,11.0913118091,-1
2014-08-04,8.0569137805,12.6158573687,1
2014-08-05,10.0731587014,8.8283001817,-1
2014-08-06,7.8521833083,10.4934953241,1
2014-08-07,6.5465436303,5.9999923211,-1
2014-08-08,6.6864411983,6.8957471386,2
2014-08-11,8.7002845909,14.4634294196,0
2014-08-12,7.5818944597,11.364251998,0
2014-08-13,8.6023582444,10.167564278,1
2014-08-14,10.7944693829,13.0063175005,1
2014-08-15,6.6039637338,13.0777989206,-1
2014-08-18,10.7513597159,13.9523175714,2
2014-08-19,10.0061544058,9.9614296778,1
2014-08-20,7.6364852445,11.1220372845,1
2014-08-21,7.5920365427,14.5356062226,1
2014-08-22,7.2329833361,11.7033622933,-1
2014-08-25,8.6546578438,11.8630845695,1
2014-08-26,9.4115212656,11.0665326137,1
2014-08-27,8.7428437383,13.435032845,0
2014-08-28,7.0512675111,10.7756878061,-1
2014-08-29,5.9467554623,12.6597860882,1
2014-09-02,13.22808169,14.3442860012,-1
2014-09-03,5.1110139656,8.2507852034,0
2014-09-04,7.2415338388,12.6122985216,0
2014-09-05,10.6672382617,11.8226396163,1
2014-09-08,7.0359629238,10.4472473337,-1
2014-09-09,7.053565354,8.592650109,-1
2014-09-10,9.9431670471,12.2509613759,1
2014-09-11,9.9710615875,14.8174975198,0
2014-09-12,9.6792251287,14.2309118914,-1
2014-09-15,8.9403636677,7.8568877892,1
2014-09-16,11.5923725901,11.9680013657,1
2014-09-17,11.0634198186,13.9914256276,1
2014-09-18,9.188111412,13.1030294829,1
2014-09-19,7.9609288156,11.6516885174,0
2014-09-22,12.0096265998,10.9844664913,-1
2014-09-23,5.9466470695,8.0056695618,-1
2014-09-24,7.069679687,8.1464802397,2
2014-09-25,10.1895120907,10.2934169202,-2
2014-09-26,10.4823817035,10.7339824025,2
2014-09-29,9.5586759488,9.9364933053,-1
2014-09-30,11.0074059997,15.7203823045,-1
2014-10-01,11.897575335,12.876426173,-2
2014-10-02,10.4657365904,12.0625425452,0
2014-10-03,7.1218763765,9.3743339772,2
2014-10-06,8.6287164184,10.0473063619,-1
2014-10-07,9.7361631842,14.9429527473,-2
2014-10-08,10.0305520688,14.4938348978,2
2014-10-09,11.2398403156,13.5326783528,-2
2014-10-10,10.1612331182,15.7713253751,-1
2014-10-13,7.5824130836,8.31259687,-2
2014-10-14,6.8717101628,9.6498657008,0
2014-10-15,13.0663369695,15.7724340581,-2
2014-10-16,10.6129034328,13.5248894062,-1
2014-10-17,8.8835434102,9.2818087224,2
2014-10-20,7.2833262612,12.1447204022,1
2014-10-21,12.5445621045,13.9856735016,2
2014-10-22,10.6410426125,16.4692252277,-2
2014-10-23,10.7011738691,12.9384107518,2
2014-10-24,10.3422143575,17.1807257504,1
2014-10-27,4.6237626894,10.5185171746,1
2014-10-28,9.245207818,10.5355072673,2
2014-10-29,12.9571898454,12.3149456818,-1
2014-10-30,5.6078780128,9.3780760895,2
2014-10-31,11.2977679235,13.5515840767,2
2014-11-03,5.7434389503,6.2064103034,-1
2014-11-04,7.8758279925,10.5471725281,1
2014-11-05,8.5410600153,10.8042638627,1
2014-11-06,9.5904055769,14.5961972341,1
2014-11-07,9.7980662411,11.7149748302,1
2014-11-10,8.9057797497,11.1502208699,1
2014-11-11,8.1454424631,14.5108067551,0
2014-11-12,7.7365610612,12.1691757744,0
2014-11-13,9.8038608338,9.6419052348,1
2014-11-14,9.9142067016,11.0032589158,-1
2014-11-17,7.3554967806,6.5944707662,1
2014-11-18,10.8905519075,14.113801192,1
2014-11-19,7.7069480245,8.1588309596,0
2014-11-20,8.5017581564,13.6726264216,1
2014-11-21,10.6280262002,12.2491714385,1
2014-11-24,9.5614624742,13.7143372884,0
2014-11-25,11.0719387503,14.1928242512,0
2014-11-26,9.3444658882,15.3437452718,1
2014-11-28,11.6236136176,12.3626777134,0
2014-12-01,9.3319017295,9.8449171665,-1
2014-12-02,10.5759366558,11.9258529266,1
2014-12-03,12.0984195703,16.5518435126,1
2014-12-04,11.39376439,18.2811548603,0
2014-12-05,8.5746618748,11.1118399707,1
2014-12-08,8.470217123,14.6490667541,-1
2014-12-09,8.0032172001,12.6514484574,-1
2014-12-10,9.9575558867,16.0574470713,-2
2014-12-11,9.4575820688,14.0929653435,1
2014-12-12,10.9502983081,14.2842398466,-2
2014-12-15,11.5191241069,12.6059915525,-1
2014-12-16,7.5672044432,10.8255898928,-1
2014-12-17,9.1985891355,14.7514317382,2
2014-12-18,9.8841426662,13.5740800043,2
2014-12-19,11.2186340439,13.3947477456,1
2014-12-22,10.9335397533,13.5334233285,2
2014-12-23,8.8975457783,12.8778979515,1
2014-12-24,10.1027126379,8.6371955993,0
2014-12-26,9.1972890061,9.7527249989,1
2014-12-29,6.4832984145,7.5945769797,0
2014-12-30,10.9352353604,12.6004318598,-1
2014-12-31,7.7979951406,10.3717856403,-2
2015-01-02,11.6731818382,16.1052278249,0
2015-01-05,9.750514358,12.7146492796,-2
2015-01-06,6.9991780711,9.3388842067,-1
2015-01-07,9.415111907,10.7386259926,2
2015-01-08,8.301776758,16.3452951958,2
2015-01-09,8.3563366642,11.3038975789,-2
2015-01-12,9.0464370074,10.7900259065,-1
2015-01-13,9.6046306667,8.7575626985,-1
2015-01-14,8.5180346349,13.3549781971,-2
2015-01-15,9.8086463501,10.3314259736,-1
2015-01-16,10.4706656374,12.5073506949,2
2015-01-20,9.1676909824,11.0266347016,0
2015-01-21,10.9281955762,11.3750168229,1
2015-01-22,8.5862714936,16.5879563859,2
2015-01-23,6.6529903565,8.9724220453,-1
2015-01-26,6.8084510929,10.3406023552,0
2015-01-27,5.1800568191,11.0591623063,-2
2015-01-28,8.9542504437,11.0127881421,-2
2015-01-29,8.7396923236,12.1562132145,2
2015-01-30,11.9331980176,10.8873006413,-2
2015-02-02,10.3197228276,13.9448464395,2
2015-02-03,12.3998029646,13.0407208906,2
2015-02-04,6.9571348711,9.5605526513,0
2015-02-05,8.1491769775,8.1124493284,2
2015-02-06,11.6312440627,16.9812556741,-1
2015-02-09,6.9865919687,7.3773396466,-1
2015-02-10,11.7610557933,15.2319353721,1
2015-02-11,7.4317162781,12.3882639867,0
2015-02-12,9.135455357,10.1021207425,1
2015-02-13,9.6470326476,11.8072722428,1
2015-02-17,8.5986452875,14.8128978367,1
2015-02-18,10.4087728115,16.4956371442,-1
2015-02-19,8.0900332373,12.7802606548,-1
2015-02-20,11.5672233885,12.7815429472,2
2015-02-23,10.2163594189,8.8185547622,-1
2015-02-24,8.2262811124,9.2580017008,1
2015-02-25,9.1575461852,13.1765546429,1
2015-02-26,9.4679132148,13.9709064849,0
2015-02-27,10.5779085489,11.4081080834,-1
2015-03-02,10.7918272653,10.8868743186,2
2015-03-03,9.0302943558,11.437808266,-1
2015-03-04,8.7050106268,11.0141455292,-1
2015-03-05,14.2116644817,13.4157141916,1
2015-03-06,11.8237918023,14.9174669321,-2
2015-03-09,12.3848760016,13.5675505986,1
2015-03-10,12.0776674416,14.340383474,-2
2015-03-11,9.1307247695,9.233536485,-1
2015-03-12,11.323343031,14.340224776,2
2015-03-13,11.5999578453,10.4700127505,-1
2015-03-16,10.8209478278,9.553085054,2
2015-03-17,11.429098862,14.3431324651,-1
2015-03-18,11.1972685507,12.6162546979,2
2015-03-19,11.9861325309,13.4632548791,-1
2015-03-20,12.2428291781,16.0228723926,2
2015-03-23,7.8605385214,12.1854800642,-1
2015-03-24,9.6244581124,8.0488492219,-1
2015-03-25,10.3477750119,9.9322871305,-2
2015-03-26,7.4170428037,10.6371197242,-1
2015-03-27,12.9039332914,12.2711936928,1
2015-03-30,9.4693580395,12.8630911887,2
2015-03-31,12.5524540017,13.2275318272,-2
2015-04-01,7.9607670728,12.0538888595,-1
2015-04-02,7.6833811471,16.8135971689,1
2015-04-06,8.6094738595,10.3582882395,1
2015-04-07,8.0545519588,10.5419462093,0
2015-04-08,10.5068895227,14.9064268152,1
2015-04-09,7.9208753838,10.525347808,1
2015-04-10,13.1483466606,13.0069549074,1
2015-04-13,9.8120961556,11.7411253552,-1
2015-04-14,8.4400430125,14.2105652681,1
2015-04-15,8.8170387375,15.3816268535,1
2015-04-16,6.9072517862,10.1138365362,0
2015-04-17,7.4662966014,10.6454741334,-2
2015-04-20,11.1246862581,13.1441995201,2
2015-04-21,10.8199847188,11.1292201983,-1
2015-04-22,12.4246691443,15.1759076828,1
2015-04-23,15.7173258996,14.3914154668,1
2015-04-24,10.7787361167,13.7209524748,1
2015-04-27,9.1289754364,11.2749961741,-1
2015-04-28,11.8661969415,15.2248679729,1
2015-04-29,9.5028902595,9.0441836325,-1
2015-04-30,7.4791571257,11.0731314409,-2
2015-05-01,10.7238670694,15.2221634626,2
2015-05-04,10.202514217,15.8638800728,1
2015-05-05,9.0952163335,12.3323301285,-1
2015-05-06,12.0552952478,10.2626402506,-1
2015-05-07,10.9654219126,8.7329133285,1
2015-05-08,6.2257826834,6.9180171544,2
2015-05-11,13.9347044672,16.0433275084,-1
2015-05-12,8.631957711,11.4067514128,-1
2015-05-13,13.3234433802,17.1657329798,0
2015-05-14,9.8218673583,12.2658792899,2
2015-05-15,12.0101901018,18.88868497,1
2015-05-18,9.2751044447,12.3852622644,1
2015-05-19,14.1210361179,15.4937531208,0
2015-05-20,13.3029526852,16.6596340197,-1
2015-05-21,10.6764367365,8.6368026607,0
2015-05-22,9.5492656591,12.9468250008,-1
2015-05-26,9.678954632,14.4761751382,-2
2015-05-27,10.6278169064,15.763240782,1
2015-05-28,10.2264041373,9.2838130626,-1
2015-05-29,12.9623366826,13.6013321878,-1
2015-06-01,8.7253610975,12.6353375219,1
2015-06-02,11.0227172623,13.4682160895,-1
2015-06-03,12.0005649179,14.7061693085,1
2015-06-04,10.721916763,10.2636254358,-2
2015-06-05,9.3205052682,13.6416355499,-1
2015-06-08,13.9717142677,16.9039818479,-1
2015-06-09,12.769664513,18.8976130661,0
2015-06-10,9.7601966544,10.8097517605,2
2015-06-11,11.1630385101,14.5799519758,1
2015-06-12,15.2383706277,17.7149349577,-1
2015-06-15,9.1814832905,8.8366423507,-1
2015-06-16,9.6080342158,13.6820020625,1
2015-06-17,11.5834524325,17.3951128039,1
2015-06-18,12.8545052476,14.2290689498,2
2015-06-19,12.6987211752,12.9433011003,-1
2015-06-22,10.9200616446,15.355448947,1
2015-06-23,11.3724992862,11.3912179589,1
2015-06-24,7.9381031824,9.3387699362,-2
2015-06-25,11.0684622885,10.3758565855,-1
2015-06-26,8.2297111527,9.8101711297,1
2015-06-29,9.0813169476,11.0837822339,-2
2015-06-30,8.9304350647,10.0170094253,1
2015-07-01,14.1463575703,17.1350419822,1
2015-07-02,13.3054575794,16.8948461565,-1
2015-07-06,10.7705703314,14.6684265663,-1
2015-07-07,10.2209886025,16.2332176976,1
2015-07-08,13.7914156166,14.1872263683,-2
2015-07-09,7.2897208402,9.0982032439,1
2015-07-10,13.2846853625,13.7113858795,2
2015-07-13,10.0606068046,11.1973717206,2
2015-07-14,13.5994989062,13.498076621,1
2015-07-15,10.892405206,11.7238408543,0
2015-07-16,12.8565234524,14.1095325945,1
2015-07-17,11.3837281069,16.6282737808,-1
2015-07-20,7.1236928983,6.280455105,1
2015-07-21,12.8357184416,14.5325324611,-2
2015-07-22,11.393420349,13.5953987168,-1
2015-07-23,9.8440884603,12.6395107758,-1
2015-07-24,9.5109329552,11.8974123845,-2
2015-07-27,10.4355410777,13.7636143593,-1
2015-07-28,8.4082412725,12.8620501953,2
2015-07-29,13.5401187973,15.3165539169,1
2015-07-30,13.606065842,13.7090879014,0
2015-07-31,13.8603964166,13.2586336837,-1
2015-08-03,11.5703620203,14.0810327669,-1
2015-08-04,9.74305566,17.3848110685,-1
2015-08-05,12.2887224646,12.8199106937,-1
2015-08-06,13.8271607952,17.0630707536,-1
2015-08-07,12.9510780308,20.1889790763,-1
2015-08-10,9.2418214701,11.963463693,2
2015-08-11,13.6288364592,10.5722224887,-2
2015-08-12,7.6023511064,13.7646410114,1
2015-08-13,11.1679337135,10.038681017,0
2015-08-14,8.5927948372,10.1677790845,1
2015-08-17,8.6952253846,14.0404847165,1
2015-08-18,9.9070495976,14.5204873464,-1
2015-08-19,12.5363061727,11.9212817896,-2
2015-08-20,12.517848087,14.7973095767,-2
2015-08-21,10.2196564492,9.7588131089,-2
2015-08-24,8.7350409594,12.3888911138,-2
2015-08-25,8.3674925244,9.5180492799,-2
2015-08-26,11.4079496021,14.6990480468,2
2015-08-27,10.1695802472,13.8044809092,2
2015-08-28,10.3693249948,17.2675868292,0
2015-08-31,13.2361172762,15.875125041,-1
2015-09-01,11.4649394716,9.7648692096,-2
2015-09-02,7.0191312932,12.728206797,2
2015-09-03,10.7150492718,14.3973721327,0
2015-09-04,12.535533277,15.5326765867,-2
2015-09-08,12.1357527804,10.2661245262,2
2015-09-09,8.7393779715,10.6287561186,-2
2015-09-10,10.9410702152,12.8717958217,1
2015-09-11,9.966435739,10.9974522843,1
2015-09-14,11.0069820684,10.9404533748,-1
2015-09-15,9.2054256673,12.0806500325,2
2015-09-16,11.0401343307,16.2707782747,1
2015-09-17,10.8204968067,14.2932441481,-1
2015-09-18,6.5395641727,9.4252069063,-2
2015-09-21,9.1295122985,13.964321421,1
2015-09-22,11.436438278,11.7362064238,-2
2015-09-23,13.9504660142,18.6508948726,-1
2015-09-24,7.9666934574,11.4118363647,-1
2015-09-25,6.022348642,7.8708177261,1
2015-09-28,8.1208289954,9.6518970806,-2
2015-09-29,13.3226355076,17.5879530902,1
2015-09-30,9.7135679669,12.2709318277,2
2015-10-01,7.024198795,7.5174038107,0
2015-10-02,7.6387791539,13.4391653587,2
2015-10-05,10.9790546628,11.2880330242,2
2015-10-06,11.0233896683,14.3939751577,1
2015-10-07,8.6952501038,7.3124039572,1
2015-10-08,8.3599261543,13.7161842651,2
2015-10-09,9.7900073951,11.5457298939,1
2015-10-12,10.3764661755,12.7216993581,1
2015-10-13,5.3045186388,8.4047370471,-1
2015-10-14,10.6660704074,16.5690780428,-2
2015-10-15,11.3598458142,12.3841200643,2
2015-10-16,9.8094697001,8.3059301636,1
2015-10-19,8.4104227406,16.385410886,1
2015-10-20,11.8195237576,11.8990300312,0
2015-10-21,12.3062537433,15.9825345415,-1
2015-10-22,9.6315307217,15.3458460745,2
2015-10-23,9.6015669907,15.881382854,1
2015-10-26,8.8115813366,11.2380924737,-1
2015-10-27,11.749958158,16.2727974076,-1
2015-10-28,9.3921843659,14.6741953468,2
2015-10-29,12.8916452872,15.4362496261,-1
2015-10-30,12.1203612408,11.813326365,-1
2015-11-02,10.1374821418,10.101065451,2
2015-11-03,12.5654024867,14.8107654998,1
2015-11-04,12.7323022044,15.7676589685,-1
2015-11-05,8.9105814204,10.3985845376,0
2015-11-06,12.4708488894,14.2750679679,1
2015-11-09,5.7821082562,12.6623393283,-2
2015-11-10,14.9519373543,15.7312269439,1
2015-11-11,11.5019430199,12.4342059789,-1
2015-11-12,13.2750016538,14.8102610123,-2
2015-11-13,8.027828588,10.9833362692,-2
2015-11-16,5.2844146613,4.7369784244,2
2015-11-17,6.930587826,9.5280033194,0
2015-11-18,6.8666971791,8.9949541173,2
2015-11-19,9.8237726068,11.2178768807,0
2015-11-20,8.2044184284,13.2423859089,1
2015-11-23,10.551378643,12.5062303206,-1
2015-11-24,8.3698389435,10.1394961951,1
2015-11-25,5.589644918,10.066417673,0
2015-11-27,8.8732850772,10.2184451346,0
2015-11-30,7.4576908719,10.9881771513,-1
2015-12-01,8.6094522915,11.1850070512,2
2015-12-02,7.7163753069,9.0050327936,-2
2015-12-03,12.1963333293,13.0325419811,-2
2015-12-04,8.2358423487,8.3353569603,2
2015-12-07,8.5568076919,10.0334374843,-1
2015-12-08,12.7733927473,14.0634725986,-1
2015-12-09,9.1359225191,16.2010661866,-1
2015-12-10,12.6027331327,13.042976375,1
2015-12-11,9.3220653693,13.1421570036,-2
2015-12-14,8.7011094112,11.6857387989,1
2015-12-15,12.3324746802,14.0623596655,2
2015-12-16,9.5597859266,12.8613844338,2
2015-12-17,8.8309953618,10.636487638,-2
2015-12-18,7.5132163627,11.997143153,-2
2015-12-21,10.033264377,12.1295743797,1
2015-12-22,6.1494255479,9.9161243745,2
2015-12-23,8.4699703812,11.1271992357,2
2015-12-24,9.1380957988,10.5455287971,-1
2015-12-28,8.2704787045,12.4660518278,0
2015-12-29,8.9926754885,8.7792532263,2
2015-12-30,6.8558911995,10.0223844843,-1
2015-12-31,13.5578686199,11.2144366593,-2
2016-01-04,8.1916201043,10.0814152484,-2
2016-01-05,10.4746544224,13.8740920721,0
2016-01-06,7.3771757881,12.6540842477,-2
2016-01-07,11.4663825543,15.967539003,-2
2016-01-08,8.5443646546,12.8151961421,-2
2016-01-11,8.1777718981,8.5446077354,1
2016-01-12,5.4439587961,6.2681189628,1
2016-01-13,8.0242673768,13.3617618226,-2
2016-01-14,9.1917561389,14.9961474404,2
2016-01-15,3.4841681582,8.4589444578,-2
2016-01-19,12.3693511307,12.6598216834,0
2016-01-20,9.8910483796,11.7018000366,-2
2016-01-21,10.2239611078,11.6945489683,1
2016-01-22,7.7838657846,14.5927544268,2
2016-01-25,7.1352905817,15.236564154,-2
2016-01-26,9.7299287605,15.8594763733,2
2016-01-27,10.9007476352,15.6386316539,-2
2016-01-28,7.8180713143,11.0203964343,1
2016-01-29,8.565512963,11.8594143322,2
2016-02-01,12.3164141117,13.3732967723,0
2016-02-02,9.8299434433,12.1583674957,-2
2016-02-03,11.8060334148,13.0500814826,2
2016-02-04,9.7975361078,10.7960897262,1
2016-02-05,12.7650641172,14.8456311903,-2
2016-02-08,8.7321614982,12.4398765311,-1
2016-02-09,8.2977099137,7.4791327131,0
2016-02-10,7.6446220237,11.3868101793,-1
2016-02-11,12.3922914292,12.2401289452,-2
2016-02-12,10.9683427387,12.4699274944,2
2016-02-16,14.1507106144,14.6441811382,2
2016-02-17,10.5073883418,11.1611375554,2
2016-02-18,9.8881579133,12.8662670963,-1
2016-02-19,7.632289187,12.6496994361,-1
2016-02-22,9.46832754,10.8193055526,2
2016-02-23,8.4361827366,12.0798939416,-2
2016-02-24,9.9085783639,10.3444527929,1
2016-02-25,9.9262483178,14.4162509022,2
2016-02-26,9.1686211568,13.2018998513,-1
2016-02-29,14.4708391358,19.2684249377,-1
2016-03-01,9.0563873053,11.6435451261,2
2016-03-02,9.3023708635,12.171808301,1
2016-03-03,9.2654609133,9.9013266307,1
2016-03-04,8.6999648354,14.1473122042,1
2016-03-07,9.4103897285,9.1564792525,1
2016-03-08,7.4376475877,8.8407633222,-1
2016-03-09,9.3425351749,11.444827898,1
2016-03-10,12.5643484623,19.1419889703,0
2016-03-11,8.0319730392,12.9989656696,2
2016-03-14,9.4531281941,11.8648040215,1
2016-03-15,7.621383663,7.9619823607,1
2016-03-16,8.1936310911,8.2378858937,1
2016-03-17,8.0890687317,11.4302354722,2
2016-03-18,13.6184339988,13.5311400951,1
2016-03-21,7.1455600473,11.1692802821,1
2016-03-22,10.7568939229,15.9960041605,-1
2016-03-23,8.2606771686,12.3329522806,-1
2016-03-24,9.6477070741,10.8850327103,1
2016-03-28,11.7808625806,12.7424655468,0
2016-03-29,8.1700615256,9.8074200367,1
2016-03-30,9.3862882518,12.4589835745,1
2016-03-31,10.1369626013,15.6773183415,-1
2016-04-01,11.8478175033,13.0106597693,1
2016-04-04,9.4054880186,9.7338584692,-1
2016-04-05,7.1639656893,9.2961286442,-1
2016-04-06,4.7160774989,10.374488012,1
2016-04-07,7.5483342407,8.6297393579,-2
2016-04-08,10.1853136759,11.6470626561,1
2016-04-11,10.009697011,12.086769598,-1
2016-04-12,8.7668963073,10.9088434055,2
2016-04-13,9.1923354238,12.2452954161,2
2016-04-14,9.5013586869,12.1391195127,1
2016-04-15,7.628604999,9.1480078881,-1
2016-04-18,10.6487865946,16.0137145835,1
2016-04-19,7.2411951364,11.0797726168,1
2016-04-20,8.355766835,9.4290367115,1
2016-04-21,11.1924170036,14.7164273032,-1
2016-04-22,9.436237195,8.3999010563,1
2016-04-25,12.0373367014,17.1124789026,0
2016-04-26,5.316065559,6.54088161,0
2016-04-27,9.5509260423,13.9009793311,1
2016-04-28,11.4722299149,12.7093471039,-2
2016-04-29,7.6224560264,14.5490233338,-1
2016-05-02,10.6137958379,12.8515151243,1
2016-05-03,8.8500578127,10.1871131248,-1
2016-05-04,7.8740686838,11.2572113764,-1
2016-05-05,9.4472231668,13.9211490611,0
2016-05-06,9.3900930978,11.9356127373,1
2016-05-09,10.386451653,12.0118149593,-1
2016-05-10,8.6315451093,17.6625723439,2
2016-05-11,12.1260276688,12.8461522263,-2
2016-05-12,9.0511736934,11.9982610784,0
2016-05-13,8.7333043812,16.3423613567,-2
2016-05-16,8.8148463176,13.6634975984,2
2016-05-17,11.0938564375,13.7986280796,-2
2016-05-18,10.3760302072,11.3594855929,1
2016-05-19,10.828881224,13.3693522947,-1
2016-05-20,6.3329453731,11.6029931052,1
2016-05-23,8.392401212,13.4086665723,0
2016-05-24,11.657516022,14.6868426527,2
2016-05-25,11.7969843608,12.2190310753,1
2016-05-26,10.3872803052,15.5059816639,-1
2016-05-27,13.1053414771,16.0586592442,1
2016-05-31,13.8031646146,14.6953774514,-1
2016-06-01,10.2839544134,14.9104015633,1
2016-06-02,12.3721885261,12.7646791022,1
2016-06-03,10.3101899649,13.5088798861,0
2016-06-06,9.6916211927,12.6760161101,1
2016-06-07,10.0037339844,11.0503544026,0
2016-06-08,10.0940619665,12.4017151331,1
2016-06-09,12.2066135665,11.4380013347,1
2016-06-10,11.1508102777,16.7977947706,-1
2016-06-13,8.9476844336,11.4467991181,-1
2016-06-14,11.0184452568,9.703731255,-1
2016-06-15,10.9849142798,14.1665159343,-1
2016-06-16,13.4028361352,16.0096688925,1
2016-06-17,7.5498894998,12.9523530799,-1
2016-06-20,11.2120986775,15.7890847183,1
2016-06-21,9.5813276677,15.0470280785,0
2016-06-22,9.8611083084,14.1476240336,-1
2016-06-23,9.7740417621,11.1386828732,2
2016-06-24,6.4087654155,10.0463865349,-2
2016-06-27,8.3551063848,14.1814994784,-2
2016-06-28,9.7059666343,13.1387865786,2
2016-06-29,9.2591766289,10.9309810343,2
2016-06-30,6.9478376601,10.601664608,2
2016-07-01,10.057581583,21.3722823133,1
