#Date,prev news pleasantness,prev news attention,prev news sensitivity,prev news aptitude,prev news polarity,stock change
2008-08-08,45.853,-0.137,10.934,37.532,42.746,2
2008-08-11,37.078,-1.662,18.981,35.371,36.577,1
2008-08-12,2.926,11.173,24.026,8.159,5.218,-1
2008-08-13,4.525,12.802,21.03,7.66,7.991,-1
2008-08-14,8.572,15.59,15.51,22.395,19.892,1
2008-08-15,4.479,-1.087,14.887,14.92,9.1,1
2008-08-18,6.148,1.106,20.436,10.701,7.691,-2
2008-08-19,-4.812,14.814,9.948,21.081,11.371,-1
2008-08-20,12.853,-2.591,3.001,9.451,11.01,1
2008-08-21,24.627,15.469,21.46,38.57,31.856,0
2008-08-22,6.44,6.211,16.933,18,12.913,2
2008-08-25,-12.569,23.473,12.926,9.562,1.224,-2
2008-08-26,2.898,10.892,6.938,12.006,10.32,0
2008-08-27,20.972,5.804,14.429,20.698,16.57,1
2008-08-28,6.767,5.628,18.471,24.69,19.35,2
2008-08-29,14.471,14.811,28.099,5.94,14.657,-2
2008-09-02,5.982,16.136,10.721,33.436,21.447,0
2008-09-03,5.297,4.459,4.751,15.946,13.918,0
2008-09-04,21.287,4.255,14.473,27.485,24.122,-2
2008-09-05,18.051,10.523,22.762,28.636,21.168,1
2008-09-08,15.812,4.83,15.719,34.16,26.045,2
2008-09-09,6.334,15.781,25.992,-0.076,6.06,-2
2008-09-10,-0.772,21.555,20.228,5.789,2.012,0
2008-09-11,14.959,10.491,12.638,17.075,17.289,2
2008-09-12,17.294,9.229,10.651,35.979,27.122,0
2008-09-15,8.073,14.254,10.998,42.29,25.318,-2
2008-09-16,3.336,8.488,24.638,14.426,10.502,2
2008-09-17,3.455,2.534,38.985,-3.995,-0.708,-2
2008-09-18,3.345,18.202,4.917,0.195,0.47,2
2008-09-19,-5.771,15.981,15.379,0.805,1.683,2
2008-09-22,-1.667,7.762,8.154,20.547,11.452,-2
2008-09-23,0.454,0.206,23.142,12.362,6.759,-2
2008-09-24,6.223,7.294,19.197,21.017,17.913,0
2008-09-25,11.418,-26.646,23.406,20.935,17.838,2
2008-09-26,-9.561,11.149,18.366,-10.251,-6.887,1
2008-09-29,18.509,16.284,12.952,26.247,22.284,-2
2008-09-30,3.937,8.601,2.744,20.144,12.006,2
2008-10-01,12.018,21.97,12.392,5.626,9.187,0
2008-10-02,6.638,14.711,26.505,6.765,7.019,-2
2008-10-03,30.679,1.925,9.44,40.63,37.458,-2
2008-10-06,9.153,27.252,15.315,13.791,13.073,-2
2008-10-07,19.834,9.941,14.51,26.67,25.84,-2
2008-10-08,20.053,14.141,22.396,17.173,22.53,-2
2008-10-09,23.055,17.226,28.098,46.53,35.584,-2
2008-10-10,13.675,-0.922,8.899,15.926,16.825,-1
2008-10-13,2.599,28.443,17.979,6.274,2.339,2
2008-10-14,31.493,-8.028,17.824,32.032,31.569,-1
2008-10-15,29.475,-1.304,29.566,33.183,28.874,-2
2008-10-16,21.116,6.711,18.159,33.247,26.659,2
2008-10-17,8.647,16.198,16.783,22.878,16.016,-1
2008-10-20,5.155,16.848,13.213,18.472,17.586,2
2008-10-21,24.624,7.936,1.765,40.766,34.764,-2
2008-10-22,19.548,10.643,-0.425,38.795,31.074,-2
2008-10-23,11.041,3.387,28.836,38.441,23.627,2
2008-10-24,-2.577,14.992,23.875,20.419,8.666,-2
2008-10-27,15.005,22.882,28.115,26.117,19.5,-2
2008-10-28,1.155,16.229,15.319,13.001,8.662,2
2008-10-29,3.943,13.513,11.147,6.608,4.98,-1
2008-10-30,14.84,7.295,8.405,31.008,22.787,2
2008-10-31,-1.541,6.473,12.585,-2.481,-0.864,2
2008-11-03,18.579,28.707,21.277,23.703,24.487,0
2008-11-04,9.612,-4.016,22.593,16.168,13.925,2
2008-11-05,16.485,25.598,25.326,13.375,17.112,-2
2008-11-06,31.449,11.549,20.977,45.083,36.425,-2
2008-11-07,9.179,8.896,18.511,31.258,24.974,2
2008-11-10,-1.792,3.132,21.61,11.101,7.209,-1
2008-11-11,6.903,10.088,17.674,12.498,8.372,-2
2008-11-12,20.244,19.008,12.919,17.911,15.438,-2
2008-11-13,-12.948,11.1,29.896,0.542,-7.745,2
2008-11-14,7.49,22.814,23.989,23.056,15.346,-2
2008-11-17,3.009,4.603,22.994,12.468,9.976,-2
2008-11-18,17.171,13.705,15.501,22.358,20.378,2
2008-11-19,20.337,6.273,9.717,35.959,32.643,-2
2008-11-20,35.375,6.959,17.246,34.392,33.767,-2
2008-11-21,-3.361,13.378,21.345,8.288,5.222,2
2008-11-24,-6.308,10.324,28.463,18.914,10.021,2
2008-11-25,14.789,17.125,13.043,40.783,29.348,0
2008-11-26,17.523,17.956,5.724,29.081,23.568,2
2008-11-28,15.257,24.726,-0.087,21.634,20.788,1
2008-12-01,14.731,34.431,7.992,35.066,28.862,-2
2008-12-02,13.752,11.042,26.871,13.976,18.289,2
2008-12-03,30.084,10.953,25.833,29.96,27.937,2
2008-12-04,26.722,4.194,2.851,41.46,32.808,-2
2008-12-05,16.202,9.539,19.647,24.207,20.845,2
2008-12-08,0.471,0.683,19.812,6.273,1.906,2
2008-12-09,10.742,6.643,30.068,16.78,14.32,-2
2008-12-10,-15.506,20.966,16.866,-5.135,-9.343,1
2008-12-11,-2.683,22.363,16.875,3.449,-1.312,-2
2008-12-12,-4.07,4.022,18.685,3.834,-7.05,1
2008-12-15,4.913,9.308,17.629,20.303,14.415,-1
2008-12-16,-7.973,10.528,17.031,7.384,2.099,2
2008-12-17,-2.332,2.3,31.703,13.094,2.711,-1
2008-12-18,10.496,24.909,14.97,32.574,25.106,-2
2008-12-19,36.059,4.315,18.422,35.598,38.444,0
2008-12-22,21.401,27.614,20.602,26.538,29.351,-1
2008-12-23,-1.588,18.323,14.253,10.742,7.019,-1
2008-12-24,22.869,6.743,16.634,32.472,28.895,1
2008-12-26,8.781,20.935,13.913,21.296,18.283,1
2008-12-29,9.75,9.191,26.469,5.664,7.382,0
2008-12-30,2.597,16.433,15.586,11.019,4.57,2
2008-12-31,11.384,17.874,6.485,17.696,13.637,1
2009-01-02,7.157,24.978,20.403,11.562,13.534,2
2009-01-05,8.457,10.971,24.501,18.415,9.697,-1
2009-01-06,-2.891,3.824,10.092,6.516,1.129,1
2009-01-07,19.33,19.691,6.015,30.107,23.79,-2
2009-01-08,22.846,-7.67,10.917,12.016,15.958,0
2009-01-09,14.182,13.998,6.958,15.67,14.423,-1
2009-01-12,25.721,21.709,15.932,25.981,27.314,-1
2009-01-13,-3.107,20.423,19.203,36.923,18.496,0
2009-01-14,24.356,-4.016,16.144,39.322,32.391,-2
2009-01-15,-8.75,11.98,16.767,-10.795,-13.042,0
2009-01-16,17.389,-5.972,8.898,25.409,22.332,1
2009-01-20,-10.791,18.685,20.029,20.853,7.415,-2
2009-01-21,4.907,-8.036,12.726,14.254,9.693,2
2009-01-22,9.198,18.502,21.487,38.1,25.032,-1
2009-01-23,-8.867,11.147,6.53,-3.743,-4.18,0
2009-01-26,21.141,7.473,22.809,38.004,29.16,1
2009-01-27,-4.281,10.872,15.32,12.756,6.355,1
2009-01-28,6.931,4.708,9.869,14.03,11.148,2
2009-01-29,5.994,8.627,19.241,24.218,18.129,-2
2009-01-30,30.585,-9.493,8.068,40.974,39.433,-2
2009-02-02,16.144,22.103,14.043,27.741,24.965,-1
2009-02-03,16.21,22.79,27.41,35.846,27.327,2
2009-02-04,26.716,9.822,17.949,25.223,29.206,-1
2009-02-05,18.846,4.598,-0.767,10.601,10.018,1
2009-02-06,8.834,16.467,27.308,37.293,25.289,2
2009-02-09,24.035,-0.512,4.382,27.62,24.239,0
2009-02-10,4.247,26.681,14.159,9.405,7.667,-2
2009-02-11,25.064,17.761,9.234,26.783,26.976,1
2009-02-12,7.385,-17.412,25.172,26.31,15.991,0
2009-02-13,1.236,15.635,22.664,-6.92,0.143,-1
2009-02-17,2.081,-0.972,18.466,15.717,11.462,-2
2009-02-18,3.699,-3.261,17.588,5.618,5.369,0
2009-02-19,15.652,6.03,8.529,30.82,21.859,-1
2009-02-20,17.48,-11.852,5.598,27.74,24.98,-1
2009-02-23,35.647,5.627,17.189,41.201,37.265,-2
2009-02-24,-5.398,19.836,28.99,8.146,7.26,2
2009-02-25,18.11,8.151,45.738,28.338,25.116,-1
2009-02-26,27.515,25.204,5.65,32.475,28.099,-1
2009-02-27,15.774,26.117,12.853,52.132,37.801,-1
2009-03-02,31.17,5.737,13.952,44.685,39.351,-2
2009-03-03,10.336,23.121,8.724,12.256,10.504,-1
2009-03-04,11.759,14.337,13.107,29.787,23.829,2
2009-03-05,7.9,-6.925,19.43,26.561,18.779,-2
2009-03-06,40.142,8.965,17.572,40.113,42.653,0
2009-03-09,-5.8,17.758,14.51,10.819,5.348,-1
2009-03-10,6.838,30.994,8.178,16.121,11.567,2
2009-03-11,-6.6,0.604,31.005,-10.312,-6.229,0
2009-03-12,-13.397,9.244,17.726,7.776,-0.473,2
2009-03-13,4.024,25.243,11.294,14.315,9.519,1
2009-03-16,25.292,21.839,21.732,28.768,30.659,0
2009-03-17,42.967,12.891,33.606,56.324,52.416,2
2009-03-18,7.822,28.888,36.41,0.72,5.315,1
2009-03-19,25.698,-4.913,16.272,33.573,30.192,-1
2009-03-20,-3.526,20.019,15.973,21.219,13.997,-1
2009-03-23,11.975,-7.467,21.061,28.8,21.12,2
2009-03-24,38.373,7.708,18.985,45.744,45.475,-1
2009-03-25,52.493,39.205,10.773,48.784,52.688,1
2009-03-26,32.349,8.931,18.684,40.223,32.989,2
2009-03-27,10.157,17.153,20.045,16.137,17.261,-2
2009-03-30,18.539,12.831,14.888,-6.873,4.045,-2
2009-03-31,21.205,6.668,31.259,18.679,20.44,1
2009-04-01,9.436,14.591,32.429,24.835,18.33,2
2009-04-02,11.76,-8.527,24.891,24.072,15.453,2
2009-04-03,-11.388,-2.506,16.403,-1.304,-4.306,1
2009-04-06,1.434,20.637,25.3,20.602,17.012,-1
2009-04-07,-8.904,17.947,5.98,11.695,3.411,-2
2009-04-08,22.585,16.55,20.74,51.284,40.091,1
2009-04-09,22.612,18.717,24.952,23.879,23.944,2
2009-04-13,25.151,16.605,10.141,37.344,34.053,0
2009-04-14,-1.622,18.455,11.379,14.392,8.162,-1
2009-04-15,40.503,-6.444,7.353,50.148,44.361,1
2009-04-16,20.715,22.891,29.939,28.184,24.304,1
2009-04-17,5.619,9.779,27.391,19.313,14.878,0
2009-04-20,14.863,18.65,13.19,24.256,20.596,-2
2009-04-21,26.207,16.514,14.936,30.607,24.814,1
2009-04-22,23.051,9.735,16.703,26.359,27.188,-1
2009-04-23,38.612,1.927,24.433,34.865,37.402,1
2009-04-24,11.506,-2.246,30.366,11.705,11.162,1
2009-04-27,40.38,62.243,9.098,18.486,28.771,-1
2009-04-28,35.254,25.646,-13.263,33.748,37.083,0
2009-04-29,63.955,-1.984,-5.384,72.89,65.231,2
2009-04-30,19.527,17.808,13.056,25.702,27.55,0
2009-05-01,13.624,13.602,15.794,16.84,17.725,1
2009-05-04,12.438,35.075,9.938,28.195,24.618,2
2009-05-05,27.059,11.227,16.168,29.129,27.516,0
2009-05-06,15.322,16.498,19.538,12.083,20.129,1
2009-05-07,25,4.919,5.609,28.777,26.49,-1
2009-05-08,-0.941,0.837,24.323,1.022,0.504,2
2009-05-11,-0.295,5.886,-4.734,9.792,9.117,-2
2009-05-12,36.282,33.68,28.172,41.361,42.609,1
2009-05-13,8.498,26.101,23.424,13.601,10.492,-2
2009-05-14,52.095,7.028,5.505,39.682,40.509,1
2009-05-15,13.283,16.803,14.519,27.729,22.035,-1
2009-05-18,27.681,22.121,4.761,15.456,24.73,2
2009-05-19,10.728,22.086,20.884,33.152,25.275,0
2009-05-20,2.849,1.735,12.716,32.728,15.659,-1
2009-05-21,13.731,12.115,43.548,23.886,22.968,-1
2009-05-22,-1.997,13.581,19.174,6.079,0.817,0
2009-05-26,27.492,1.292,4.905,35.374,33.271,2
2009-05-27,19.949,18,24.344,25.724,25.223,-2
2009-05-28,-1.25,22.047,10.537,10.598,5.746,1
2009-05-29,15.96,29.582,28.612,27.532,25.118,1
2009-06-01,25.771,10.368,17.794,34.031,32.002,2
2009-06-02,28.915,14.883,8.994,43.301,41.744,0
2009-06-03,15.402,14.968,25.428,38.362,32.805,-1
2009-06-04,13.116,10.06,20.474,29.075,24.943,1
2009-06-05,43.829,32.694,33.824,72.429,60.515,0
2009-06-08,17.768,21.097,-2.988,3.54,9.511,0
2009-06-09,22.587,11.391,19.702,28.979,28.272,0
2009-06-10,17.198,15.883,15.438,22.075,20.377,0
2009-06-11,38.032,19.675,7.777,65.443,54.546,0
2009-06-12,33.643,24.909,19.804,46.972,43.729,0
2009-06-15,5.354,8.628,22.676,14.624,13.571,-2
2009-06-16,13.507,19.041,24.708,50.462,33.702,-1
2009-06-17,13.285,9.256,27.461,41.699,24.203,0
2009-06-18,18.916,19.693,22.219,32.578,24.182,1
2009-06-19,29.201,2.905,49.89,61.276,43.109,0
2009-06-22,17.927,1.351,10.538,42.206,28.844,-2
2009-06-23,17.387,33.788,26.617,40.337,31.506,0
2009-06-24,-2.297,14.525,21.592,18.872,5.901,0
2009-06-25,4.787,20.32,19.49,13.173,5.375,2
2009-06-26,50.332,11.74,-1.537,70.917,63.651,0
2009-06-29,-9.504,16.28,23.764,22.237,7.713,1
2009-06-30,-1.429,5.217,18.643,13.045,7.504,-1
2009-07-01,36.822,22.547,12.022,39.619,42.518,1
2009-07-02,15.199,22.293,26.821,57.57,38.412,-2
2009-07-06,-10.963,15.422,33.572,9.132,6.288,1
2009-07-07,-1.376,30.824,16.744,10.858,1.696,-2
2009-07-08,21.204,15.092,22.131,38.57,26.626,0
2009-07-09,22.177,33.323,31.178,45.138,35.605,0
2009-07-10,15.215,16.692,3.984,9.584,11.938,-1
2009-07-13,5.144,13.181,25.778,24.36,10.257,2
2009-07-14,2.007,-8.119,4.419,20.629,11.451,0
2009-07-15,30.701,21.396,15.895,31.491,34.491,2
2009-07-16,26.382,4.795,-1.727,42.607,34.306,1
2009-07-17,32.921,29.227,23.892,46.409,43.392,0
2009-07-20,20.495,-0.355,23.31,33.351,27.928,1
2009-07-21,8.687,13.449,25.767,38.908,24.57,1
2009-07-22,7.859,0.236,27.4,25.394,17.01,0
2009-07-23,49.19,15.266,27.983,63.228,60.245,2
2009-07-24,7.822,13.579,14.1,18.538,9.946,0
2009-07-27,5.826,9.582,16.217,15.227,13.406,0
2009-07-28,19.995,-0.71,14.037,48.328,36.431,0
2009-07-29,28.971,5.98,10.3,46.58,32.674,0
2009-07-30,22.363,13.378,8.252,24.991,17.977,1
2009-07-31,12.661,8.437,8.898,60.146,37.828,0
2009-08-03,39.854,27.415,26.979,45.326,46.461,1
2009-08-04,1.502,11.512,7.856,27.287,15.729,0
2009-08-05,36.963,18.231,2.966,45.58,42.578,0
2009-08-06,13.141,20.962,27.169,41.033,29.292,0
2009-08-07,7.966,28.191,29.561,22.655,17.979,1
2009-08-10,23.887,16.859,12.756,38.856,31.725,0
2009-08-11,14.27,22.729,21.832,38.432,28.784,-1
2009-08-12,18.31,12.094,20.082,53.223,37.767,1
2009-08-13,33.852,3.237,14.146,39.542,40.06,1
2009-08-14,17.084,45.404,25.04,25.878,24.491,-1
2009-08-17,25.104,23.36,17.474,54.368,44.222,-2
2009-08-18,14.752,25.001,20.264,24.733,21.051,1
2009-08-19,57.243,18.593,19.186,76.23,70.201,1
2009-08-20,51.51,12.971,15.713,49.645,49.916,1
2009-08-21,33.489,32.747,19.812,72.685,54.868,2
2009-08-24,34.158,16.134,18.51,38.469,37.532,0
2009-08-25,48.457,25.832,27.055,57.66,51.299,0
2009-08-26,22.988,16.475,16.306,44.449,36.282,0
2009-08-27,18.035,14.934,26.344,17.589,16.112,1
2009-08-28,20.944,36.75,22.565,31.406,25.897,-1
2009-08-31,27.808,11.098,24.028,39.575,32.371,-1
2009-09-01,30.232,4.711,29.023,49.749,40.846,-2
2009-09-02,44.665,9.962,27.277,64.183,51.445,0
2009-09-03,34.499,3.625,15.426,49.718,39.172,1
2009-09-04,25.44,31.24,31.985,39.142,29.467,1
2009-09-08,38.205,3.977,20.76,50.295,49.766,1
2009-09-09,39.58,26.112,17.943,57.185,57.277,1
2009-09-10,12.727,27.912,33.764,39.606,25.945,1
2009-09-11,30.368,21.851,6.296,70.665,51.767,0
2009-09-14,-5.227,20.385,10.569,1.878,-0.941,0
2009-09-15,53.592,29.675,10.296,98.932,81.04,1
2009-09-16,25.364,24.245,22.331,28.24,25.753,1
2009-09-17,35.634,24.902,31.027,40.784,40.105,0
2009-09-18,-0.301,14.669,11.673,18.375,10.524,1
2009-09-21,14.328,19.969,18.561,25.654,23.117,-1
2009-09-22,45.404,32.872,16.826,63.835,60.024,1
2009-09-23,22.5,19.937,17.022,30.684,28.129,-1
2009-09-24,32.242,20.652,25.503,33.74,30.712,-1
2009-09-25,19.829,15.822,27.748,45.586,35.663,-1
2009-09-28,16.336,16.97,15.9,44.236,31.262,1
2009-09-29,-0.64,5.721,37.935,15.75,7.071,-1
2009-09-30,15.806,26.394,20.114,17.575,21.187,0
2009-10-01,-3.609,-5.943,28.307,12.562,7.568,-2
2009-10-02,37.738,-2.859,17.498,47.874,45.298,0
2009-10-05,34.028,13.295,-3.06,60.112,49.34,1
2009-10-06,32.231,21.135,25.602,45.436,43.262,1
2009-10-07,11.67,17.992,31.734,34.06,24.184,0
2009-10-08,44.01,14.859,12.166,69.852,58.989,1
2009-10-09,25.631,16.456,45.659,39.292,31.267,1
2009-10-12,12.015,11.671,12.026,44.992,29.08,0
2009-10-13,25.91,19.391,22.084,40.296,34.698,0
2009-10-14,9.837,16.106,32.111,22.307,21.529,2
2009-10-15,8.539,28.002,11.975,36.167,17.541,1
2009-10-16,33.643,31.188,27.899,60.847,49.446,-1
2009-10-19,18.724,3.54,1.497,40.811,28.116,1
2009-10-20,47.799,16.565,3.489,71.601,60.288,-1
2009-10-21,32.814,17.152,25.341,64.741,51.528,-1
2009-10-22,54.667,7.597,49.396,69.953,64.67,1
2009-10-23,29.846,13.14,32.16,39.09,32.117,-1
2009-10-26,53.84,44.582,41.007,87.629,71.647,-1
2009-10-27,32.015,-15.27,14.81,40.251,37.736,0
2009-10-28,38.648,25.632,18.933,30.126,33.639,-1
2009-10-29,45.382,31.198,3.359,55.732,52.719,2
2009-10-30,43.601,21.703,31.795,56.68,51.64,-2
2009-11-02,20.998,20.781,19.092,34.188,30.312,1
2009-11-03,44.551,-2.979,-5.513,63.026,53.608,0
2009-11-04,16.885,3.418,37.924,24.165,25.886,0
2009-11-05,11.955,28.836,21.077,37.465,30.561,2
2009-11-06,10.362,26.007,14.046,34.808,25.271,0
2009-11-09,26.121,-3.473,7.472,35.717,29.054,2
2009-11-10,38.21,19.491,40.784,62.844,52.996,0
2009-11-11,4.562,25.421,12.565,25.571,19.944,1
2009-11-12,17.233,16.267,28.692,30.082,24.052,-1
2009-11-13,13.701,0.399,31.566,26.342,22.719,1
2009-11-16,40.238,10.383,21.418,67.295,55.17,1
2009-11-17,0.672,41.274,15.992,25.089,15.805,0
2009-11-18,18.326,1.418,33.103,36.976,29.991,0
2009-11-19,34.455,-2.105,11.458,61.349,51.204,-1
2009-11-20,2.01,25.565,1.814,24.804,11.426,0
2009-11-23,18.326,29.795,19.546,55.334,41.606,1
2009-11-24,-1.015,4.939,17.724,36.1,22.7,0
2009-11-25,32.635,19.052,27.551,65.397,51.977,0
2009-11-27,23.176,45.686,40.552,52.678,39.193,-2
2009-11-30,31.739,45.48,25.338,60.76,44.043,0
2009-12-01,31.384,11.029,14.522,53.463,44.211,1
2009-12-02,7.865,16.515,44.699,23.193,16.827,0
2009-12-03,12.125,28.487,20.707,23.289,20.426,-1
2009-12-04,29.843,19.951,8.768,38.583,36.944,0
2009-12-07,14.969,9.716,45.058,48.208,35.265,0
2009-12-08,15.45,22.378,11.844,25.057,26.127,-1
2009-12-09,12.516,2.638,16.456,28.078,25.03,1
2009-12-10,-0.26,20.827,10.043,16.146,4.675,1
2009-12-11,48.052,16.974,18.495,41.562,44.981,1
2009-12-14,34.541,-1.563,47.034,49.507,39.73,0
2009-12-15,22.429,7.417,26.098,37.719,26.944,-1
2009-12-16,-0.22,4.24,22.757,37.833,22.98,0
2009-12-17,12.027,12.285,22.031,17.852,13.848,-1
2009-12-18,37.208,3.714,12.319,45.44,45.461,0
2009-12-21,15.411,39.47,34.707,40.515,22.377,1
2009-12-22,0.499,28.116,16.681,22.882,14.925,1
2009-12-23,30.421,29.902,29.31,30.978,33.669,0
2009-12-24,32.474,20.821,17.526,36.833,33.477,1
2009-12-28,20.549,32.074,24.227,29.761,24.431,0
2009-12-29,50.066,-2.034,28.355,79.279,66.96,0
2009-12-30,0.478,29.66,19.826,25.617,19.078,0
2009-12-31,46.569,21.121,-6.232,62.718,56.056,-1
2010-01-04,32.271,38.31,35.363,67.588,52.172,2
2010-01-05,30.818,20.669,11.568,63.127,50.22,0
2010-01-06,10.604,5.655,19.614,18.701,18.741,0
2010-01-07,53.498,39.231,6.167,87.451,72.245,1
2010-01-08,35.707,0.782,12.424,53.13,44.753,0
2010-01-11,10.075,25.258,25.22,0.154,6.015,1
2010-01-12,20.208,12.48,38.194,43.231,35.523,-1
2010-01-13,4.524,8.554,17.486,26.123,21.034,1
2010-01-14,31.48,27.674,-1.251,52.817,41.159,0
2010-01-15,23.663,39.253,23.353,45.85,33.906,-1
2010-01-19,23.99,10.291,24.365,52.518,37.674,1
2010-01-20,37.758,21.692,4.331,68.879,55.655,-1
2010-01-21,44.586,36.416,22.496,65.468,61.219,-2
2010-01-22,20.796,1.206,21.063,73.36,55.053,-2
2010-01-25,15.956,12.442,18.436,59.077,39.145,0
2010-01-26,11.608,27.807,8.801,42.631,29.806,0
2010-01-27,12.132,4.346,26.194,27.744,18.636,1
2010-01-28,-2.838,12.704,24.078,11.966,6.27,-1
2010-01-29,-7.449,28.616,25.605,21.362,13.186,-1
2010-02-01,-1.05,12.406,26.174,14.618,6.35,1
2010-02-02,0.635,6.93,37.059,27.083,14.522,1
2010-02-03,9.357,15.294,4.939,39.401,25.555,0
2010-02-04,22.375,16.339,11.582,38.363,31.246,-2
2010-02-05,3.898,10.499,16.809,18.414,13.272,0
2010-02-08,40.115,19.836,32.528,61.732,60.388,-1
2010-02-09,35.847,-0.586,0.183,77.598,56.067,2
2010-02-10,4.6,38.166,39.074,7.585,9.43,0
2010-02-11,2.643,29.351,19.933,37.177,21.79,1
2010-02-12,22.138,20.926,22.069,26.305,27.081,-1
2010-02-16,46.485,40.928,7.638,61.274,54.269,2
2010-02-17,-5.909,5.811,20.925,10.389,3.34,1
2010-02-18,-3.952,1.862,27.975,37.16,22.166,1
2010-02-19,21.16,4.268,38.337,59.7,43.159,0
2010-02-22,28.822,20.779,7.349,42.361,39.359,0
2010-02-23,8.508,-15.521,29.884,20.536,15.932,-1
2010-02-24,17.346,19.067,29.219,37.394,31.615,1
2010-02-25,53.153,17.802,13.354,68.296,65.338,-1
2010-02-26,28.681,-2.897,17.673,33.247,30.155,0
2010-03-01,0.114,6.665,17.542,24.958,17.326,1
2010-03-02,19.493,-10.002,25.325,46.087,35.807,0
2010-03-03,22.007,12.595,15.479,53.667,38.99,0
2010-03-04,17.907,22.789,25.993,12.932,14.047,1
2010-03-05,39.755,18.347,4.075,61.898,54.367,1
2010-03-08,3.21,13.151,6.237,24.229,16.058,0
2010-03-09,19.915,13.062,16.624,45.681,36.124,0
2010-03-10,38.715,28.805,16.632,64.724,52.403,0
2010-03-11,28.069,1.398,13.003,39.054,28.125,1
2010-03-12,31.607,4.085,22.792,40.255,35.772,0
2010-03-15,21.417,27.491,10.848,49.34,35.491,0
2010-03-16,24.773,18.767,19.496,45.254,37.57,1
2010-03-17,24.628,10.514,20.529,46.172,32.843,1
2010-03-18,10.398,26.628,26.285,22.376,21.491,1
2010-03-19,41.341,13.442,7.724,66.37,57.023,-1
2010-03-22,28.815,-0.742,10.607,23.798,21.432,1
2010-03-23,30.351,17.419,8.222,60.436,48.468,1
2010-03-24,19.59,24.716,29.459,46.745,28.816,-1
2010-03-25,18.857,14.374,20.698,29.396,28.753,0
2010-03-26,19.338,15.393,19.306,28.904,22.951,0
2010-03-29,7.672,16.604,13.648,9.014,5.451,1
2010-03-30,6.436,17.475,34.801,8.987,6.036,0
2010-03-31,3.516,13.287,12.893,34.9,19.767,-1
2010-04-01,12.89,-4.765,17.816,21.016,15.567,1
2010-04-05,16.506,21.83,32.26,53.008,34.538,1
2010-04-06,0.794,27.553,20.099,0.91,5.081,0
2010-04-07,18.367,11.757,27.26,17.726,18.139,-1
2010-04-08,-18.625,8.427,13.978,-8.094,-13.354,0
2010-04-09,22.573,21.649,26.791,34.185,30.201,1
2010-04-12,24.051,-16.11,25.913,35.279,34.182,0
2010-04-13,60.081,25.307,6.215,62.977,62.999,0
2010-04-14,33.636,7.267,15.697,57.194,49.251,1
2010-04-15,29.957,27.092,6.844,28.179,32.155,0
2010-04-16,29.005,14.974,14.575,63.955,47.682,-1
2010-04-19,40.665,7.439,10.448,48.514,43.434,1
2010-04-20,68.15,2.661,0.786,85.978,75.156,0
2010-04-21,20.551,34.772,-7.601,42.217,34.847,0
2010-04-22,18.184,15.341,26.396,32.691,28.541,0
2010-04-23,46.214,20.123,38.828,45.781,50.561,1
2010-04-26,14.336,19.821,13.238,19.278,17.675,0
2010-04-27,33.053,1.957,8.14,31.741,33.025,-2
2010-04-28,31.464,19.697,19.825,47.405,41.401,1
2010-04-29,17.953,31.399,25.521,40.771,34.041,1
2010-04-30,18.619,26.624,27.056,33.214,29.178,-2
2010-05-03,37.718,14.887,-3.35,64.495,51.497,2
2010-05-04,35.955,25.768,30.741,52.101,50.708,-2
2010-05-05,16.861,19.265,18.641,44.066,32.719,-1
2010-05-06,19.558,26.196,19.211,34.176,29.06,-2
2010-05-07,38.328,19.138,21.319,55.764,46.925,-1
2010-05-10,13.237,12.568,20.24,26.801,20.071,2
2010-05-11,23.796,18.864,15.729,49.868,36.406,0
2010-05-12,39.139,0.043,21.753,54.193,45.888,2
2010-05-13,17.678,27.866,33.673,37.61,25.235,-1
2010-05-14,13.072,7.316,19.869,35.323,28.469,-2
2010-05-17,17.109,2.901,19.129,32.998,26.817,0
2010-05-18,16.935,8.779,18.892,36.707,24.786,-1
2010-05-19,31.077,25.161,33.724,57.971,42.212,-1
2010-05-20,23.439,12.885,39.56,26.224,23.128,-2
2010-05-21,23.482,19.076,9.667,40.164,32.703,1
2010-05-24,12.198,20.935,20.346,37.221,28.01,-1
2010-05-25,19.353,0.09,19.386,45.255,34.645,0
2010-05-26,9.45,39.199,32.17,42.37,29.409,-1
2010-05-27,6.95,21.987,11.34,18.562,16.577,2
2010-05-28,31.863,31.962,12.675,52.419,39.071,-1
2010-06-01,10.424,24.623,17.836,17.719,15.26,-1
2010-06-02,25.49,42.397,13.121,56.732,45.977,2
2010-06-03,34.074,24.888,20.633,34.345,34.396,0
2010-06-04,1.445,30.201,15.706,20.803,11.551,-2
2010-06-07,17.037,14.671,11.705,27.699,20.326,-1
2010-06-08,12.761,4.91,14.516,31.207,20.261,1
2010-06-09,38.291,9.894,13.111,41.609,37.721,-1
2010-06-10,60.937,-7.186,16.457,75.974,72.261,2
2010-06-11,49.641,17.422,24.696,60.966,61.119,1
2010-06-14,17.376,2.767,26.222,39.036,27.679,0
2010-06-15,25.694,19.017,24.588,61.034,45.996,2
2010-06-16,51.181,27.671,20.99,59.478,53.014,0
2010-06-17,30.862,22.905,13.303,47.842,43.05,0
2010-06-18,14.424,17.996,23.745,28.661,23.173,0
2010-06-21,17.872,27.875,21.639,38.517,31.287,0
2010-06-22,16.412,18.02,30.372,33.506,29.358,-2
2010-06-23,34.376,11.442,13.992,58.513,42.515,0
2010-06-24,25.369,15.397,23.875,39.377,36.569,-2
2010-06-25,36.49,18.845,7.808,47.852,46.666,0
2010-06-28,24.596,34.207,35.923,58.914,40.444,0
2010-06-29,16.809,17.541,28.346,7.846,16.852,-2
2010-06-30,11.075,12.743,24.785,30.965,26.1,-1
2010-07-01,35.652,35.123,12.947,59.197,49.603,-1
2010-07-02,29.467,24.927,23.619,52.417,43.87,-1
2010-07-06,12.238,15.538,-0.057,53.268,36.375,1
2010-07-07,33.347,7.978,42.244,51.879,46.079,2
2010-07-08,5.934,21.4,37.121,29.617,18.135,1
2010-07-09,2.958,29.725,17.29,15.482,9.661,1
2010-07-12,14.58,-6.926,32.203,35.597,27.033,0
2010-07-13,22.687,17.938,19.238,31.5,30.873,2
2010-07-14,21.185,-12.45,19.319,34.462,27.433,0
2010-07-15,-6.261,9.083,27.335,22.731,13.264,0
2010-07-16,20.21,35.469,15.771,54.882,45.82,-2
2010-07-19,29.217,15.141,16.872,63.028,48.801,1
2010-07-20,55.861,21.633,15.689,66.499,66.51,1
2010-07-21,17.689,34.171,38.408,48.966,40.701,-1
2010-07-22,16.79,16.731,9.965,22.305,20.593,2
2010-07-23,45.754,20.315,26.725,69.592,54.55,1
2010-07-26,12.418,36.074,13.636,30.938,26.375,1
2010-07-27,-31.369,43.916,60.413,-0.65,-4.447,0
2010-07-28,-7.367,13.303,18.095,6.539,3.572,-1
2010-07-29,-10.29,13.754,27.796,-0.088,0.1,0
2010-07-30,17.06,27.569,24.917,54.669,39.787,0
2010-08-02,39.446,10.809,24.329,51.443,48.169,2
2010-08-03,16.063,-9.541,23.848,36.807,29.945,-1
2010-08-04,-0.546,20.574,34.985,38.065,21.478,1
2010-08-05,10.201,7.531,17.64,12.112,12.631,0
2010-08-06,24.609,13.467,12.122,53.307,42.266,0
2010-08-09,13.492,10.03,21.127,23.479,17.855,1
2010-08-10,-4.951,12.082,18.142,14.403,11.195,-1
2010-08-11,40.53,5.911,11.167,63.536,63.048,-2
2010-08-12,16.616,41.814,20.251,36.52,31.738,-1
2010-08-13,9.42,13.975,25.582,12.737,13.374,0
2010-08-16,6.129,21.278,11.118,33.548,22.813,0
2010-08-17,29.335,24.388,20.682,50.441,41.995,1
2010-08-18,17.779,14.606,20.62,45.23,30.204,0
2010-08-19,13.002,35.67,9.317,35.148,29.608,-1
2010-08-20,17.759,36.344,14.031,29.888,22.796,-1
2010-08-23,24.351,21.607,12.525,68.286,52.78,-1
2010-08-24,14.676,24.653,32.074,28.954,21.863,-1
2010-08-25,17.351,4.56,14.834,28.396,21.356,0
2010-08-26,20.718,18.008,10.42,27.701,22.58,-1
2010-08-27,14.998,14.785,5.013,18.411,16.772,2
2010-08-30,18.89,14.31,13.161,38.75,28.705,-1
2010-08-31,-6.345,-4.137,38.289,17.534,7.852,0
2010-09-01,35.319,1.957,13.73,28.87,28.163,2
2010-09-02,13.039,11.293,22.725,8.857,11.454,1
2010-09-03,23.836,2.994,21.947,46.654,41.289,1
2010-09-07,23.022,4.765,17.612,55.44,43.787,-1
2010-09-08,14.259,6.716,16.453,47.938,30.341,1
2010-09-09,20.816,15.651,45.464,36.177,36.063,0
2010-09-10,26.72,10.939,7.642,27.32,24.053,1
2010-09-13,38.939,15.224,28.335,63.134,51.18,1
2010-09-14,12.666,34.558,32.795,37.935,33.994,0
2010-09-15,37.69,-3.437,10.903,35.048,41.018,1
2010-09-16,18.378,6.261,19.645,35.307,27.085,0
2010-09-17,18.108,13.653,27.196,48.391,34.155,0
2010-09-20,7.124,11.554,13.998,31.509,24.817,2
2010-09-21,46.254,43.992,25.69,83.866,69.049,0
2010-09-22,50.737,22.139,12.078,30.734,41.26,0
2010-09-23,33.457,15.596,8.224,35.436,37.51,-1
2010-09-24,23.676,9.646,24.104,40.913,34.964,2
2010-09-27,0.029,10.577,22.49,25.396,11.849,-1
2010-09-28,19.5,20.042,20.648,39.249,29.042,1
2010-09-29,0.791,14.447,-1.201,17.331,12.293,0
2010-09-30,12.678,5.589,30.871,25.32,14.889,-1
2010-10-01,10.341,7.332,11.391,46.72,29.939,1
2010-10-04,29.97,16.017,37.9,40.021,35.103,-1
2010-10-05,25.732,26.971,32.739,25.214,27.126,2
2010-10-06,27.83,9.094,5.933,28.504,31.266,0
2010-10-07,55.631,19.048,11.198,89.611,80.641,0
2010-10-08,45.936,14.156,30.001,72.947,58.899,1
2010-10-11,42.62,18.309,25.604,55.196,49.128,0
2010-10-12,62.114,4.429,45.453,95.884,81.333,0
2010-10-13,31.861,14.516,29.922,39.187,34.031,1
2010-10-14,15.889,21.807,24.551,23.328,21.929,0
2010-10-15,34.123,2.435,22.909,39.862,36.055,0
2010-10-18,53.722,27.076,2.534,75.766,64.715,1
2010-10-19,22.153,25.763,38.853,19.084,24.515,-2
2010-10-20,59.855,13.861,28.984,69.845,71.52,1
2010-10-21,52.482,10.532,17.57,102.45,79.74,1
2010-10-22,9.698,24.823,35.317,22.353,16.947,0
2010-10-25,12.151,27.975,25.331,7.526,12.354,0
2010-10-26,38.404,9.584,22.259,53.742,44.112,0
2010-10-27,-18.65,0.862,32.62,26.498,9.352,-1
2010-10-28,24.345,21.671,23.841,38.595,40.782,0
2010-10-29,13.655,14.056,18.243,8.57,13.712,0
2010-11-01,13.021,10.094,20.894,43.739,27.418,0
2010-11-02,10.678,32.211,17.96,37.13,24.656,1
2010-11-03,40.089,16.769,18.073,57.209,43.792,0
2010-11-04,32.412,4.987,21.125,63.496,46.597,2
2010-11-05,1.036,16.384,37.121,21.875,15.214,0
2010-11-08,27.25,9.668,26.378,32.93,32.079,0
2010-11-09,23.869,28.507,20.805,44.503,35.046,-1
2010-11-10,49.144,18.006,22.247,54.918,52.667,0
2010-11-11,31.07,13.22,24.922,55.146,41.42,-1
2010-11-12,39.337,25.505,39.966,62.483,52.817,-1
2010-11-15,0.594,25.391,24.277,25.42,13.661,0
2010-11-16,21.964,19.898,6.551,24.169,22.336,-2
2010-11-17,27.926,8.808,19.686,29.1,28.01,0
2010-11-18,11.953,45.66,38.806,60.504,41.553,2
2010-11-19,32.116,13.925,31.349,42.289,45.091,0
2010-11-22,28.328,20.854,13.022,18.239,22.13,0
2010-11-23,23.564,21.929,13.66,39.06,32.13,-2
2010-11-24,-12.999,24.561,23.38,24.138,7.096,2
2010-11-26,34.634,17.558,27.124,61.65,54.868,-1
2010-11-29,13.45,36.37,27.244,11.533,22.903,0
2010-11-30,26.535,39.124,26.4,20.564,33.585,-1
2010-12-01,14.959,12.556,21.665,35.815,29.279,2
2010-12-02,21.171,19.645,40.433,23.316,29.797,1
2010-12-03,2.911,20.797,37.864,2.512,9.542,0
2010-12-06,7.362,42.798,39.245,-1.562,13.989,0
2010-12-07,11.848,49.043,41.779,19.055,24.566,0
2010-12-08,4.364,32.006,35.312,6.707,9.67,0
2010-12-09,40.13,38.688,38.748,34.971,50.826,0
2010-12-10,46.021,31.219,42.748,72.43,67.898,1
2010-12-13,21.452,20.692,28.704,15.241,19.566,0
2010-12-14,12.196,20.722,17.563,30.461,27.396,1
2010-12-15,10.121,12.168,20.278,3.2,8.77,0
2010-12-16,22.426,38.463,40.494,36.274,42.713,1
2010-12-17,4.33,14.787,35.913,7.972,8.04,0
2010-12-20,22.083,33.189,35.575,53.756,50.457,0
2010-12-21,60.582,13.731,39.736,87.406,80.9,1
2010-12-22,43.744,34.171,16.443,44.962,47.212,0
2010-12-23,-4.336,38.292,27.261,25.402,21.295,0
2010-12-27,29.145,28.226,15.08,54.544,48.003,0
2010-12-28,28.173,51.157,53.24,39.898,41.678,0
2010-12-29,33.897,39.277,27.973,41.271,43.753,0
2010-12-30,32.224,12.899,24.966,33.788,35.282,0
2010-12-31,57.399,20.497,14.104,73.123,68.746,0
2011-01-03,39.656,32.716,43.284,41.202,49.573,1
2011-01-04,55.724,-1.649,21.001,75.388,69.251,0
2011-01-05,40.653,10.062,21.642,39.46,45.782,0
2011-01-06,41.824,41.822,35.865,40.968,45.987,0
2011-01-07,-10.39,15.308,20.636,7.392,4.106,0
2011-01-10,24.569,13.608,30.515,46.382,36.046,0
2011-01-11,27.111,16.692,23.514,38.345,35.846,0
2011-01-12,24.235,-6.443,19.381,33.881,34.6,1
2011-01-13,23.903,-7.07,22.524,57.383,41.514,0
2011-01-14,33.626,17.482,11.155,39.478,41.701,1
2011-01-18,19.607,-1.762,12.899,28.607,23.615,1
2011-01-19,50.012,-0.136,29.685,55.477,52.905,0
2011-01-20,-1.427,5.247,31.347,19.364,9.411,0
2011-01-21,37.929,32.84,36.389,49.294,45.814,1
2011-01-24,22.553,30.68,40.775,29.622,29.607,1
2011-01-25,24.645,6.636,36.657,34.597,29.514,0
2011-01-26,30.846,8.462,33.105,20.599,24.683,0
2011-01-27,33.784,12.594,33.5,27.071,26.303,0
2011-01-28,58.762,23.485,45.114,79.01,73.015,-2
2011-01-31,50.32,28.969,-0.455,82.955,62.982,1
2011-02-01,32.169,10.389,21.719,33.243,28.954,2
2011-02-02,38.62,19.556,21.232,59.358,43.829,0
2011-02-03,48.863,4.423,42.218,67.623,54.985,0
2011-02-04,55.548,5.89,24.093,56.159,51.048,0
2011-02-07,58.749,19.681,32.367,95.654,79.226,1
2011-02-08,21.251,9.766,25.038,36.538,27.29,1
2011-02-09,31.944,42.261,38.403,14.538,23.213,0
2011-02-10,26.174,24.101,19.652,43.197,34.153,0
2011-02-11,39.1,27.01,20.104,51.575,46.571,1
2011-02-14,35.157,8.466,17.529,68.565,49.666,0
2011-02-15,36.521,-7.916,29.729,43.609,36.77,-1
2011-02-16,2.624,5.767,13.636,3.804,-3.09,1
2011-02-17,33.093,10.704,19.645,32.793,26.91,0
2011-02-18,17.316,8.536,19.818,45.7,30.201,1
2011-02-22,17.012,6.602,23.177,24.699,13.116,-2
2011-02-23,23.807,7.72,18.042,51.492,33.505,-1
2011-02-24,-0.558,13.811,35.801,12.121,9.578,-1
2011-02-25,36.345,0.825,2.424,32.657,28.096,1
2011-02-28,20.717,21.143,34.147,28.896,22.183,1
2011-03-01,21.006,13.101,21.749,32.02,25.587,-2
2011-03-02,27.424,12.611,27.844,53.464,41.768,0
2011-03-03,30.402,20.375,25.635,39.924,37.211,2
2011-03-04,22.826,25.179,16.759,34.031,24.041,-1
2011-03-07,31.877,9.426,15.486,66.796,51.718,-1
2011-03-08,23.934,27.536,23.213,22.678,23.114,1
2011-03-09,16.47,28.217,41.462,19.617,13.86,0
2011-03-10,21.643,0.523,19.103,25.514,27.368,-2
2011-03-11,-1.917,-0.548,25.259,-12.402,-10.111,1
2011-03-14,43.78,13.143,13.544,41.711,42.079,-1
2011-03-15,27.774,42.183,17.648,47.972,41.463,-1
2011-03-16,39.998,36.342,25.585,45.976,38.52,-2
2011-03-17,21.293,35.254,36.439,49.769,41.778,2
2011-03-18,32.262,32.829,27.275,25.395,25.222,1
2011-03-21,12.852,34.74,24.544,14.482,12.198,2
2011-03-22,2.037,35.613,12.576,18.748,14.216,0
2011-03-23,20.697,25.406,21.699,35.65,31.171,1
2011-03-24,4.024,18.214,17.85,15.523,4.295,1
2011-03-25,19.021,-2.755,15.752,30.478,22.177,1
2011-03-28,34.138,18.315,15.731,37.369,35.843,0
2011-03-29,29.505,33.697,23.358,22.879,23.555,1
2011-03-30,15.681,2.498,25.443,30.326,20.972,1
2011-03-31,54.755,30.178,13.943,62.167,65.386,0
2011-04-01,29.871,1.228,22.179,50.714,43.933,1
2011-04-04,6.707,9.636,27.021,8.672,6.744,0
2011-04-05,-1.007,33.511,30.056,0.037,2.628,0
2011-04-06,34.585,-4.202,16.061,41.198,42.023,1
2011-04-07,10.599,39.424,23.55,49.679,32.112,0
2011-04-08,24.439,25.895,18.598,12.541,20.264,0
2011-04-11,16.677,15.967,29.29,22.349,21.167,0
2011-04-12,20.968,19.882,2.838,40.23,37.037,-1
2011-04-13,8.695,21.586,15.038,13.666,10.314,0
2011-04-14,23.668,24.066,13.411,43.073,36.62,0
2011-04-15,29.453,-9.689,8.784,46.351,33.134,1
2011-04-18,13.938,14.512,20.658,39.03,29.687,-1
2011-04-19,10.01,21.374,24.466,23.616,18.04,1
2011-04-20,22.737,19.751,23.92,45.246,36.444,2
2011-04-21,34.043,20.927,7.454,47.447,38.062,1
2011-04-25,10.21,-10.815,23.807,21.63,15.032,0
2011-04-26,29.039,19.282,9.718,29.358,26.728,1
2011-04-27,13.988,37.716,17.01,17.285,15.736,1
2011-04-28,-1.268,29.052,44.804,24.285,12.946,1
2011-04-29,17.207,43.272,-6.846,40.208,27.083,1
2011-05-02,35.979,15.798,27.263,49.459,38.817,0
2011-05-03,-12.167,12.363,25.603,24.225,8.314,0
2011-05-04,-6.54,15.661,34.769,10.404,5.724,-1
2011-05-05,8.273,14.139,2.579,49.511,32.078,-1
2011-05-06,-2.246,10.364,14.588,8.901,0.553,1
2011-05-09,37.007,-4.569,25.996,47.965,41.527,1
2011-05-10,44.902,-2.78,23.365,49.891,48.166,1
2011-05-11,12.322,10.024,7.437,32.632,23.601,-1
2011-05-12,19.369,16.515,22.058,26.6,24.193,1
2011-05-13,6.157,11.523,27.725,19.763,14.052,-1
2011-05-16,13.56,17.578,15.896,48.024,31.543,-1
2011-05-17,39.91,20.328,15.485,54.934,44.098,-1
2011-05-18,28.671,15.839,21.89,40.034,38.584,1
2011-05-19,40.125,27.051,1.569,41.389,37.722,1
2011-05-20,2.523,31.797,28.506,17.555,13.524,-1
2011-05-23,45.024,45.291,19.551,62.19,59.554,-1
2011-05-24,0.786,14.291,18.714,5.157,2.483,0
2011-05-25,18.72,16.731,17.127,34.405,24.158,1
2011-05-26,29.204,-7.598,12.762,38.729,32.425,0
2011-05-27,27.76,28.88,20.633,41,34.788,1
2011-05-31,9.752,5.511,17.843,36.823,27.597,1
2011-06-01,30.754,8.886,25.756,27.768,28.966,-2
2011-06-02,24.849,10.107,21.859,44.708,34.828,-1
2011-06-03,24.106,6.981,22.246,55.118,40.934,-1
2011-06-06,17.03,9.929,28.766,45.96,34.319,-1
2011-06-07,-20.916,20.494,4.015,11.806,-4.322,0
2011-06-08,38.108,0.535,29.475,52.617,47.072,0
2011-06-09,23.37,14.392,36.986,26.133,29.251,1
2011-06-10,40.387,14.223,35.395,41.997,41.837,-2
2011-06-13,33.93,35.225,36.684,42.871,35.772,0
2011-06-14,28.955,12.346,29.187,46.245,38.26,1
2011-06-15,29.979,18.929,20.262,47.93,39.45,-2
2011-06-16,36.526,0.324,28.414,53.743,47.239,1
2011-06-17,13.117,13.61,7.09,49.221,33.863,1
2011-06-20,7.14,9.471,25.111,5.478,8.978,1
2011-06-21,11.326,18.461,23.654,13.306,9.201,1
2011-06-22,32.303,22.486,10.057,45.535,37.557,-1
2011-06-23,31.774,28.653,33.602,40.262,32.68,-1
2011-06-24,32.469,32.373,21.511,45.572,45.608,-1
2011-06-27,40.858,18.885,17.227,35.185,37.159,1
2011-06-28,38.942,23.354,15.66,63.369,56.444,2
2011-06-29,17.796,10.838,32.673,35.573,23.324,1
2011-06-30,34.816,-8.155,12.945,67.498,50.087,2
2011-07-01,16.344,2.491,29.594,25.022,24.277,2
2011-07-05,17.739,11.635,10.749,42.64,33.254,0
2011-07-06,13.925,-0.254,16.185,26.412,17.426,1
2011-07-07,38.971,25.627,20.85,39.534,44.599,1
2011-07-08,45.05,29.356,35.092,53.058,51.069,-1
2011-07-11,41.935,19.883,19.608,71.948,58.223,-2
2011-07-12,25.041,9.011,33.947,50.132,42.273,-1
2011-07-13,57.493,12.372,19.628,62.005,63.652,1
2011-07-14,18.897,15.51,25.835,32.951,23.189,-1
2011-07-15,28.324,2.421,17.461,51.277,41.995,1
2011-07-18,10.402,13.5,49.493,38.771,32.823,-1
2011-07-19,30.618,12.01,18.869,49.232,44.439,2
2011-07-20,9.924,21.51,28.461,31.739,24.452,0
2011-07-21,47.578,28.668,38.951,60.128,54.569,2
2011-07-22,27.029,-3.13,31.835,41.25,36.458,-1
2011-07-25,21.132,13.392,2.55,23.364,17.656,-1
2011-07-26,1.001,26.703,31.967,19.817,13.937,-1
2011-07-27,12.412,18.701,50.383,23.283,17.659,-2
2011-07-28,34.491,14.474,18.768,57.044,47.606,-1
2011-07-29,2.529,17.043,29.204,7.72,3.932,-1
2011-08-01,13.327,8.028,17.375,5.933,11.574,0
2011-08-02,14.302,0.97,12.493,8.98,6.072,-2
2011-08-03,32.904,16.965,27.87,45.464,38.53,0
2011-08-04,1.729,9.766,19.164,22.198,11.85,-2
2011-08-05,2.588,1.358,20.046,32.969,16.742,1
2011-08-08,-8.804,13.548,39.086,14.015,4.781,-2
2011-08-09,42.668,14.629,25.58,38.737,40.611,2
2011-08-10,0.72,-10.638,12.073,26.613,12.758,-2
2011-08-11,-0.499,18.345,47.137,23.327,11.699,2
2011-08-12,9.353,20.284,12.249,26.218,19.206,1
2011-08-15,38.139,0.663,23.465,59.176,47.466,2
2011-08-16,-2.416,24.705,21.028,18.146,11.474,-1
2011-08-17,29.164,-1.665,32.378,24.572,25.27,0
2011-08-18,28.949,15.415,39.42,47.473,46.007,-2
2011-08-19,45.534,31.229,17.743,70.396,57.818,-2
2011-08-22,34.668,33.606,31.371,46.927,43.369,0
2011-08-23,12.321,4.608,6.559,16.308,11.04,2
2011-08-24,20.098,19.798,36.894,48.736,34.121,2
2011-08-25,25.55,-4.016,23.35,48.661,39.442,-2
2011-08-26,26.5,2.933,16.719,36.698,34.013,1
2011-08-29,15.863,7.292,2.525,31.658,26.961,2
2011-08-30,-17.007,10.801,32.914,-4.681,-11.424,0
2011-08-31,29.107,17.994,28.548,40.744,35.123,1
2011-09-01,18.784,9.256,23.295,24.002,27.792,-1
2011-09-02,36.436,12.767,19.165,80.357,62.53,-2
2011-09-06,32.467,8.553,34.755,22.742,28.803,-1
2011-09-07,47.057,8.09,21.256,58.406,64.07,2
2011-09-08,13.928,17.141,41.322,18.058,19.529,-1
2011-09-09,8.262,5.379,14.099,29.972,21.924,-2
2011-09-12,-1.803,26.283,16.157,4.525,2.808,1
2011-09-13,7.446,-4.679,5.093,15.537,14.907,1
2011-09-14,52.366,34.769,11.665,78.997,64.293,1
2011-09-15,26.561,4.372,21.851,31.405,26.585,2
2011-09-16,46.655,19.515,31.354,62.56,53.755,1
2011-09-19,27.006,25.385,16.503,63.436,45.306,-1
2011-09-20,24.637,33.422,35.078,60.472,39.308,0
2011-09-21,39.892,13.008,19.702,61.461,55.007,-2
2011-09-22,16.079,9.809,19.185,50.861,38.954,-2
2011-09-23,28.559,7.632,29.625,49.11,41.967,1
2011-09-26,38.322,34.381,30.686,40.492,43.062,2
2011-09-27,32.964,26.478,15.717,50.223,41.349,2
2011-09-28,16.552,27.855,24.303,24.849,22.003,-2
2011-09-29,24.167,15.242,9.207,37.613,29.161,1
2011-09-30,37.166,23.158,25.438,50.21,49.737,-2
2011-10-03,6.849,11.952,17.127,17.52,10.943,-2
2011-10-04,37.146,27.191,26.989,46.11,39.971,2
2011-10-05,17.408,7.595,21.262,11.385,14.802,1
2011-10-06,34.353,19.247,23.478,50.841,41.902,2
2011-10-07,9.432,8.88,9.135,20.733,11.61,0
2011-10-10,44.386,1.004,5.046,44.051,38.751,2
2011-10-11,22.329,19.072,24.765,12.333,15.736,0
2011-10-12,12.778,22.847,19.095,26.159,21.569,1
2011-10-13,18.228,36.536,9.545,57.711,42.153,-1
2011-10-14,47.634,22.683,24.459,75.293,65.352,2
2011-10-17,44.201,5.785,14.223,49.683,42.942,-2
2011-10-18,13.988,-26.064,15.541,36.222,28.604,2
2011-10-19,19.532,13.025,21.148,40.028,29.649,-1
2011-10-20,36.184,4.995,23.956,26.229,30.935,1
2011-10-21,33.846,24.945,26.732,74.849,61.027,2
2011-10-24,43.033,10.999,19.596,57.262,52.478,1
2011-10-25,43.655,24.37,16.952,51.411,54.466,-2
2011-10-26,32.566,21.742,1.976,42.735,36.844,2
2011-10-27,22.857,28.895,33.558,32.43,27.299,2
2011-10-28,17.37,11.224,11.874,40.283,26.763,0
2011-10-31,6.826,27.189,11.604,19.654,16.053,-2
2011-11-01,27.373,14.898,7.885,33.839,34.398,-2
2011-11-02,18.478,8.76,33.911,36.768,30.031,2
2011-11-03,17.873,32.888,41.926,22.724,25.5,2
2011-11-04,27.181,30.901,30.679,55.236,40.535,-1
2011-11-07,37.558,18.078,26.411,69.396,56.373,1
2011-11-08,23.749,6.399,44.71,39.696,31.001,1
2011-11-09,-1.292,16.412,44.028,16.445,6.446,-2
2011-11-10,30.264,7.061,15.826,50.66,41.051,1
2011-11-11,50.44,-4.849,33.533,62.093,57.395,2
2011-11-14,44.804,44.893,31.245,55.711,50.68,-1
2011-11-15,20.612,12.506,26.703,43.645,37.489,0
2011-11-16,23.641,11.848,25.269,30.889,29.326,-2
2011-11-17,42.58,3.038,14.775,63.868,52.727,-1
2011-11-18,41.485,24.178,38.653,65.781,55.399,0
2011-11-21,23.077,22.364,7.098,60.274,47.047,-2
2011-11-22,54.023,39.708,25.945,71.374,65.179,-1
2011-11-23,47.48,26.716,35.33,60.176,51.138,-2
2011-11-25,31.001,5.527,13.794,42.142,37.147,0
2011-11-28,8.315,7.354,33.397,26.966,14.185,2
2011-11-29,45.936,21.589,33.298,68.896,63.934,0
2011-11-30,44.251,7.31,13.492,69.692,62.023,2
2011-12-01,29.471,29.372,21.025,63.103,49.764,0
2011-12-02,32.329,34.47,35.569,44.229,39.521,0
2011-12-05,15.063,35.029,33.224,34.135,28.26,1
2011-12-06,25.899,32.645,28.068,59.654,40.724,1
2011-12-07,64.812,31.127,5.518,74.069,69.89,1
2011-12-08,14.133,7.817,37.28,50.148,36.427,-2
2011-12-09,25.968,20.804,0.822,47.422,38.013,2
2011-12-12,49.113,17.546,19.154,57.605,49.328,-2
2011-12-13,40.792,39.426,15.19,64.023,52.468,-1
2011-12-14,3.108,18.027,21.527,16.851,14.761,-1
2011-12-15,44.295,7.374,26.532,59.571,57.575,1
2011-12-16,3.727,-1.691,36.665,23.786,15.851,0
2011-12-19,51.308,34.022,23.018,67.589,56.047,-1
2011-12-20,15.561,7.053,-9.936,23.63,13.157,2
2011-12-21,24.626,29,51.471,70.933,50.202,0
2011-12-22,19.828,7.42,17.694,53.548,41.578,1
2011-12-23,30.617,23.649,20.385,60.089,49.376,1
2011-12-27,1.25,12.374,22.598,21.356,13.319,0
2011-12-28,10.451,21.973,12.013,32.372,23.025,-1
2011-12-29,-5.762,18.158,22.176,29.803,11.755,1
2011-12-30,30.681,11.537,35.759,33.39,34.342,-1
2012-01-03,27.987,33.079,26.756,53.885,45.167,2
2012-01-04,27.175,30.737,29.473,55.074,46.717,0
2012-01-05,65.17,31.877,13.791,86.754,71.228,0
2012-01-06,55.861,4.059,9.592,95.259,76.157,-1
2012-01-09,37.723,39.076,40.452,64.413,50.934,0
2012-01-10,41.218,22.128,21.746,70.198,57.672,1
2012-01-11,13.177,10.112,32.347,36.189,25.716,0
2012-01-12,8.94,8.8,19.088,15.121,14.002,0
2012-01-13,24.675,15.548,23.838,51.334,40.403,-1
2012-01-17,45.074,3.533,33.243,73.208,63.2,1
2012-01-18,55.312,10.911,15.748,61.073,59.27,1
2012-01-19,24.349,47.434,31.835,33.547,28.201,1
2012-01-20,26.264,13.934,37.879,45.231,35.426,1
2012-01-23,40.443,17.623,45.315,65.598,53.474,0
2012-01-24,36.399,30.506,19.308,46.868,45.614,0
2012-01-25,27.129,17.472,10.591,37.369,34.903,1
2012-01-26,24.501,20.394,23.714,70.699,48.447,0
2012-01-27,42.713,41.418,17.962,65.278,51.417,-1
2012-01-30,40.854,28.452,22.762,49.251,45.614,0
2012-01-31,35.177,-0.949,3.871,26.692,29.516,0
2012-02-01,22.556,20.62,4.694,31.838,28.881,1
2012-02-02,29.313,23.799,20.231,41.942,33.663,0
2012-02-03,42.743,28.452,17.253,73.689,63.397,2
2012-02-06,30.718,20.995,10.909,64.483,48.146,0
2012-02-07,30.262,29.327,21.758,48.495,43.452,0
2012-02-08,26.793,41.708,35.401,39.509,36.999,0
2012-02-09,42.348,30.895,20.977,70.891,60.601,0
2012-02-10,42.056,13.188,31.742,56.861,53.092,-1
2012-02-13,52.811,27.672,21.831,73.773,68.408,1
2012-02-14,15.282,18.929,24.656,25.438,19.618,0
2012-02-15,39.753,0.242,27.641,52.191,49.617,-1
2012-02-16,12.427,3.696,8.244,31.047,19.527,1
2012-02-17,36.46,6.468,-7.03,47.884,40.856,1
2012-02-21,55.335,19.609,16.292,39.009,47.016,0
2012-02-22,40.125,8.713,27.196,64.58,53.417,0
2012-02-23,13.936,1.919,10.237,23.785,19.338,1
2012-02-24,25.395,-5.077,38.079,34.784,30.36,0
2012-02-27,22.032,0.355,21.915,53.478,38.62,0
2012-02-28,25.906,16.996,37.532,29.382,29.559,0
2012-02-29,16.121,16.869,36.691,42.11,30.874,-1
2012-03-01,25.376,25.721,25.295,48.716,37.144,0
2012-03-02,24.123,35.477,27.057,50.308,38.756,0
2012-03-05,22.996,16.911,14.817,58.474,40.885,0
2012-03-06,51.829,-11.865,32.809,65.705,63.255,-2
2012-03-07,40.161,2.331,4.181,57.673,48.781,1
2012-03-08,36.119,-16.603,3.765,40.002,34.613,1
2012-03-09,7.422,23.707,15.82,22.521,18.377,0
2012-03-12,13.188,9.642,14.982,26.469,19.943,1
2012-03-13,2.722,15.076,20.726,49.109,27.344,2
2012-03-14,-3.642,1.953,34.823,3.371,6.038,0
2012-03-15,20.151,11.832,19.491,30.155,29.885,1
2012-03-16,20.935,38.563,20.319,69.035,49.681,0
2012-03-19,47.027,-6.075,16.073,64.276,57.473,0
2012-03-20,22.002,44.984,29.148,29.69,33.184,-1
2012-03-21,18.104,31.662,16.393,54.047,40.881,-1
2012-03-22,46.143,18.755,19.197,47.211,50.335,-1
2012-03-23,19.802,-20.524,40.333,17.081,13.486,0
2012-03-26,19.59,1.907,17.742,44.047,29.468,2
2012-03-27,31.682,20.488,37.136,51.609,49.707,-1
2012-03-28,20.357,23.442,17.591,43.905,36.028,-1
2012-03-29,26.58,26.574,2.682,40.618,35.92,0
2012-03-30,15.09,4.02,14.967,25.356,24.955,1
2012-04-02,21.269,35.611,30.024,51.57,42.845,1
2012-04-03,27.163,35.238,26.514,42.184,43.163,-1
2012-04-04,35.512,26.554,36.265,50.356,47.23,-1
2012-04-05,29.39,25.939,19.249,53.689,42.66,0
2012-04-09,39.411,12.646,27.314,36.602,39.434,-1
2012-04-10,21.708,30.671,21.687,43.222,34.203,-2
2012-04-11,24.04,22.454,16.162,31.981,31.45,1
2012-04-12,2.818,35.93,8.249,49.015,32.983,2
2012-04-13,15.015,17.435,25.411,39.811,33.309,-1
2012-04-16,24.15,0.745,33.394,36.956,32.603,1
2012-04-17,67.121,45.092,27.767,66.729,70.568,2
2012-04-18,34.274,17.549,30.268,48.993,48.633,-1
2012-04-19,14.986,12.78,21.057,30.753,23.092,-1
2012-04-20,40.003,10.125,18.912,45.596,48.071,1
2012-04-23,19.066,28.398,21.207,28.428,21.75,-1
2012-04-24,40.163,34.469,13.429,48.649,42.003,1
2012-04-25,54.2,-11.193,26.859,77.745,73.11,1
2012-04-26,16.468,10.027,23.878,31.29,26.192,1
2012-04-27,53.432,0.892,21.193,56.006,47.31,0
2012-04-30,40.242,28.577,29.579,49.997,46.224,0
2012-05-01,13.433,-4.569,12.517,24.171,19.111,1
2012-05-02,13.943,11.581,33.359,41.026,27.504,0
2012-05-03,30.625,36.602,27.293,41.92,38.075,-1
2012-05-04,68.369,24.883,0.309,72.233,69.424,-2
2012-05-07,30.525,30.778,17.885,45.991,38.9,0
2012-05-08,27.654,30.335,18.908,27.035,32.24,-1
2012-05-09,26.138,28.157,39.338,49.993,39.316,-1
2012-05-10,39.342,15.64,30.19,52.299,48.562,0
2012-05-11,13.936,-1.159,29.382,46.094,30.382,0
2012-05-14,57,34.795,35.107,92.506,84.492,-1
2012-05-15,33.439,18.264,8.686,61.102,52.455,-1
2012-05-16,18.611,9.323,15.121,14.442,17.191,0
2012-05-17,27.373,14.299,20.759,35.16,30.186,-2
2012-05-18,26.769,18.452,23.055,44.938,37.214,-1
2012-05-21,11.689,6.421,20.853,8.046,12.142,1
2012-05-22,5.666,15.974,17.937,19.882,14.72,0
2012-05-23,67.569,23.163,18.529,60.854,68.59,0
2012-05-24,50.393,8.503,18.535,65.234,62.927,1
2012-05-25,22.089,16.601,34.82,40.238,32.54,-1
2012-05-29,56.354,5.829,26.425,52.227,51.786,1
2012-05-30,24.8,22.707,16.666,59.852,43.269,-2
2012-05-31,16.585,22.731,31.594,39.613,30.611,0
2012-06-01,42.584,15.503,11.013,39.963,44.67,-2
2012-06-04,49.245,24.457,14.188,65.909,64.703,0
2012-06-05,37.246,15.223,16.328,52.633,49.087,0
2012-06-06,18.39,4.308,28.764,43.787,31.994,2
2012-06-07,41.69,28.172,24.997,58.621,53.459,1
2012-06-08,24.412,23.941,15.475,21.765,20.107,1
2012-06-11,27.597,31.423,24.783,21.495,25.074,-2
2012-06-12,43.613,6.887,29.174,54.752,49.86,2
2012-06-13,21.134,17.987,9.313,52.92,36.955,-1
2012-06-14,45.077,18.595,29.466,55.159,50.318,2
2012-06-15,32.074,15.438,5.189,50.779,42.782,1
2012-06-18,43.665,15.038,2.104,80.491,68.732,0
2012-06-19,48.132,6.516,36.407,59.354,52.628,1
2012-06-20,12.217,16.239,25.237,3.483,10.625,0
2012-06-21,31.596,12.742,47.37,46.787,43.089,-2
2012-06-22,53.833,30.165,14.905,67.967,63.521,1
2012-06-25,31.9,23.524,22.873,39.686,41.235,-1
2012-06-26,33.773,11.662,15.31,40.805,45.896,0
2012-06-27,23.168,2.282,13.093,50.301,35.336,1
2012-06-28,41.53,15.666,31.526,76.429,65.994,0
2012-06-29,57.167,23.765,14.421,53.853,62.26,2
2012-07-02,5.672,37.869,16.989,25.256,24.315,0
2012-07-03,34.371,30.413,31.049,39.713,41.206,1
2012-07-05,19.216,34.479,22.378,30.752,23.742,-1
2012-07-06,56.948,40.508,50.808,39.854,52.386,-1
2012-07-09,48.434,38.462,25.943,57.772,53.047,-1
2012-07-10,33.423,30.675,31.313,61.205,53.263,-1
2012-07-11,29.729,18.75,27.9,39.719,38.518,-1
2012-07-12,31.899,12.509,26.681,37.989,34.489,0
2012-07-13,25.981,34.848,-8.486,50.033,38.611,2
2012-07-16,-2.718,9.556,21.786,18.021,9.74,-1
2012-07-17,29.203,14.673,19.467,45.712,42.041,1
2012-07-18,8.704,16.733,45.649,23.926,16.712,1
2012-07-19,41.355,21.161,11.47,64.826,52.352,0
2012-07-20,33.574,23.134,34.514,39.805,38.646,-1
2012-07-23,28.312,8.973,17.364,36.489,40.255,-1
2012-07-24,4.207,30.475,36.476,20.672,17.574,-1
2012-07-25,59.751,12.683,24.805,58.071,59.37,1
2012-07-26,44.696,21.054,30.464,25.186,40.282,2
2012-07-27,3.993,24.333,11.626,18.115,12.085,2
2012-07-30,42.256,16.9,33.491,63.427,58.377,0
2012-07-31,45.489,18.663,35.639,72.103,62.366,-1
2012-08-01,35.693,36.768,0.473,47.517,51.997,0
2012-08-02,26.324,29.112,22.515,47.831,39.06,-1
2012-08-03,5.689,13.774,13.866,61.196,34.06,2
2012-08-06,5.55,3.294,14.117,18.139,13.869,0
2012-08-07,21.304,16.145,44.554,35.167,29.037,1
2012-08-08,25.183,22.629,10.682,45.753,37.053,0
2012-08-09,-6.056,16.313,27.542,7.98,4.283,0
2012-08-10,43.785,-21.36,27.658,49.602,42.301,1
2012-08-13,35.276,0.159,27.14,51.638,43.694,-1
2012-08-14,21.183,14.486,15.578,38.352,32.471,0
2012-08-15,13.753,14.713,20.393,20.91,16.546,0
2012-08-16,-8.082,31.596,39.402,5.807,0.279,1
2012-08-17,-3.176,-9.729,12.55,0.187,0.459,0
2012-08-20,37.612,18.438,35.57,53.496,47.587,0
2012-08-21,25.392,13.52,24.396,34.832,30.743,-1
2012-08-22,30.031,22.654,18.355,54.212,44.975,0
2012-08-23,52.005,37.353,14.304,66.107,60.952,-1
2012-08-24,15.585,25.273,31.55,42.837,32.943,1
2012-08-27,1.433,16.819,13.634,30.443,17.107,0
2012-08-28,-3.615,18.555,30.731,2.896,3.624,0
2012-08-29,29.956,-4.006,8.699,60.908,46.234,0
2012-08-30,52.432,21.679,13.607,65.324,61.607,-1
2012-08-31,3.182,-6.867,12.659,10.042,8.075,1
2012-09-04,41.774,11.385,11.071,58.078,48.7,-1
2012-09-05,12.554,22.72,38.13,30.506,23.996,0
2012-09-06,-3.915,32.085,20.613,17.423,15.214,2
2012-09-07,7.493,5.479,31.457,23.801,19.959,0
2012-09-10,61.396,25.984,42.538,63.963,74.448,-1
2012-09-11,18.65,24.959,30.967,53.684,46.607,1
2012-09-12,1.164,46.55,6.701,54.302,36.939,0
2012-09-13,30.994,31.233,23.481,44.001,39.835,2
2012-09-14,21.815,17.698,19.896,16.363,14.379,1
2012-09-17,-4.757,20.765,12.975,-0.381,-5.375,-1
2012-09-18,15.359,11.515,9.911,28.565,25.03,0
2012-09-19,9.98,12.271,26.602,32.422,30.193,0
2012-09-20,35.409,28.543,19.065,43.218,40.075,0
2012-09-21,60.315,32.848,13.261,48.729,55.439,0
2012-09-24,53.834,10.197,45.084,56.338,53.276,0
2012-09-25,13.418,30.018,31.906,20.148,15.002,-1
2012-09-26,36.067,17.257,30.009,53.056,49.692,-1
2012-09-27,37.146,29.18,30.511,59.731,52.741,1
2012-09-28,54.402,22.199,33.954,38.943,51.082,-1
2012-10-01,-9.268,20.855,20.93,13.649,-3.136,1
2012-10-02,24.841,36.153,25.197,29.151,24.781,0
2012-10-03,49.836,13.496,35.018,74.636,65.632,0
2012-10-04,23.718,-1.421,-0.537,18.036,21.282,1
2012-10-05,21.144,13.626,8.049,43.163,31.898,1
2012-10-08,42.68,19.578,33.633,48.263,47.32,0
2012-10-09,35.524,18.516,5.526,42.552,41.282,-1
2012-10-10,44.009,24.066,29.594,59.527,53.419,-1
2012-10-11,13.438,3.514,22.333,30.977,24.295,0
2012-10-12,23.065,-0.209,13.311,37.318,31.446,0
2012-10-15,16.337,16.166,29.265,27.99,21.792,1
2012-10-16,46.737,18.697,37.535,61.405,54.787,1
2012-10-17,61.207,10.737,10.801,71.82,69.186,0
2012-10-18,38.38,-4.878,19.183,54.218,48.841,0
2012-10-19,32.165,19.342,33.054,55.225,47.841,-2
2012-10-22,62.918,27.063,26.298,48.367,57.74,0
2012-10-23,43.369,14.95,24.173,65.703,55.127,-2
2012-10-24,-2.726,12.16,5.081,19.605,13.188,0
2012-10-25,26.66,9.373,36.041,39.837,33.723,0
2012-10-26,33.704,25.338,29.464,45.435,39.757,0
2012-10-31,42.569,27.671,14.811,59.032,50.73,0
2012-11-01,16.3,16.51,28.767,19.943,18.723,1
2012-11-02,30.474,23.45,20.557,50.389,38.769,-1
2012-11-05,36.778,5.208,24.813,66.883,56.175,0
2012-11-06,22.134,5.405,35.441,14.106,22.818,1
2012-11-07,40.009,34.834,24.73,68.714,60.88,-2
2012-11-08,34.368,13.83,6.28,77.408,55.928,-1
2012-11-09,43.723,8.021,16.818,52.094,52.089,0
2012-11-12,32.581,11.566,15.203,61.08,48.857,0
2012-11-13,6.179,14.682,15.463,29.819,17.36,-1
2012-11-14,44.49,9.058,11.999,45.943,45.754,-2
2012-11-15,34.197,20.79,14.652,51.606,48.831,0
2012-11-16,18.465,28.603,-17.416,42.376,29.959,1
2012-11-19,20,7.707,10.918,22.504,22.746,2
2012-11-20,16.356,13.74,17.74,16.863,15.575,0
2012-11-21,35.338,27.007,3.529,49.306,48.087,1
2012-11-23,33.888,-3.479,36.832,35.261,38.91,2
2012-11-26,30.29,2.628,28.689,33.797,35.971,-1
2012-11-27,59.99,28.401,28.5,88.794,77.887,-1
2012-11-28,44.311,27.577,28.265,44.677,44.793,1
2012-11-29,49.695,9.978,18.321,47.647,49.844,1
2012-11-30,55.333,32.207,20.236,59.584,53.439,0
2012-12-03,23.441,17.571,18.7,42.589,33.68,-1
2012-12-04,37.9,15.028,8.511,59.978,48.487,0
2012-12-05,41.53,-3.896,18.123,43.103,43.63,1
2012-12-06,33.627,36.936,29.195,27.553,32.359,1
2012-12-07,2.282,13.615,30.113,6.056,5.476,1
2012-12-10,42.574,25.885,38,46.427,40.848,0
2012-12-11,20.939,6.039,23.239,41.964,30.841,1
2012-12-12,2.624,15.171,25.584,17.339,12.656,0
2012-12-13,26.643,18.086,18.021,27.912,29.188,-1
2012-12-14,44.849,-9.468,26.975,50.927,47.7,-1
2012-12-17,39.03,29.536,22.097,80.74,63.26,1
2012-12-18,-0.014,30.705,8.311,6.407,4.349,1
2012-12-19,13.058,15.85,12.26,30.581,22.352,-1
2012-12-20,33.613,11.769,28.788,39.548,39.175,1
2012-12-21,2.286,16.207,9.521,44.33,22.934,-1
2012-12-24,30.57,6.653,25.914,38.767,28.893,-1
2012-12-26,43.406,22.813,-9.484,66.185,54.087,0
2012-12-27,30.196,23.734,31.586,47.296,37.292,0
2012-12-28,24.024,13.701,27.752,32.449,31.656,-2
2012-12-31,39.047,36.443,19.338,48.186,45.259,2
2013-01-02,14.997,-14.457,18.265,14.705,17.752,2
2013-01-03,-9.8,26.719,33.361,2.569,1.952,0
2013-01-04,29.648,-1.438,14.402,29.405,29.764,1
2013-01-07,13.801,9.498,8.257,32.637,28.455,-1
2013-01-08,25.138,27.009,15.211,22.389,26.099,-1
2013-01-09,13.174,-10.647,20.426,27.866,20.267,1
2013-01-10,18.282,-11.495,11.159,24.513,26.507,1
2013-01-11,7.213,19.481,19.866,16.267,14.004,0
2013-01-14,26.895,18.252,23.646,55.493,49.322,0
2013-01-15,17.766,11.808,24.432,32.414,28.883,0
2013-01-16,41.601,11.141,27.882,52.015,47.762,0
2013-01-17,22.168,17.405,17.124,25.135,17.834,1
2013-01-18,7.254,7,5.281,6.336,3.639,1
2013-01-22,12.55,38.347,14.651,16.348,19.04,1
2013-01-23,49.152,30.77,16.064,40.768,48.574,1
2013-01-24,33.429,6.275,18.514,41.208,40.678,1
2013-01-25,25.001,1.026,32.674,31.598,32.648,1
2013-01-28,32.965,9.556,-10.615,37.765,35.928,0
2013-01-29,17.752,13.551,3.531,41.313,32.766,1
2013-01-30,27.431,18.993,20.566,51.741,39.58,-1
2013-01-31,8.556,30.161,32.505,29.445,23.821,-1
2013-02-01,32.823,4.046,22.841,36.061,34.296,2
2013-02-04,0.835,9.107,33.921,25.986,17.685,-1
2013-02-05,30.197,5.177,17.884,38.012,33.449,1
2013-02-06,25.601,2.75,28.616,22.278,25.546,0
2013-02-07,28.851,15.499,18.352,23.822,28.907,-1
2013-02-08,15.566,4.346,46.829,23.578,18.69,1
2013-02-11,27.605,25.674,23.411,34.548,29.212,0
2013-02-12,41.933,42.609,34.16,72.414,59.554,1
2013-02-13,41.02,-1.354,14.104,63.254,56.408,-1
2013-02-14,16.218,30.072,26.532,30.816,25.167,0
2013-02-15,19.527,2.41,37.391,22.481,23.651,0
2013-02-19,48.248,17.973,7.943,59.746,52.425,1
2013-02-20,45.656,13.331,3.695,48.133,48.287,-1
2013-02-21,21.971,24.029,12.012,42.456,34.236,-1
2013-02-22,19.929,30.583,18.26,35.349,28.243,1
2013-02-25,26.53,12.849,22.682,37.168,33.34,-2
2013-02-26,39.475,35.814,19.181,57.313,54.422,1
2013-02-27,36.565,19.086,35.939,47.067,48.72,2
2013-02-28,-6.013,8.334,36.293,30.084,15.348,0
2013-03-01,17.831,34.713,29.836,20.219,16.629,0
2013-03-04,58.14,5.225,11.169,75.489,71.455,1
2013-03-05,14.849,8.981,4.79,30.009,25.659,1
2013-03-06,33.633,-4.117,30.378,31.182,33.165,1
2013-03-07,43.492,3.564,19.348,49.149,47.191,0
2013-03-08,51.199,7.237,32.676,53.623,53.362,1
2013-03-11,48,13.354,22.948,76.154,65.889,1
2013-03-12,30.737,15.916,22.69,17.411,30.276,0
2013-03-13,8.136,30.338,29.625,40.3,32.084,0
2013-03-14,3.157,16.855,32.792,7.533,4.275,1
2013-03-15,53.365,27.747,21.327,81.731,74.286,0
2013-03-18,18.249,26.138,33.728,39.66,27.133,-1
2013-03-19,7.382,15.562,21.285,9.677,5.476,0
2013-03-20,29.752,-3.31,15.197,46.076,38.736,1
2013-03-21,26.18,23.918,11.263,42.995,35.652,-1
2013-03-22,48.361,23.349,11.958,63.483,58.931,1
2013-03-25,10.265,4.929,18.614,18.92,16.65,-1
2013-03-26,37.105,18.934,34.945,43.994,41.152,1
2013-03-27,21.405,28.262,37.075,32.325,33.068,0
2013-03-28,25.853,2.544,27.05,32.296,32.606,1
2013-04-01,3.782,26.92,34.653,42.575,28.491,0
2013-04-02,18.192,23.107,34.37,44.612,34.786,1
2013-04-03,14.65,30.234,34.013,28.466,25.194,-1
2013-04-04,41.795,29.812,18.544,48.876,55.717,1
2013-04-05,8.351,2.226,35.646,24.426,19.543,-1
2013-04-08,27.482,16.532,19.481,43.452,38.831,1
2013-04-09,21.646,15.028,34.662,19.442,25.769,1
2013-04-10,-2.804,26.864,30.856,22.727,13.111,1
2013-04-11,22.735,5.845,16.702,16.019,19.054,1
2013-04-12,37.067,15.226,24.302,40.081,40.72,0
2013-04-15,28.088,11.882,33.716,62.652,46.616,-2
2013-04-16,20.329,47.795,33.509,36.106,33.136,2
2013-04-17,5.675,10.956,4.409,36.499,20.406,-1
2013-04-18,-0.852,26.279,16.872,10.268,5.759,-1
2013-04-19,43.527,35.55,30.87,50.282,51.118,0
2013-04-22,24.837,5.179,5.537,44.078,35.456,0
2013-04-23,10.969,-19.591,-3.194,17.79,13.287,2
2013-04-24,15.499,19.682,24.029,17.398,18.28,-1
2013-04-25,58.012,11.959,38.607,43.328,47.696,0
2013-04-26,44.095,3.711,15.664,65.843,61.176,0
2013-04-29,50.405,1.993,8.601,56.737,51.87,1
2013-04-30,12.184,14.004,18.445,21.457,13.368,0
2013-05-01,17.106,11.525,11.783,21.134,19.988,-1
2013-05-02,12.921,16.089,25.459,26.963,18.978,1
2013-05-03,28.698,22.113,25.815,41.231,32.489,2
2013-05-06,25.11,6.486,18.444,49.183,41.17,0
2013-05-07,34.475,3.763,17.538,51.181,44.006,1
2013-05-08,19.178,1.458,23.958,52.374,39.394,1
2013-05-09,28.325,21.421,30.426,38.437,40.894,0
2013-05-10,38.885,-8.931,28.703,46.429,40.753,1
2013-05-13,22.149,17.38,29.302,45.058,36.191,0
2013-05-14,26.1,25.546,30.484,20.797,21.673,1
2013-05-15,24.226,38.969,6.68,50.957,43.876,1
2013-05-16,30.467,4.452,35.209,29.78,27.04,-1
2013-05-17,28.143,17.111,39.088,33.223,31.764,1
2013-05-20,39.132,27.757,27.587,50.608,50.209,0
2013-05-21,16.964,-1.716,29.17,33.813,27.655,1
2013-05-22,6.895,17.5,32.878,27.848,15.726,-1
2013-05-23,22.15,0.392,12.542,40.052,35.593,0
2013-05-24,36.971,-13.45,18.451,58.096,47.35,0
2013-05-28,14.845,17.97,9.089,48.745,30.878,1
2013-05-29,-1.544,38.066,19.988,43.135,19.434,-1
2013-05-30,34.325,16.444,9.506,28.972,31.942,0
2013-05-31,-11.206,11.362,22.201,15.02,1.375,-2
2013-06-03,14.388,-5.48,24.753,28.765,25.548,1
2013-06-04,38.421,11.788,24.769,43.935,36.39,-1
2013-06-05,33.929,-7.943,14.196,47.161,31.703,-2
2013-06-06,35.337,8.546,-1.597,50.45,42.821,1
2013-06-07,21.232,6.631,29.01,35.164,28.692,2
2013-06-10,21.609,29.223,14.941,35.128,25.967,0
2013-06-11,43.734,5.898,18.422,48.64,48.359,-1
2013-06-12,52.078,38.139,18.429,81.421,73.268,-1
2013-06-13,16.194,16.456,28.679,31.004,23.08,2
2013-06-14,39.694,25.833,30.488,54.482,48.107,-1
2013-06-17,-2.835,-5.68,14.966,23.519,10.932,1
2013-06-18,34.419,5.828,20.984,66.233,48.892,1
2013-06-19,41.502,19.501,16.638,64.529,51.428,-2
2013-06-20,39.078,21.835,31.392,79.714,62.676,-2
2013-06-21,23.56,40.032,14.203,40.701,33.442,1
2013-06-24,56.334,32.481,22.196,65.243,63.102,-1
2013-06-25,24.415,15.853,12.243,25.163,25.095,1
2013-06-26,56.89,36.82,36.883,70.869,72.949,1
2013-06-27,60.651,-5.257,41.785,93.109,81.744,1
2013-06-28,31.74,16.689,28.935,57.78,50.447,-1
2013-07-01,50.611,8.479,10.345,37.744,46.955,1
2013-07-02,49.96,33.584,25.091,52.305,51.595,-1
2013-07-03,25.783,14.457,27.861,52.231,41.895,1
2013-07-05,45.036,58.62,17.201,67.871,63.977,1
2013-07-08,18.295,21.397,23.979,20.643,21.19,1
2013-07-09,42.661,16.007,23.409,66.144,61.321,1
2013-07-10,45.424,8.566,33.019,50.389,47.84,0
2013-07-11,11.25,22.832,15.135,25.484,19.464,2
2013-07-12,7.179,5.748,22.281,33.505,22.831,0
2013-07-15,45.334,38.1,44.344,49.91,56.064,0
2013-07-16,19.715,40.05,22.559,25.167,27.353,0
2013-07-17,40.961,15.937,23.437,31.788,40.716,0
2013-07-18,7.502,8.211,26.961,13.346,11.387,1
2013-07-19,25.681,12.804,30.783,36.649,28.647,0
2013-07-22,24.78,-0.852,23.32,33.63,30.088,0
2013-07-23,6.513,11.631,28.321,38.009,23.468,0
2013-07-24,24.958,41.74,18.629,41.978,36.177,0
2013-07-25,12.906,19.468,39.278,13.761,14.492,0
2013-07-26,23.763,34.494,27.171,38.502,35.875,0
2013-07-29,16.945,27.185,36.818,21.405,20.397,0
2013-07-30,36.787,41.225,31.291,43.782,37.768,0
2013-07-31,28.743,24.402,20.497,43.558,43.357,0
2013-08-01,61.395,0.15,4.227,82.828,70.412,1
2013-08-02,62.727,37.515,17.443,77.121,72.588,0
2013-08-05,39.775,24.374,39.203,66.901,58.99,-1
2013-08-06,23.807,18.038,19.111,32.977,34.044,-1
2013-08-07,46.683,11.548,29.376,81.413,65.356,-1
2013-08-08,40.352,14.63,14.671,53.767,48.331,0
2013-08-09,38.19,16.975,28.44,60.856,58.02,-1
2013-08-12,45.047,26.464,26.52,82.002,66.684,0
2013-08-13,21.195,8.94,39.37,39.342,32.499,0
2013-08-14,14.187,28.591,23.927,36.024,34.713,-1
2013-08-15,37.092,16.072,13.373,44.375,41.389,-2
2013-08-16,21.24,31.357,26.473,38.356,33.093,0
2013-08-19,35.617,47.215,23.712,48.489,44.708,-1
2013-08-20,9.28,54.971,23.205,39.84,29.048,0
2013-08-21,43.808,27.732,38.072,73.116,56.8,-1
2013-08-22,34.073,17.718,19.244,30.237,34.564,1
2013-08-23,10.585,21.939,32.413,23.666,16.853,0
2013-08-26,51.784,21.49,33,55.85,50.987,-1
2013-08-27,29.552,29.499,58.107,44.442,39.192,-2
2013-08-28,-2.581,9.278,28.634,15.281,9.168,1
2013-08-29,12.094,9.833,32.547,51.774,37.308,0
2013-08-30,26.39,22.426,44.745,59.134,46.075,0
2013-09-03,22.603,27.007,51.147,55.983,45.886,0
2013-09-04,33.968,13.252,25.652,64.565,57.26,1
2013-09-05,30.68,-5.428,20.694,49.002,43.596,0
2013-09-06,30.105,31.48,34.92,49.076,40.635,0
2013-09-09,35.933,23.714,38.702,70.692,57.855,1
2013-09-10,29.404,1.499,12.847,64.124,52.883,1
2013-09-11,9.815,19.908,11.658,27.503,20.847,1
2013-09-12,57.461,16.944,36.529,83.473,71.99,0
2013-09-13,27.284,7.495,10.689,54.59,41.91,1
2013-09-16,30.935,17.766,28.533,54.291,46.341,1
2013-09-17,45.646,19.626,28.619,61.862,58.383,0
2013-09-18,35.586,14.952,34.598,45.719,44.909,2
2013-09-19,74.797,21.936,14.264,88.14,88.879,-1
2013-09-20,26.368,22.617,31.272,81.699,59.454,-2
2013-09-23,10.827,29.005,30.032,23.81,18.278,-1
2013-09-24,19.579,21.077,0.48,25.958,24.954,-1
2013-09-25,20.064,17.525,24.257,37.954,35.47,-1
2013-09-26,49.529,30.544,23.768,83.024,74.721,1
2013-09-27,27.144,6.914,40.342,43.586,38.184,-1
2013-09-30,36.248,-10.396,36.542,47.279,38.593,-1
2013-10-01,25.176,21.375,18.047,33.007,30.635,1
2013-10-02,23.413,-4.518,16.751,47.555,38.347,-1
2013-10-03,37.845,32.478,7.977,36.101,38.537,-1
2013-10-04,16.539,10.191,20.256,27.58,24.973,1
2013-10-07,28.767,13.115,13.969,50.078,43.738,-1
2013-10-08,46.321,37.346,39.386,40.057,44.21,-2
2013-10-09,31.112,0.044,13.936,65.45,55.601,0
2013-10-10,40.701,0.212,23.92,58.521,50.403,2
2013-10-11,44.734,26.45,17.002,53.817,54.69,1
2013-10-14,30.646,29.292,24.847,51.496,35.911,1
2013-10-15,49.406,3.453,22.827,52.555,55.676,-1
2013-10-16,16.852,22.148,23.244,36.467,34.687,2
2013-10-17,29.572,18.773,32.124,45.109,43.688,0
2013-10-18,16.074,14.196,11.069,35.352,28.237,0
2013-10-21,75.775,29.599,39.656,104.957,95.084,0
2013-10-22,16.542,6.918,27.942,21.65,22.521,1
2013-10-23,18.094,33.062,14.471,30.149,24.144,-1
2013-10-24,17.684,28.311,33.777,40.818,38.08,1
2013-10-25,29.585,41.171,35.045,47.043,38.667,1
2013-10-28,28.169,19.874,34.131,46.767,34.904,0
2013-10-29,30.24,20.694,9.259,37.501,36.563,1
2013-10-30,23.463,2.168,32.909,28.834,30.937,-1
2013-10-31,29.226,5.752,33.954,47.899,45.707,-1
2013-11-01,48.851,26.976,50.023,51.338,57.865,1
2013-11-04,26.048,18.155,27.838,43.893,40.276,0
2013-11-05,23.391,14.125,15.167,33.769,32.959,0
2013-11-06,20.592,7.328,22.858,27.947,27.502,1
2013-11-07,23.442,20.611,38.883,21.792,23.734,-2
2013-11-08,27.595,6.026,21.874,47.135,38.602,2
2013-11-11,34.906,4.106,37.459,28.342,36.159,0
2013-11-12,17.021,26.808,35.359,35.093,30.322,0
2013-11-13,35.72,21.337,34.584,60.944,45.219,1
2013-11-14,1.689,17.915,33.625,19.518,15.75,1
2013-11-15,5.043,26.776,8.521,12.892,12.345,1
2013-11-18,42.024,30.14,24.571,51.908,50.454,0
2013-11-19,31.894,11.832,46.324,46.901,46.297,0
2013-11-20,36.228,19.257,10.459,57.585,47.231,-1
2013-11-21,34.167,25.763,19.194,74.882,62.606,1
2013-11-22,12.73,30.453,8.321,39.732,24.756,1
2013-11-25,54.22,5.225,17.515,76.472,66.478,0
2013-11-26,38.154,26.534,10.633,51.3,51.351,0
2013-11-27,33.98,34.009,34.33,65.427,52.433,0
2013-11-29,11.102,23.232,33.803,27.525,14.519,0
2013-12-02,49.804,32.968,27.969,74.003,66.076,-1
2013-12-03,59.903,4.271,32.207,97.508,83.964,-1
2013-12-04,41.911,30.559,2.768,52.862,50.617,0
2013-12-05,29.493,6.269,31.696,39.933,38.98,-1
2013-12-06,34.344,29.849,28.664,39.816,39.947,2
2013-12-09,32.52,12.879,17.646,53.951,48.98,0
2013-12-10,30.08,20.376,36.919,39.635,41.506,-1
2013-12-11,60.294,24.788,15.587,86.116,70.52,-1
2013-12-12,13.569,33.547,29.629,24.222,24.345,-1
2013-12-13,55.978,36.716,43.828,61.361,59.714,0
2013-12-16,28.74,34.964,36.404,59.764,49.146,1
2013-12-17,10.098,22.152,32.345,27.798,18.503,0
2013-12-18,70.892,15.097,52.575,60.692,70.887,2
2013-12-19,31.184,38.191,21.373,41.928,41.453,0
2013-12-20,42.097,25.667,15.363,73.845,58.855,1
2013-12-23,31.071,7.263,21.512,35.26,35.88,1
2013-12-24,23.678,17.977,14.994,59.362,43.218,1
2013-12-26,63.313,4.284,37.512,73.886,76.685,1
2013-12-27,4.523,18.909,8.816,15.564,8.839,0
2013-12-30,25.231,20.384,9.052,57.367,45.241,0
2013-12-31,20.072,14.92,26.32,15.759,18.16,1
2014-01-02,0.143,30.106,19.666,26.437,16.104,-1
2014-01-03,39.301,0.065,26.236,57.573,53.417,0
2014-01-06,25.751,-2.155,52.052,30.067,31.269,-1
2014-01-07,37.832,14.671,12.278,61.929,51.864,1
2014-01-08,2.434,1.355,25.738,30.852,22.233,-1
2014-01-09,41.673,30.46,22.74,73.034,62.761,0
2014-01-10,34.728,-3.304,-0.028,48.942,43.132,0
2014-01-13,27.578,4.605,15.673,42.89,41.696,-2
2014-01-14,33.723,30.331,15.335,76.094,50.932,1
2014-01-15,29.944,14.291,34.03,50.819,45.167,1
2014-01-16,23.213,15.218,30.478,44.569,38.297,-1
2014-01-17,32.578,14.756,27.238,46.938,46.82,1
2014-01-21,50.168,22.299,16.816,55.565,57.557,-1
2014-01-22,45.148,18.574,17.104,63.015,55.336,-1
2014-01-23,29.811,3.96,38.138,35.473,35.707,-2
2014-01-24,4.764,-2.702,12.161,5.705,6.109,-2
2014-01-27,24.188,28.135,37.218,58.097,46.917,-1
2014-01-28,36.638,23.942,11.307,45.523,38.037,1
2014-01-29,52.246,40.861,42.478,74.494,68.345,-2
2014-01-30,36.693,40.55,27.711,67.63,58.205,1
2014-01-31,7.518,24.797,41.74,25.502,17.508,-2
2014-02-03,49.948,32.681,0.934,54.628,53.585,-2
2014-02-04,12.55,9.424,23.325,33.157,23.394,1
2014-02-05,36.453,40.515,30.047,45.604,44.629,0
2014-02-06,38.11,13.939,15.919,68.978,57.392,2
2014-02-07,38.703,19.504,16.971,82.513,58.778,2
2014-02-10,47.568,29.408,10.448,56.762,59.661,0
2014-02-11,31.582,22.414,31.601,55.612,47.981,2
2014-02-12,41.964,12.667,22.09,48.824,44.004,0
2014-02-13,60.555,28.479,20.433,62.854,65.834,1
2014-02-14,26.761,12.053,23.119,35.02,33.237,1
2014-02-18,50.046,39.415,28.616,54.183,56.026,0
2014-02-19,39.898,9.758,17.628,44.285,41.245,-1
2014-02-20,28.74,13.725,21.084,20.859,25.869,1
2014-02-21,30.429,6.148,31.893,45.533,43.611,0
2014-02-24,21.889,34.175,18.783,24.261,28.186,1
2014-02-25,52.466,26.781,7.295,63.965,58.781,0
2014-02-26,8.209,8.956,21.631,35.231,22.768,0
2014-02-27,32.291,15.334,37.435,42.269,40.797,1
2014-02-28,25.088,8.819,39.78,33.963,31.973,1
2014-03-03,-18.219,20.829,25.677,15.292,5.192,-2
2014-03-04,2.989,6.619,27.94,34.727,24.807,2
2014-03-05,37.639,23.231,22.977,70.001,57.504,-1
2014-03-06,28.477,8.178,18.985,45.106,41.615,1
2014-03-07,-2.113,8.977,12.421,35.391,18.887,0
2014-03-10,32.553,16.163,18.954,43.675,38.915,0
2014-03-11,6.068,19.528,4.865,13.734,13.53,-1
2014-03-12,24.276,19.917,18.335,23.591,22.69,0
2014-03-13,13.484,-3.061,28.134,18.215,18.005,-2
2014-03-14,13.707,14.164,33.946,23.693,19.944,-1
2014-03-17,16.163,2.597,18.664,33.543,24.242,2
2014-03-18,3.117,14.916,22.132,21.787,15.216,1
2014-03-19,15.41,0.129,16.386,32.435,28.457,-1
2014-03-20,13.607,22.288,14.255,51.017,35.031,1
2014-03-21,47.775,19.57,38.567,87.119,76.471,0
2014-03-24,32.791,39.406,15.543,44.972,41.979,0
2014-03-25,18.36,13.96,14.656,24.907,20.817,1
2014-03-26,17.616,39.945,20.625,30.924,27.443,-1
2014-03-27,22.517,21.253,35.239,31.278,35.508,0
2014-03-28,22.198,19.182,30.299,40.911,37.807,1
2014-03-31,20.467,17.969,14.354,33.137,25.889,1
2014-04-01,15.971,17.209,21.403,12.631,19.014,1
2014-04-02,1.218,30.041,16.215,24.654,20.301,1
2014-04-03,38.542,5.334,46.04,60.782,51.585,0
2014-04-04,13.946,33.514,21.009,44.006,29.252,-2
2014-04-07,20.599,9.676,40.982,47.847,36.21,-2
2014-04-08,12.574,32.552,9.143,34.97,27.709,0
2014-04-09,30.115,15.747,22.744,41.174,36.04,2
2014-04-10,30.521,5.931,46.664,37.508,33.63,-2
2014-04-11,24.07,17.093,18.787,30.786,24.858,-2
2014-04-14,-0.7,30.47,21.173,32.563,24.036,2
2014-04-15,-0.345,7.19,9.759,32.724,23.347,1
2014-04-16,10.203,31.088,25.654,4.079,7.268,2
2014-04-17,33.916,31.72,27.53,36.006,40.948,0
2014-04-21,20.112,7.378,19.897,22.759,18.077,1
2014-04-22,35.097,13.415,35.299,53.656,47.989,1
2014-04-23,26.207,-6.903,27.539,33.639,31.366,0
2014-04-24,12.568,18.353,41.116,1.804,7.296,0
2014-04-25,22.451,26.341,23.11,52.828,40.461,-2
2014-04-28,36.12,13.617,33.369,73.16,60.262,1
2014-04-29,17.566,13.831,18.575,21.785,21.601,1
2014-04-30,-18.655,22.999,28.216,4.541,-0.267,1
2014-05-01,15.576,0.866,23.636,35.933,28.777,0
2014-05-02,19.259,32.969,32.342,34.119,29.106,-1
2014-05-05,-16.569,7.851,17.636,-14.571,-10.87,0
2014-05-06,10.648,12.355,9.977,21.441,22.423,-1
2014-05-07,9.797,29.285,38.104,10.548,9.715,1
2014-05-08,9.513,25.996,35.176,40.657,26.61,0
2014-05-09,10.677,17.803,30.197,37.515,27.771,0
2014-05-12,25.652,8.835,14.602,35.2,35.157,1
2014-05-13,8.488,1.135,0.819,14.865,19.384,0
2014-05-14,32.683,21.708,4.217,40.021,37.939,-1
2014-05-15,11.606,15.54,24.894,20.37,15.993,-2
2014-05-16,30.916,26.606,31.663,32.331,34.635,1
2014-05-19,38.264,18.878,13.57,47.414,42.852,0
2014-05-20,21.178,4.248,29.55,41.85,34.514,-1
2014-05-21,60.972,43.365,31.204,77.071,73.462,2
2014-05-22,13.286,10.015,18.754,30.186,25.583,0
2014-05-23,15.666,18.838,23.912,36.143,23.394,1
2014-05-27,32.315,51.918,30.818,64.614,55.767,1
2014-05-28,-6.623,25.226,23.456,-10.718,-7.007,-1
2014-05-29,36.928,9.069,6.553,35.124,39.229,1
2014-05-30,22.12,37.641,36.238,19.753,26.357,0
2014-06-02,28.855,-5.499,20.891,58.389,45.69,0
2014-06-03,41.851,17.972,4.408,40.713,39.969,0
2014-06-04,44.279,17.015,32.439,74.164,64.029,0
2014-06-05,35.665,30.096,44.443,41.489,38.632,1
2014-06-06,51.169,6.239,9.206,57.521,56.53,1
2014-06-09,12.391,12.661,13.753,35.534,22.19,0
2014-06-10,39.94,14.5,17.906,66.635,52.732,0
2014-06-11,26.703,6.614,28.968,51.469,44.468,-1
2014-06-12,20.232,7.735,10.925,28.978,24.733,-1
2014-06-13,-4.199,27.143,21.798,7.417,1.338,1
2014-06-16,-1.679,28.245,35.279,1.429,-0.876,0
2014-06-17,27.642,40.806,33.749,34.237,33.112,0
2014-06-18,29.007,1.454,2.783,28.069,28.438,1
2014-06-19,38.384,24.119,48.188,48.703,45.609,0
2014-06-20,12.501,24.707,23.37,39.15,27.297,0
2014-06-23,40.014,-3.659,33.607,64.437,54.689,0
2014-06-24,20.607,9.14,24.235,24.679,28.553,-1
2014-06-25,16.288,23.198,30.614,23.743,18.625,1
2014-06-26,35.39,28.416,11.57,63.248,54.424,0
2014-06-27,23.228,17.524,43.917,31.216,27.175,0
2014-06-30,19.062,29.465,33.575,30.887,26.038,0
2014-07-01,27.746,22.781,27.651,27.622,34.146,1
2014-07-02,31.985,41.961,9.394,63.371,52.22,0
2014-07-03,6.743,-8.852,21.113,12.384,9.076,1
2014-07-07,25.264,2.352,27.522,40.493,37.558,-1
2014-07-08,32.622,-0.842,39.757,34.118,34.618,-1
2014-07-09,18.385,36.338,18.497,35.634,34.235,1
2014-07-10,16.162,10.378,19.077,14.908,17.713,-1
2014-07-11,23.63,18.473,33.043,29.339,28.035,0
2014-07-14,12.895,10.362,22.01,22.105,21.275,1
2014-07-15,29.806,22.065,27.658,39.809,39.27,0
2014-07-16,34.601,38.642,18.014,48.193,45.22,1
2014-07-17,13.195,2.899,21.704,30.689,26.65,-2
2014-07-18,14.91,4.308,21.405,26.375,21.969,1
2014-07-21,18.122,-9.426,21.146,29.709,22.829,-1
2014-07-22,33.731,1.324,9.082,6.54,22.372,1
2014-07-23,-1.204,17.904,24.032,8.908,2.142,0
2014-07-24,6.053,-4.296,29.302,12.361,5.496,0
2014-07-25,23.748,13.913,32.842,28.246,27.672,-1
2014-07-28,7.352,1.955,9.242,12.938,9.673,0
2014-07-29,20.082,27.602,2.378,26.141,26.087,-1
2014-07-30,11.835,15.047,30.934,26.726,19.624,-1
2014-07-31,12.494,12.956,13.598,14.02,17.601,-2
2014-08-01,24.732,1.38,21.172,18.851,22.07,-1
2014-08-04,15.388,8.954,27.928,24.321,21.094,1
2014-08-05,6.45,15.694,20.571,18.327,18.154,-1
2014-08-06,23.012,11.291,4.767,33.78,36.607,0
2014-08-07,7.186,4.058,15.581,38.964,22.018,-1
2014-08-08,24.482,2.528,24.787,43.505,38.445,2
2014-08-11,23.622,20.138,21.959,12.634,20.69,0
2014-08-12,27.227,43.117,50.023,20.556,24.27,0
2014-08-13,25.713,19.976,25.994,38.795,33.633,1
2014-08-14,55.971,40.17,25.757,61.404,63.032,1
2014-08-15,24.176,28.338,21.682,41.26,33.216,-1
2014-08-18,21.171,-4.063,21.598,35.588,28.46,2
2014-08-19,29.116,17.712,31.703,45.434,39.996,1
2014-08-20,29.662,11.757,23.894,31.348,32.111,1
2014-08-21,15.84,13.118,9.628,22.877,22.009,1
2014-08-22,-15.166,12.111,15.378,7.066,-3.601,-1
2014-08-25,13.459,-6.901,16.034,16.355,16.178,1
2014-08-26,28.284,19.701,29.772,15.429,24.172,0
2014-08-27,19.638,7.751,19.573,24.15,20.342,0
2014-08-28,36.795,46.967,19.901,49.256,47.875,-1
2014-08-29,18.559,3.639,26.262,4.147,11.193,0
2014-09-02,17.108,32.794,24.919,40.628,34.955,0
2014-09-03,33.137,22.612,27.756,52.936,43.103,0
2014-09-04,28.293,13.822,30.761,23.084,26.637,0
2014-09-05,2.402,10.01,8.852,12.472,11.185,1
2014-09-08,17.875,18.348,5.447,18.572,18.733,0
2014-09-09,22.039,15.22,13.746,29.875,27.935,-1
2014-09-10,21.31,-1.098,13.512,30.09,28.392,1
2014-09-11,22.166,9.858,17.845,32.913,24.962,0
2014-09-12,31.687,12.743,19.401,57.854,46.166,-1
2014-09-15,13.022,33.79,26.531,47.677,29.306,1
2014-09-16,19.205,38.896,31.738,36.499,35.863,1
2014-09-17,27.57,26.399,21.929,37.947,33.9,0
2014-09-18,-5.333,16.79,28.856,9.096,2.756,1
2014-09-19,6.139,23.519,24.777,10.142,9.858,0
2014-09-22,-3.474,10.622,24.65,33.563,14.484,-1
2014-09-23,47.593,22.897,34.823,54.422,44.501,-1
2014-09-24,9.33,6.345,16.986,14.3,14.579,2
2014-09-25,33.407,29.565,15.329,53.991,46.663,-2
2014-09-26,51.946,39.216,33.814,61.512,61.615,2
2014-09-29,13.005,14.425,27.275,30.867,22.004,-1
2014-09-30,15.882,8.103,18.139,60.497,39.253,0
2014-10-01,36.029,14.441,4.832,64.755,51.241,-2
2014-10-02,19.528,9.144,34.267,35.259,28.708,0
2014-10-03,44.84,22.643,59.036,41.731,42.976,2
2014-10-06,21.737,9.309,41.459,32.737,29.021,0
2014-10-07,7.528,-3.97,14.415,38.939,27.153,-2
2014-10-08,-4.478,5.716,52.241,3.944,1.512,2
2014-10-09,33.712,8.698,17.248,61.863,50.12,-2
2014-10-10,39.51,5.241,26.488,63.047,58.036,-1
2014-10-13,27.557,-4.733,22.564,34.207,32.874,-2
2014-10-14,33.717,-6.312,16.148,39.822,38.428,0
2014-10-15,17.099,9.676,23.656,4.575,11.778,-2
2014-10-16,30.42,15.815,19.625,41.534,36.612,0
2014-10-17,42.284,23.172,19.805,59.703,51.363,2
2014-10-20,16.411,12.24,31.829,30.924,30.175,0
2014-10-21,31.401,0.494,7.103,42.957,36.942,2
2014-10-22,21.661,24.341,21.844,55.041,41.071,-2
2014-10-23,40.423,22.534,38.199,47.186,49.031,2
2014-10-24,34.84,17.822,22.435,50.404,49.59,1
2014-10-27,16.802,11.336,4.409,31.025,25.119,0
2014-10-28,-6.082,25.953,24.8,10.827,3.046,2
2014-10-29,30.759,24.336,7.144,47.687,39.661,0
2014-10-30,36.512,32.955,40.795,46.157,48.455,2
2014-10-31,2.45,12.103,31.581,3.52,13.179,2
2014-11-03,20.679,48.587,24.293,46.06,36.281,0
2014-11-04,24.133,2.188,24.188,36.313,30.776,0
2014-11-05,7.303,15.047,26.959,18.388,13.467,1
2014-11-06,16.548,13.392,23.56,41.509,31.598,1
2014-11-07,24.57,14.602,6.36,64.22,49.76,0
2014-11-10,39.51,5.561,-2.984,72.173,54.978,1
2014-11-11,48.773,5.352,18.271,58.476,55.195,0
2014-11-12,34.305,18.689,11.396,60.591,49.83,0
2014-11-13,21.743,7.945,15.751,22.829,26.341,0
2014-11-14,9.586,15.02,28.554,26.868,18.833,0
2014-11-17,19.849,20.651,9.629,34.181,27.348,0
2014-11-18,28.001,2.492,19.029,58.054,45.654,1
2014-11-19,48.664,20.658,19.96,46.954,48.18,0
2014-11-20,31.067,18.217,16.103,36.113,36.803,1
2014-11-21,2.816,4.453,32.728,6.643,7.206,1
2014-11-24,1.032,22.824,14.223,23.663,18.006,0
2014-11-25,34.792,3.916,14.54,47.014,45.186,0
2014-11-26,14.738,7.557,21.583,33.854,27.221,0
2014-11-28,17.99,23.816,-0.086,55.867,39.446,0
2014-12-01,29.412,-2.496,24.365,24.382,21.189,-1
2014-12-02,43.614,8.345,1.984,55.009,51.636,1
2014-12-03,17.654,23.939,38.744,46.415,35.238,0
2014-12-04,46.554,26.184,49.992,65.739,61.957,0
2014-12-05,41.992,13.117,21.679,68.444,54.85,1
2014-12-08,22.153,-1.239,20.359,31.508,22.985,-1
2014-12-09,16.594,-8.678,45.625,36.576,26.265,-1
2014-12-10,32.381,-4.201,24.489,48.281,38.346,-2
2014-12-11,49.653,16.2,21.175,41.001,43.992,1
2014-12-12,23.271,26.98,25.959,28.827,28.12,-2
2014-12-15,64.844,53.908,20.268,77.842,71.907,-1
2014-12-16,24.662,36.323,31.266,52.47,43.243,-1
2014-12-17,32.996,22.746,19.246,28.831,32.856,2
2014-12-18,-2.309,13.219,38.805,17.66,9.965,2
2014-12-19,-4.556,11.618,31.465,7.453,0.72,0
2014-12-22,31.667,14.392,29.158,36.07,36.977,2
2014-12-23,28.177,10.558,28.619,36.834,39.025,1
2014-12-24,0.013,10.665,30.5,19.604,12.451,0
2014-12-26,39.242,-5.081,23.719,39.116,38.419,0
2014-12-29,22.064,36.313,36.211,50.444,36.561,0
2014-12-30,21.094,11.901,29.604,44.033,32.481,-1
2014-12-31,29.412,11.648,27.683,45.57,38.324,-2
2015-01-02,35.287,8.124,25.805,50.295,43.13,0
2015-01-05,23.531,12.393,23.138,31.71,30.011,-2
2015-01-06,23.558,20.876,17.313,42.839,37.587,-1
2015-01-07,33.278,8.611,15.717,39.321,39.491,2
2015-01-08,12.188,14.735,30.734,30.597,21.219,2
2015-01-09,2.866,0.303,3.521,3.855,2.965,-2
2015-01-12,-9.571,24.173,5.634,0.541,-2.727,-1
2015-01-13,14.327,4.818,25.592,27.939,20.155,0
2015-01-14,31.704,11.106,-1.831,28.211,26.918,-2
2015-01-15,13.229,5.024,11.424,-1.153,4.803,-1
2015-01-16,27.627,13.884,7.26,51.534,45.376,2
2015-01-20,31.453,32.057,1.064,39.842,33.881,0
2015-01-21,15.331,28.6,29.927,48.231,33.363,1
2015-01-22,4.548,2.229,10.975,12.137,2.855,2
2015-01-23,34.171,16.451,20.767,42.229,41.53,-1
2015-01-26,1.103,9.443,21.225,17.385,10.027,0
2015-01-27,31.79,14.914,29.236,39.369,37.062,-2
2015-01-28,11.93,13.061,31.984,8.285,10.476,-2
2015-01-29,33.437,9.406,4.246,45.101,40.354,2
2015-01-30,8.057,5.757,-8.222,23.95,19.745,-2
2015-02-02,38.782,28.85,9.744,47.88,41.254,2
2015-02-03,25.523,33.173,42.633,36.664,30.24,2
2015-02-04,11.661,27.351,36.731,39.521,31.519,0
2015-02-05,-16.582,16.241,21.669,-6.055,-7.676,2
2015-02-06,20.837,13.483,32.993,26.511,28.134,-1
2015-02-09,32.314,44.656,16.231,48.245,41.26,-1
2015-02-10,-1.035,13.466,2.024,13.232,8.068,1
2015-02-11,15.669,13.588,18.172,31.408,28.292,0
2015-02-12,13.776,4.436,3.041,32.199,26.085,1
2015-02-13,28.954,6.976,9.877,28.56,30.879,1
2015-02-17,13.455,23.023,24.347,25.822,22.301,0
2015-02-18,7.929,8.978,41.641,11.161,12.259,0
2015-02-19,15.978,7.419,25.481,16.759,18.918,-1
2015-02-20,17.78,7.971,24.168,27.737,25.155,2
2015-02-23,21.337,3.651,23.84,38.011,32.102,0
2015-02-24,35.903,28.862,24.198,49.42,47.907,1
2015-02-25,14.831,16.503,13.731,23.717,22.984,0
2015-02-26,5.348,12.864,12.975,30.904,21.11,0
2015-02-27,-0.76,10.279,10.057,13.689,12.805,-1
2015-03-02,12.832,32.892,32.56,15.745,16.121,2
2015-03-03,4.255,12.301,33.852,29.998,17.805,-1
2015-03-04,45.149,25.484,22.499,44.642,44.452,-1
2015-03-05,31.346,23.682,13.277,43.683,39.263,1
2015-03-06,18.484,26.47,36.605,47.839,41.989,-2
2015-03-09,18.869,9.277,19.827,52.069,35.998,1
2015-03-10,15.803,-5.499,27.722,32.427,24.423,-2
2015-03-11,70.087,16.803,0.859,100.008,85.987,0
2015-03-12,35.17,9.113,-0.451,61.037,50.378,2
2015-03-13,60.905,20.85,20.546,80.252,74.31,-1
2015-03-16,24.07,22.401,8.538,55.653,44.142,2
2015-03-17,17.674,17.907,45.656,46.424,40.671,-1
2015-03-18,29.795,5.847,27.589,55.214,45.955,2
2015-03-19,45.822,22.274,28.188,59.624,55.943,-1
2015-03-20,44.762,53.307,19.986,68.11,60.144,2
2015-03-23,35.157,22.529,21.729,62.772,54.092,0
2015-03-24,26.318,26.906,16.829,24.187,23.93,-1
2015-03-25,36.018,27.919,14.825,55.594,50.709,-2
2015-03-26,39.178,3.193,36.791,61.849,54.936,-1
2015-03-27,27.64,25.873,31.936,42.087,38.322,1
2015-03-30,54.19,10.404,42.981,48.339,55.374,2
2015-03-31,9.221,8.418,44.163,23.183,19.474,-2
2015-04-01,33.691,37.199,19.159,50.421,45.568,-1
2015-04-02,36.278,23.326,17.931,61.459,52.294,1
2015-04-06,36.308,15.257,7.473,36.65,37.489,1
2015-04-07,0.297,20.674,19.343,4.826,2.018,0
2015-04-08,18.045,0.306,20.546,37.285,28.638,0
2015-04-09,20.879,-3.617,34.578,29.039,23.1,1
2015-04-10,42.538,9.903,26.641,48.841,48.8,1
2015-04-13,8.139,6.447,39.283,25.117,19.071,-1
2015-04-14,20.427,33.679,19.97,52.256,38.531,1
2015-04-15,23.849,37.777,36.607,45.031,34.809,1
2015-04-16,30.745,26.311,14.101,25.496,31.773,0
2015-04-17,33.936,24.578,14.738,43.704,44.269,-2
2015-04-20,27.925,3.961,15.115,48.374,37.571,2
2015-04-21,22.232,28.971,21.414,49.179,40.586,-1
2015-04-22,16.002,26.568,33.445,51.775,36.165,1
2015-04-23,36.948,28.118,21.049,86.192,64.442,0
2015-04-24,34.165,5.444,7.676,48.206,39.806,0
2015-04-27,17.27,-6.093,14.084,39.166,32.272,-1
2015-04-28,8.629,13.392,16.778,28.935,19.352,1
2015-04-29,13.292,-2.62,13.132,45.071,35.953,-1
2015-04-30,29.062,24.374,17.152,36.515,38.956,-2
2015-05-01,33.504,11.089,8.211,54.789,45.603,2
2015-05-04,27.359,19.458,19.186,40.294,36.244,1
2015-05-05,24.347,5.862,36.314,55.344,40.548,-1
2015-05-06,21.947,28.568,17.33,47.843,40.271,-1
2015-05-07,37.011,16.735,30.965,51.756,45.754,1
2015-05-08,21.186,28.032,18.766,28.222,29.853,2
2015-05-11,17.045,8.813,27.925,48.82,38.548,-1
2015-05-12,26.808,44.012,30.985,62.017,46.7,0
2015-05-13,11.443,21.751,21.729,38.935,32.257,0
2015-05-14,33.008,26.17,22.201,74.205,61.14,2
2015-05-15,19.127,13.034,33.495,53.198,38.977,0
2015-05-18,6.212,10.096,43.12,36.918,27.725,0
2015-05-19,21.34,12.579,20.657,38.987,32.385,0
2015-05-20,39.723,16.081,30.207,52.775,46.355,0
2015-05-21,59.805,6.405,20.939,90.914,81.648,0
2015-05-22,37.902,27.946,10.676,37.719,39.546,-1
2015-05-26,38.527,31.632,21.071,46.635,44.751,-2
2015-05-27,36.044,18.604,13.634,34.968,35.112,1
2015-05-28,36.257,23.601,5.731,19.492,31.115,0
2015-05-29,12.485,28.579,28.594,28.748,27.032,-1
2015-06-01,46.541,14.064,25.003,57.313,55.632,0
2015-06-02,8.873,24.102,29.986,23.868,25.052,0
2015-06-03,15.706,33.825,26.953,22.404,27.993,1
2015-06-04,29.143,29.472,13.798,41.472,42.227,-2
2015-06-05,17.078,19.178,29.955,27.133,25.167,-1
2015-06-08,-1.061,7.018,12.17,22.616,14.324,-1
2015-06-09,51.29,23.646,13.128,62.407,57.057,0
2015-06-10,7.904,22.639,29.511,53.518,34.71,2
2015-06-11,64.359,23.888,21.455,73.104,71.826,1
2015-06-12,37.632,34.357,8.02,63.181,55.306,-1
2015-06-15,45.472,15.643,19.682,37.943,44.235,-1
2015-06-16,12.698,21.562,35.445,16.733,19.557,1
2015-06-17,68.422,3.152,23.366,65.374,76.194,0
2015-06-18,38.201,4.308,37.555,57.102,48.671,2
2015-06-19,25.62,23.244,19.581,46.221,36.042,-1
2015-06-22,27.309,25.213,38.863,34.966,39.567,1
2015-06-23,43.616,13.986,20.775,64.653,60.122,0
2015-06-24,31.649,0.496,-0.54,56.115,48.806,-2
2015-06-25,32.861,28.559,14.37,48.911,45.164,-1
2015-06-26,20.007,9.621,5.843,60.633,42.229,1
2015-06-29,21.861,14.068,15.121,21.377,28.304,-2
2015-06-30,6.878,24.417,23.438,10.589,11.845,0
2015-07-01,13.912,20.707,22.562,27.53,24.34,1
2015-07-02,30.405,21.104,24.706,30.158,32.31,0
2015-07-06,37.247,38.424,23.06,61.902,50.298,-1
2015-07-07,-2.609,16.081,33.239,55.414,28.503,1
2015-07-08,47.217,27.095,29.95,58.31,59.097,-2
2015-07-09,34.972,20.314,31.932,58.509,50.884,0
2015-07-10,21.439,20.574,12.525,49.251,36.827,2
2015-07-13,7.141,13.538,30.4,14.54,11.08,2
2015-07-14,23.153,8.958,21.262,63.459,39.743,1
2015-07-15,20.242,26.937,25.333,56.609,44.995,0
2015-07-16,51.226,34.356,37.5,52.771,51.16,1
2015-07-17,60.876,43.682,43.925,76.232,68.042,0
2015-07-20,9.429,30.755,26.817,34.159,20.215,0
2015-07-21,23.933,14.455,21.76,12.166,17.4,-2
2015-07-22,12.725,26.249,33.283,35.294,20.957,-1
2015-07-23,29.074,8.143,39.641,28.613,31.71,-1
2015-07-24,30.972,15.454,14.721,55.789,45.624,-2
2015-07-27,33.138,-0.975,31.504,53.829,46.025,-1
2015-07-28,25.039,9.158,28.442,42.826,31.407,2
2015-07-29,53.053,-13.319,4.215,61.285,59.774,1
2015-07-30,48.709,10.619,21.953,72.619,60.421,0
2015-07-31,47.231,17.821,-3.024,75.558,58.195,-1
2015-08-03,12.779,29.305,11.415,34.283,27.944,-1
2015-08-04,13.257,6.972,0.94,32.551,23.21,-1
2015-08-05,46.187,19.886,15.489,76.126,64.698,0
2015-08-06,35.754,27.643,13.184,36.204,39.242,-1
2015-08-07,33.283,12.722,40.92,60.339,46.241,-1
2015-08-10,56.107,18.367,38.216,44.252,46.296,2
2015-08-11,36.079,8.815,16.078,57.82,55.712,-2
2015-08-12,16.739,-0.515,20.763,46.129,33.741,0
2015-08-13,19.008,18.439,27.707,34.301,30.873,0
2015-08-14,25.506,22.636,42.072,60.089,48.533,1
2015-08-17,40.556,32.275,14.916,47.631,48.369,1
2015-08-18,19.245,29.724,20.048,24.391,24.316,0
2015-08-19,32.057,18.638,16.16,42.507,41.917,-2
2015-08-20,24.648,12.953,27.106,48.767,42.606,-2
2015-08-21,21.538,28.372,34.256,37.503,32.006,-2
2015-08-24,-4.882,20.308,35.985,13.47,11.231,-2
2015-08-25,-2.213,2.292,31.054,23.864,14.016,-2
2015-08-26,24.13,34.824,19.356,46.049,39.063,2
2015-08-27,32.549,27.377,25.187,62.337,46.986,2
2015-08-28,9.857,4.577,27.437,23.591,17.544,0
2015-08-31,18.958,29.836,47.926,56.459,41.786,-1
2015-09-01,34.206,7.164,18.673,30.355,29.864,-2
2015-09-02,21.723,24.454,18.521,41.876,36.402,2
2015-09-03,16.684,11.226,33.902,39.598,30.932,0
2015-09-04,17.632,-10.198,18.937,34.487,30.015,-2
2015-09-08,27.542,19.629,39.499,45.842,40.661,2
2015-09-09,-2.898,-0.64,42.588,10.817,6.232,-2
2015-09-10,24.192,-0.107,18.837,41.321,32.645,1
2015-09-11,32.138,6.376,5.715,35.037,36.562,1
2015-09-14,44.648,0.67,12.528,51.132,48.543,-1
2015-09-15,28.726,9.472,-2.69,40.898,34.253,2
2015-09-16,3.542,17.729,26.262,19.049,15.743,1
2015-09-17,56.998,17.583,16.957,73.94,72.24,-1
2015-09-18,18.583,32.538,10.306,59.53,47.325,-2
2015-09-21,18.068,15.131,6.774,20.344,20.205,1
2015-09-22,-7.911,17.298,17.635,31.021,13.317,-2
2015-09-23,7.553,32.484,45.907,25.005,21.39,-1
2015-09-24,44.171,14.056,17.721,45.508,46.381,-1
2015-09-25,38.269,8.598,1.522,31.564,36.362,1
2015-09-28,29.308,26.832,6.638,21.732,24.841,-2
2015-09-29,16.867,-3.416,14.805,48.942,39.595,1
2015-09-30,37.658,5.449,27.3,66.019,52.988,2
2015-10-01,32.911,27.026,33.553,45.939,42.311,0
2015-10-02,3.049,18.744,16.639,19.474,15.603,2
2015-10-05,0.657,8.923,23.605,-6.053,-1.913,2
2015-10-06,31.036,20.919,19.767,39.436,39.18,0
2015-10-07,24.922,14.394,19.877,24.564,28.193,1
2015-10-08,32.39,7.063,26.67,47.476,44.345,2
2015-10-09,-8.143,6.065,25.316,15.537,3.527,0
2015-10-12,13.735,0.768,15.818,34.491,25.523,1
2015-10-13,36.252,15.897,19.284,51.727,44.904,0
2015-10-14,16.404,4.935,21.072,25.685,22.904,-2
2015-10-15,27.213,32.664,26.758,52.257,36.972,2
2015-10-16,8.559,23.25,41.641,27.715,24.258,1
2015-10-19,26.392,9.727,38.987,19.514,26.859,0
2015-10-20,35.618,5.115,25.479,48.773,45.025,0
2015-10-21,34.49,19.237,30.344,39.562,41.319,-1
2015-10-22,37.007,-2.762,35.344,79.573,60.387,2
2015-10-23,18.207,41.781,31.442,46.809,45.524,1
2015-10-26,30.027,7.535,14.029,49.878,39.274,0
2015-10-27,23.694,26.402,15.898,45.351,34.846,0
2015-10-28,8.123,20.968,25.491,37.565,28.188,2
2015-10-29,37.483,8.256,10.655,21.72,31.653,0
2015-10-30,50.431,52.418,28.894,56.632,61.443,-1
2015-11-02,15.205,-3.457,34.171,39.296,31.06,2
2015-11-03,24.72,16.248,29.299,52.689,39.896,1
2015-11-04,42.748,27.328,25.729,79.049,63.514,-1
2015-11-05,57.075,43.651,22.836,62.594,63.475,0
2015-11-06,11.688,34.988,23.195,48.015,28.052,1
2015-11-09,48.555,36.177,18.349,49.214,48.869,-2
2015-11-10,11.196,9.88,10.964,21.284,19.747,0
2015-11-11,42.196,7.576,18.844,53.355,52.562,-1
2015-11-12,37.307,8.526,27.766,48.445,38.281,-2
2015-11-13,49.618,30.345,18.595,73.35,61.813,-2
2015-11-16,-1.324,0.263,4.067,-6.52,-5.935,2
2015-11-17,15.066,-0.008,19.493,35.322,27.382,0
2015-11-18,2.767,17.225,21.14,13.553,7.969,2
2015-11-19,12.436,10.611,21.606,15.646,15.939,0
2015-11-20,15.105,15.269,9.412,7.229,13.396,1
2015-11-23,5.227,1.994,5.344,20.546,9.693,0
2015-11-24,6.709,10.636,14.767,22.893,17.11,1
2015-11-25,1.251,12.936,13.703,12.472,10.908,0
2015-11-27,21.703,20.785,42.346,30.786,28.398,0
2015-11-30,63.955,0.792,22.507,40.031,50.401,-1
2015-12-01,53.1,7.532,20.85,47.57,50.241,2
2015-12-02,28.981,22.887,23.328,49,43.282,-2
2015-12-03,27.784,19.543,15.107,41.899,34.461,-2
2015-12-04,-7.499,31.69,37.001,-2.844,-4.595,2
2015-12-07,4.291,13.107,25.856,5.554,6.175,-1
2015-12-08,29.755,28.561,19.153,56.923,46.951,-1
2015-12-09,30.788,6.332,35.541,56.223,48.089,-1
2015-12-10,25.303,29.462,23.506,50.219,39.466,1
2015-12-11,37.562,0.771,17.452,54.775,49.275,-2
2015-12-14,76.056,-13.396,24.776,87.174,80.394,1
2015-12-15,-12.909,0.573,29.994,-3.329,-5.192,2
2015-12-16,34.911,1.59,4.398,47.559,39.793,2
2015-12-17,43.476,5.901,32.679,60.624,53.854,-2
2015-12-18,31.389,9.645,14.902,49.345,41.205,-2
2015-12-21,24.983,-10.169,4.35,25.669,23.948,1
2015-12-22,28.024,29.521,9.943,33.824,31.375,2
2015-12-23,17.753,3.064,12.194,12.857,15.677,2
2015-12-24,17.132,4.06,36.435,17.247,19.956,-1
2015-12-28,29.606,20.281,10.515,34.762,35.485,0
2015-12-29,33.352,0.808,23.115,47.296,43.327,2
2015-12-30,20.556,3.27,20.42,45,36.013,-1
2015-12-31,29.33,-3.647,17.815,28.284,29.344,-2
2016-01-04,0.986,-2.672,24.786,-6.968,-4.568,-2
2016-01-05,10.041,15.005,13.426,24.703,17.788,0
2016-01-06,28.976,9.082,29.183,43.828,40.785,-2
2016-01-07,30.002,0.92,17.043,36.019,34.106,-2
2016-01-08,-5.224,4.277,23.304,17.882,9.368,-2
2016-01-11,16.745,17.196,28.376,16.454,18.098,1
2016-01-12,42.622,17.369,11.436,45.643,46.737,1
2016-01-13,15.866,12.468,21.439,37.06,28.274,-2
2016-01-14,32.928,-10.88,17.025,31.668,35.332,2
2016-01-15,13.266,8.444,27.527,14.222,13.303,-2
2016-01-19,31.609,1.728,21.069,33.373,34.004,0
2016-01-20,22.563,9.911,10.824,19.263,21.244,-2
2016-01-21,7.869,-14.854,24.089,17.958,19.675,1
2016-01-22,24.65,12.208,5.399,40.681,34.522,2
2016-01-25,10.429,2.411,24.619,6.874,8.002,-2
2016-01-26,28.936,21.79,34.496,46.965,42.035,2
2016-01-27,8.352,13.15,37.124,5.773,7.162,-2
2016-01-28,11.397,26.045,14.291,8.029,7.855,1
2016-01-29,24.362,24.446,24.984,29.289,32.253,2
2016-02-01,17.063,-3.283,14.868,22.53,23.04,0
2016-02-02,38.316,9.895,21.761,62.735,53.554,-2
2016-02-03,29.064,34.452,20.819,38.395,39.868,2
2016-02-04,32.277,0.432,9.813,54.683,46.15,1
2016-02-05,35.267,21.111,18.162,40.706,43.994,-2
2016-02-08,14.414,17.594,14.743,14.839,15.2,-1
2016-02-09,28.272,5.853,3.591,42.027,39.059,0
2016-02-10,20.091,12.548,6.346,19.635,16.983,-1
2016-02-11,-1.408,10.565,37.695,19.475,8.415,-2
2016-02-12,27.015,37.747,33.002,27.655,27.615,2
2016-02-16,15.475,12.909,14.164,32.053,23.19,2
2016-02-17,34.848,23.352,12.225,56.614,50.024,2
2016-02-18,20.539,40.821,7.779,41.651,36.303,-1
2016-02-19,26.864,19.622,32.418,50.46,45.251,0
2016-02-22,15.326,27.494,13.508,31.838,23.6,2
2016-02-23,30.635,21.978,38.877,33.664,41.924,-2
2016-02-24,30.706,12.227,17.613,47.14,42.34,1
2016-02-25,14.921,13.372,6.648,9.017,14.58,2
2016-02-26,17.3,17.679,32.281,29.33,25.822,-1
2016-02-29,2.105,18.308,23.636,26.464,13.343,-1
2016-03-01,19.254,-0.438,10.455,26.224,25.192,2
2016-03-02,25.466,3.657,-4.454,33.285,30.527,1
2016-03-03,21.728,29.492,32.86,33.739,26.789,1
2016-03-04,10.628,-2.23,24.904,33.193,27.365,1
2016-03-07,55.689,-16.507,22.51,59.9,61.072,1
2016-03-08,4.975,10.269,19.713,28.796,22.756,-1
2016-03-09,37.663,20.498,-1.638,59.241,51.494,0
2016-03-10,48.794,11.819,5.793,43.272,49.884,0
2016-03-11,16.038,-1.07,33.816,31.69,23.575,2
2016-03-14,41.006,-3.178,33.729,38.702,39.97,0
2016-03-15,11.308,17.625,22.91,45.054,34.676,0
2016-03-16,15.282,16.093,14.59,19.444,19.654,1
2016-03-17,26.197,3.814,13.776,41.278,38.97,2
2016-03-18,15.121,23.729,13.331,40.698,29.861,1
2016-03-21,40.313,3.836,31.137,46.604,47.89,0
2016-03-22,27.382,10.552,14.671,31.345,31.576,0
2016-03-23,-9.993,4.983,29.039,-22.942,-17.744,-1
2016-03-24,24.522,21.611,17.266,42.264,36.99,0
2016-03-28,4.482,23.54,12.384,6.492,8.176,0
2016-03-29,41.905,24.417,17.335,43.735,44.888,1
2016-03-30,29.005,30.837,20.996,35.129,35.422,1
2016-03-31,28.827,20.375,17.28,76.469,54.213,0
2016-04-01,15.13,30.622,27.653,44.133,38.05,1
2016-04-04,22.064,18.344,8.538,27.46,25.979,-1
2016-04-05,34.767,13.877,36.068,35.223,44.773,-1
2016-04-06,49.868,19.778,41.521,60.289,62.373,1
2016-04-07,21.604,7.009,33.802,23.022,23.531,-2
2016-04-08,24.859,12.81,32.578,21.645,29.466,0
2016-04-11,11.576,20.959,15.605,29.079,17.189,0
2016-04-12,39.155,22.691,32.036,39.192,43.986,2
2016-04-13,42.405,22.63,24.515,50.907,52.647,2
2016-04-14,41.766,-1.934,21.868,45.573,41.366,0
2016-04-15,48.99,8.588,18.582,62.298,62.704,0
2016-04-18,44.327,0.237,-1.272,55.736,49.936,1
2016-04-19,17.791,2.716,22.154,43.306,39.167,1
2016-04-20,19.261,18.572,15.906,35.172,37.147,1
2016-04-21,17.944,4.125,4.063,43.907,34.091,-1
2016-04-22,39.494,17.859,37.124,68.839,59.23,0
2016-04-25,31.623,8.207,25.58,43.318,40.998,0
2016-04-26,37.523,24.391,44.713,67.059,52.324,0
2016-04-27,9.15,17.608,18.867,32.216,24.152,1
2016-04-28,17.018,24.707,33.693,45.338,32.813,-2
2016-04-29,45.893,14.31,24.129,46.619,52.121,-1
2016-05-02,33.142,14.389,-7.192,60.84,46.607,1
2016-05-03,12.896,2.257,27.88,28.003,21.424,-1
2016-05-04,17.547,28.21,9.021,37.584,29.153,-1
2016-05-05,-17.407,19.709,17.8,8.533,-1.71,0
2016-05-06,22.901,26.624,26.462,25.231,23.564,1
2016-05-09,56.367,16.235,36.49,56.364,60.463,-1
2016-05-10,46.045,8.587,13.509,64.554,57.492,2
2016-05-11,7.637,20.881,14.929,25.02,18.547,-2
2016-05-12,42.467,22.485,15.41,77.471,63.894,0
2016-05-13,33.739,20.257,13.851,44.004,43.61,-2
2016-05-16,35.6,40.466,12.635,61.606,51.378,2
2016-05-17,46.567,17.66,6.191,62.29,57.709,-2
2016-05-18,0.601,27.393,31.831,26.674,18.279,0
2016-05-19,28.704,19.077,19.107,56.305,48.495,-1
2016-05-20,19.346,33.644,13.212,32.403,26.617,1
2016-05-23,20.003,20.857,14.81,17.102,19.007,0
2016-05-24,43.894,11.494,41.924,39.142,41.06,2
2016-05-25,30.305,32.934,39.679,61.342,48.704,1
2016-05-26,18.951,-12.793,37.294,40.212,29.875,0
2016-05-27,37.382,17.474,22.735,50.963,41.848,1
2016-05-31,11.968,2.869,8.092,17.168,13.97,-1
2016-06-01,30.844,12.871,32.277,58.296,51.736,0
2016-06-02,6.437,23.508,30.633,43.423,29.061,1
2016-06-03,28.821,22.599,6.546,37.992,36.949,0
2016-06-06,17.979,37.002,26.429,59.468,36.985,1
2016-06-07,29.214,49.828,23.125,40.33,41.543,0
2016-06-08,59.219,14.239,23.793,65.72,64.565,1
2016-06-09,31.882,42.915,18.864,42.995,44.187,0
2016-06-10,38.615,16.14,23.39,66.482,53.839,-1
2016-06-13,5.496,33.241,29.788,-10.377,1.363,-1
2016-06-14,26.994,13.479,6.291,41.504,34.664,-1
2016-06-15,22.318,17.193,32.758,47.106,39.365,-1
2016-06-16,14.76,-7.386,32.373,38.03,27.642,1
2016-06-17,28.205,18.971,17.742,40.155,34.715,-1
2016-06-20,35.841,10.14,20.204,69.732,57.034,1
2016-06-21,8.344,25.78,19.474,34.14,22.99,0
2016-06-22,55.683,10.541,12.067,78.229,65.661,-1
2016-06-23,60.118,10.291,10.905,67.575,68.971,2
2016-06-24,51.466,11.77,9.04,36.577,46.636,-2
2016-06-27,44.11,18.508,14.46,82.627,60.731,-2
2016-06-28,35.349,6.75,5.774,64.574,46.203,2
2016-06-29,45.66,35.043,10.51,55.221,51.748,2
2016-06-30,32.786,10.869,12.147,34.259,31.153,2
2016-07-01,8.502,10.645,15.763,-3.19,6.577,0
