#Date,news pleasantness,news attention,news sensitivity,news aptitude,news polarity,Label
2008-08-08,-1.488,18.821,29.204,5.929,6.625,0
2008-08-11,2.147,11.929,24.026,7.633,4.531,1
2008-08-12,4.525,12.802,21.03,7.66,7.991,0
2008-08-13,8.572,15.59,15.51,22.395,19.892,0
2008-08-14,4.479,-1.087,14.887,14.92,9.1,1
2008-08-15,24.571,-1.982,9.92,47.66,34.411,1
2008-08-18,-4.812,14.814,9.948,21.081,11.371,0
2008-08-19,13.246,-2.74,3.167,9.389,11.126,0
2008-08-20,24.627,15.469,21.46,38.57,31.856,1
2008-08-21,6.44,6.211,16.933,18,12.913,1
2008-08-22,15.493,15.167,17.894,30.562,23.708,1
2008-08-25,3.291,10.743,7.104,11.944,10.436,0
2008-08-26,20.726,5.983,14.148,20.698,16.454,1
2008-08-27,6.767,5.628,18.471,24.69,19.35,1
2008-08-28,14.471,14.811,28.099,5.94,14.657,1
2008-08-29,-1.728,6.714,30.774,15.583,8.973,0
2008-09-02,5.106,4.298,4.979,15.681,13.788,0
2008-09-03,21.287,4.255,14.473,27.485,24.122,1
2008-09-04,18.051,10.523,22.762,28.636,21.168,0
2008-09-05,5.437,13.716,11.02,11.386,8.473,1
2008-09-08,7.12,15.556,26.208,-0.079,6.347,1
2008-09-09,-0.379,21.406,20.394,5.727,2.128,0
2008-09-10,14.959,10.491,12.638,17.075,17.289,1
2008-09-11,16.417,10.076,10.584,35.361,26.38,1
2008-09-12,2.092,20.219,26.09,32.628,21.866,0
2008-09-15,2.609,7.804,24.738,13.836,9.868,0
2008-09-16,2.683,3.748,39.317,-5.171,-1.85,1
2008-09-17,4.553,17.968,4.607,0.758,1.227,0
2008-09-18,-5.771,15.981,15.379,0.805,1.683,1
2008-09-19,17.325,7.203,19.86,25.471,23.306,1
2008-09-22,0.454,0.206,23.142,12.362,6.759,0
2008-09-23,8.094,9.071,19.197,21.017,19.129,0
2008-09-24,11.418,-26.646,24.134,21.81,18.372,0
2008-09-25,-10.789,11.328,17.355,-10.313,-7.594,1
2008-09-26,26.513,21.457,18.24,27.173,30.161,1
2008-09-29,3.034,8.601,3.273,19.302,11.248,0
2008-09-30,12.411,21.821,12.558,5.564,9.303,1
2008-10-01,6.638,14.711,26.505,6.765,7.019,0
2008-10-02,30.679,1.925,9.44,40.63,37.458,0
2008-10-03,5.417,17.605,18.138,31.912,24.494,0
2008-10-06,20.227,9.792,14.676,26.608,25.956,0
2008-10-07,20.839,13.843,22.728,17.049,22.762,0
2008-10-08,22.124,18.601,27.519,45.906,34.811,0
2008-10-09,14.398,-0.106,9.627,17.723,18.179,0
2008-10-10,31.391,11.52,24.825,38.945,38.085,0
2008-10-13,31.241,-8.028,17.824,31.96,31.461,1
2008-10-14,29.642,-1.515,29.619,32.939,28.837,0
2008-10-15,20.365,6.711,18.159,32.531,26.17,0
2008-10-16,9.04,16.049,16.949,22.816,16.132,1
2008-10-17,25.236,19.25,6.74,43.644,36.089,0
2008-10-20,24.624,7.936,1.765,40.766,34.764,1
2008-10-21,19.548,10.643,-0.425,38.795,31.074,0
2008-10-22,11.671,3.882,29.002,37.554,23.332,0
2008-10-23,-2.703,14.992,23.875,20.383,8.612,1
2008-10-24,0.538,9.741,24.957,1.182,3.751,0
2008-10-27,1.548,16.08,15.485,12.939,8.778,0
2008-10-28,3.635,12.488,11.413,5.693,4.319,1
2008-10-29,15.536,7.338,8.483,30.675,22.896,0
2008-10-30,-0.552,7.335,12.585,-2.627,-0.296,1
2008-10-31,1.657,24.692,16.64,7.155,4.399,1
2008-11-03,10.005,-4.24,22.643,16.079,13.997,0
2008-11-04,16.878,25.449,25.492,13.313,17.228,1
2008-11-05,31.449,11.549,20.977,45.083,36.425,0
2008-11-06,9.572,8.82,18.561,31.317,25.145,0
2008-11-07,8.187,4.289,16.281,24.922,18.411,1
2008-11-10,7.886,11.003,17.674,13.235,9.25,0
2008-11-11,20.244,19.008,12.919,17.911,15.438,0
2008-11-12,-12.948,11.1,29.896,0.542,-7.745,0
2008-11-13,7.518,22.834,23.917,23.056,15.373,1
2008-11-14,12.984,5.336,15.953,28.462,22.208,0
2008-11-17,16.411,13.705,15.501,21.46,19.825,0
2008-11-18,20.337,6.273,9.717,35.959,32.643,1
2008-11-19,35.768,6.883,17.296,34.451,33.938,0
2008-11-20,-2.24,13.143,20.447,8.515,5.645,0
2008-11-21,17.495,-0.751,29.306,12.179,14.422,1
2008-11-24,15.182,16.976,13.209,40.721,29.464,1
2008-11-25,17.246,17.795,5.724,28.744,23.31,1
2008-11-26,10.606,22.969,7.777,9.375,11.863,1
2008-11-28,5.176,14.128,22.537,8.019,11.562,1
2008-12-01,13.752,11.042,26.871,13.976,18.289,0
2008-12-02,29.698,11.633,25.883,29.493,27.421,1
2008-12-03,28.498,3.896,3.183,42.045,33.606,1
2008-12-04,16.202,9.539,19.647,24.207,20.845,0
2008-12-05,5.903,4.689,22.032,22.422,19.911,1
2008-12-08,11.135,6.494,30.234,16.718,14.436,1
2008-12-09,-15.362,20.817,16.847,-5.272,-9.397,0
2008-12-10,-2.683,22.363,16.875,3.449,-1.312,1
2008-12-11,-4.668,3.788,19.595,2.886,-7.836,0
2008-12-12,2.728,4.793,12.057,0.293,-0.223,1
2008-12-15,-7.973,10.528,17.031,7.384,2.099,0
2008-12-16,-3.111,3.056,31.703,12.568,2.024,1
2008-12-17,11,24.529,15.37,32.492,25.253,0
2008-12-18,36.059,4.315,18.422,35.598,38.444,0
2008-12-19,44.396,6.074,30.715,45.97,44.707,0
2008-12-22,-1.644,18.391,14.253,10.844,7.057,0
2008-12-23,23.061,8.629,16.562,34.146,30.122,0
2008-12-24,30.003,18.946,4.559,29.09,24.16,1
2008-12-26,2.778,18.771,14.756,5.08,6.398,1
2008-12-29,2.597,16.433,15.586,11.019,4.57,0
2008-12-30,11.777,17.725,6.651,17.634,13.753,1
2008-12-31,21.901,24.992,30.997,18.711,21.425,1
2009-01-02,-3.84,1.481,12.371,12.184,7.504,1
2009-01-05,-2.891,4.722,10.092,6.516,1.428,0
2009-01-06,19.33,19.691,6.015,30.107,23.79,1
2009-01-07,23.239,-7.819,11.083,11.954,16.074,0
2009-01-08,14.182,13.998,6.958,15.67,14.423,0
2009-01-09,23.691,-10.681,25.713,33.984,28.4,0
2009-01-12,-3.384,20.262,19.203,36.586,18.238,0
2009-01-13,23.577,-3.26,16.144,38.796,31.704,0
2009-01-14,-7.207,11.175,17.099,-10.058,-12.102,0
2009-01-15,17.337,-6.058,8.846,25.185,22.229,1
2009-01-16,1.207,9.979,-6.647,15.965,9.54,1
2009-01-20,4.907,-8.036,12.726,14.254,9.693,0
2009-01-21,9.591,18.353,21.653,38.038,25.148,1
2009-01-22,-8.474,10.998,6.696,-3.805,-4.064,0
2009-01-23,16.25,12.149,11.133,16.672,14.333,0
2009-01-26,-3.495,10.574,16.646,13.345,7.156,1
2009-01-27,7.388,4.676,10.035,14.093,11.366,1
2009-01-28,5.994,8.627,19.241,24.218,18.129,1
2009-01-29,30.585,-9.493,8.068,40.974,39.433,0
2009-01-30,24.233,-10.97,23.527,29.777,28.63,0
2009-02-02,16.154,22.858,27.41,35.948,27.365,0
2009-02-03,27.502,9.524,18.281,25.099,29.438,1
2009-02-04,18.793,4.504,-0.767,10.465,9.924,0
2009-02-05,9.138,16.476,28.133,36.575,24.99,1
2009-02-06,9.918,23.976,19.63,5.067,8.527,1
2009-02-09,4.247,26.681,14.159,9.405,7.667,0
2009-02-10,25.064,17.761,9.234,26.783,26.976,0
2009-02-11,7.359,-17.151,25.172,26.725,16.207,1
2009-02-12,2.022,15.337,22.996,-7.044,0.375,0
2009-02-13,8.668,27.099,28.487,14.573,15.156,0
2009-02-17,4.092,-3.41,17.754,5.556,5.485,0
2009-02-18,16.045,5.954,8.579,30.879,22.03,1
2009-02-19,17.48,-11.852,5.598,27.74,24.98,0
2009-02-20,13.356,9.943,14.212,19.03,14.343,0
2009-02-23,-5.991,19.836,29.594,7.195,6.544,0
2009-02-24,18.11,8.151,45.738,28.338,25.116,1
2009-02-25,27.197,26.208,5.763,32.387,27.832,0
2009-02-26,16.531,25.61,12.853,52.993,38.509,0
2009-02-27,3.803,-7.085,9.151,24.339,13.371,0
2009-03-02,10.336,23.121,8.724,12.256,10.504,0
2009-03-03,12.545,14.112,13.323,29.784,24.116,0
2009-03-04,9.18,-6.379,18.876,26.956,19.39,1
2009-03-05,39.17,8.558,16.643,38.869,41.469,0
2009-03-06,26.884,-3.235,18.071,39.846,31.466,1
2009-03-09,5.082,30.047,8.178,16.121,10.666,0
2009-03-10,-6.207,0.528,31.055,-10.253,-6.058,1
2009-03-11,-13.397,9.244,17.726,7.776,-0.473,1
2009-03-12,4.024,25.243,11.294,14.315,9.519,1
2009-03-13,5.354,7.244,4.734,9.96,9.314,1
2009-03-16,42.188,13.647,33.606,55.798,51.729,0
2009-03-17,7.843,28.986,36.314,0.967,5.405,1
2009-03-18,26.091,-5.062,16.438,33.511,30.308,1
2009-03-19,-3.095,19.87,16.139,21.223,14.148,0
2009-03-20,28.345,6.046,11.202,38.803,34.117,0
2009-03-23,37.999,7.559,19.151,45.682,45.335,1
2009-03-24,52.493,39.205,10.773,48.784,52.688,0
2009-03-25,32.742,8.782,17.871,39.455,32.543,1
2009-03-26,9.875,15.936,20.311,14.959,16.457,1
2009-03-27,35.995,17.804,21.039,28.485,32.582,0
2009-03-30,21.205,6.668,31.259,18.679,20.44,0
2009-03-31,10.615,14.144,32.927,24.649,18.678,1
2009-04-01,9.657,-11.155,25.191,21.513,13.122,1
2009-04-02,-11.412,-2.614,16.403,-1.448,-4.398,1
2009-04-03,20.174,-6.707,30.191,25.877,22.593,1
2009-04-06,-8.511,17.798,6.146,12.454,3.801,0
2009-04-07,23.958,16.401,20.906,52.072,40.817,0
2009-04-08,22.612,18.717,24.952,23.879,23.944,1
2009-04-09,5.991,15.36,20.512,19.346,16.347,1
2009-04-13,-1.622,18.455,11.379,14.392,8.162,0
2009-04-14,41.322,-6.444,6.849,51.114,45.124,0
2009-04-15,20.715,22.891,29.939,28.184,24.304,1
2009-04-16,5.619,9.779,28.119,20.188,15.412,1
2009-04-17,14.239,-7.829,18,21.13,16.919,1
2009-04-20,26.596,16.067,16.061,29.605,24.418,0
2009-04-21,23.051,9.735,16.703,26.359,27.188,1
2009-04-22,39.503,1.927,25.427,35.617,38.281,0
2009-04-23,10.727,-1.382,30.366,11.306,10.553,1
2009-04-24,9.135,4.022,15.194,-3.421,2.05,1
2009-04-27,35.647,25.497,-13.097,33.686,37.199,0
2009-04-28,64.348,-2.133,-5.218,72.828,65.347,0
2009-04-29,19.57,17.808,13.17,25.738,27.614,1
2009-04-30,12.71,13.602,15.066,15.85,16.848,0
2009-05-01,7.051,-0.35,9.94,26.231,15.352,1
2009-05-04,27.059,11.227,16.168,29.129,27.516,1
2009-05-05,15.322,16.413,19.538,11.937,20.052,0
2009-05-06,25.393,4.77,5.775,28.715,26.606,1
2009-05-07,-0.941,0.837,24.323,1.022,0.504,0
2009-05-08,-0.973,40.25,0.881,1.431,3.084,1
2009-05-11,36.675,33.531,28.338,41.299,42.725,0
2009-05-12,8.498,26.101,23.424,13.601,10.492,1
2009-05-13,52.274,7.708,4.681,39.964,40.723,0
2009-05-14,13.283,16.803,14.519,27.729,22.035,1
2009-05-15,-1.875,17.423,33.929,16.307,7.236,0
2009-05-18,10.728,22.086,20.884,33.152,25.275,1
2009-05-19,4.232,1.586,12.882,33.375,16.341,0
2009-05-20,15.444,11.817,43.88,23.762,23.509,0
2009-05-21,-2.9,12.625,17.389,5.934,-0.443,0
2009-05-22,14.27,6.838,10.081,8.867,9.747,0
2009-05-26,19.248,17.124,24.444,24.871,24.446,1
2009-05-27,-1.348,21.198,11.531,11.35,6.012,0
2009-05-28,15.96,29.582,28.612,27.532,25.118,1
2009-05-29,13.723,19.304,29.371,26.887,18.78,1
2009-06-01,29.308,14.734,9.16,43.239,41.86,1
2009-06-02,16.189,14.937,25.864,39.84,34.052,1
2009-06-03,13.509,9.984,20.524,29.134,25.114,0
2009-06-04,43.804,32.652,33.869,72.358,60.482,1
2009-06-05,32.036,29.916,16.838,48.371,41.308,1
2009-06-08,22.98,11.242,19.868,28.917,28.388,1
2009-06-09,17.924,15.569,15.653,21.951,20.555,0
2009-06-10,38.476,19.74,7.943,65.523,54.798,0
2009-06-11,34.822,24.462,20.302,46.786,44.077,1
2009-06-12,29.203,-8.918,0.415,43.091,40.912,1
2009-06-15,13.623,18.731,24.874,50.063,33.56,0
2009-06-16,14.96,8.054,27.793,42.134,25.219,0
2009-06-17,20.128,19.617,21.765,33.603,25.116,0
2009-06-18,30.324,2.275,50.514,60.902,43.357,1
2009-06-19,21.585,7.317,29.639,40.658,34.889,0
2009-06-22,17.387,33.788,26.617,40.337,31.506,0
2009-06-23,-2.274,14.604,21.592,18.872,5.935,0
2009-06-24,5.487,19.692,19.49,13.753,6.011,0
2009-06-25,50.111,11.682,0.163,70.707,63.65,1
2009-06-26,7.926,12.32,28.488,25.967,17.116,0
2009-06-29,-1.429,5.217,17.742,12.175,6.914,1
2009-06-30,37.215,22.398,12.188,39.557,42.634,0
2009-07-01,15.592,22.144,26.987,57.508,38.528,1
2009-07-02,12.199,27.308,20.117,31.974,23.526,0
2009-07-06,-1.482,30.771,16.615,10.618,1.555,1
2009-07-07,21.597,14.943,22.297,38.508,26.742,0
2009-07-08,22.963,33.098,31.394,45.135,35.892,1
2009-07-09,16.365,15.951,4.15,10.237,12.685,1
2009-07-10,26.626,18.454,3.327,29.339,23.913,0
2009-07-13,1.898,-8.133,5.316,19.913,10.895,1
2009-07-14,30.424,21.235,16.805,32.116,34.857,1
2009-07-15,26.076,4.581,-0.898,41.586,33.637,1
2009-07-16,32.762,29.441,23.892,46.421,43.415,1
2009-07-17,9.107,20.686,20.898,29.047,17.283,1
2009-07-20,8.487,13.3,26.537,37.895,23.97,1
2009-07-21,7.859,0.236,27.4,25.394,17.01,1
2009-07-22,49.634,15.404,28.033,63.429,60.552,0
2009-07-23,7.822,13.579,14.1,18.538,9.946,1
2009-07-24,30.019,12.163,20.954,60.599,53.556,1
2009-07-27,20.69,-0.71,13.254,49.418,37.336,1
2009-07-28,29.364,5.831,10.466,46.518,32.79,0
2009-07-29,22.756,13.229,8.418,24.929,18.093,0
2009-07-30,13.54,9.503,8.834,61.321,38.831,1
2009-07-31,19.336,24.292,19.985,45.615,37.562,1
2009-08-03,1.618,11.202,8.022,26.888,15.587,1
2009-08-04,36.963,18.231,2.966,45.58,42.578,1
2009-08-05,13.141,20.962,27.169,41.033,29.292,0
2009-08-06,7.966,28.191,29.561,22.655,17.979,0
2009-08-07,-12.279,30.01,39.617,11.533,5.617,1
2009-08-10,14.491,22.557,21.885,38.214,28.761,0
2009-08-11,18.83,11.321,20.082,54.144,38.505,0
2009-08-12,34.151,3.536,13.989,39.775,40.285,1
2009-08-13,18.096,44.126,25.372,25.011,24.221,1
2009-08-14,40.873,11.631,28.605,35.197,33.824,0
2009-08-17,15.751,24.672,20.107,25.546,21.912,0
2009-08-18,57.264,18.492,19.186,76.13,70.141,1
2009-08-19,50.956,12.649,15.713,48.971,49.4,1
2009-08-20,34.701,32.671,19.358,73.71,55.802,1
2009-08-21,25.637,18.54,9.802,75.911,49.316,1
2009-08-24,49.219,25.832,27.055,58.524,51.841,1
2009-08-25,22.988,16.475,16.306,44.449,36.282,1
2009-08-26,18.639,14.472,25.764,18.036,16.692,1
2009-08-27,20.846,36.914,22.466,31.533,25.928,1
2009-08-28,35.844,20.329,29.417,47.738,46.941,0
2009-08-31,30.625,4.635,30.067,50.521,41.586,0
2009-09-01,45.843,10.54,28.437,64.953,52.674,0
2009-09-02,34.499,3.625,15.426,49.718,39.172,0
2009-09-03,25.833,31.091,32.151,39.08,29.583,1
2009-09-04,39.617,-4.842,20.119,56.098,48.039,1
2009-09-08,39.973,26.036,17.993,57.244,57.448,1
2009-09-09,12.727,27.912,33.764,39.606,25.945,1
2009-09-10,30.761,21.702,5.693,71.484,52.433,1
2009-09-11,50.554,16.89,12.316,71.937,64.623,0
2009-09-14,56.16,29.45,12.5,100.433,83.085,1
2009-09-15,25.757,24.096,23.48,29.12,26.511,1
2009-09-16,35.634,24.902,31.027,40.784,40.105,1
2009-09-17,0.092,14.52,11.839,18.313,10.64,0
2009-09-18,5.526,13.705,27.312,11.539,7.952,1
2009-09-21,46.288,32.739,17.024,63.995,60.394,0
2009-09-22,23.831,19.788,16.282,31.161,29.039,1
2009-09-23,32.753,19.7,26.143,34.625,31.438,0
2009-09-24,20.329,15.605,28.068,45.661,35.889,0
2009-09-25,3.826,8.715,43.35,34.53,19.55,0
2009-09-28,-1.956,6.437,39.468,14.272,6.059,1
2009-09-29,16.67,27.178,18.691,18.162,21.884,0
2009-09-30,-1.594,-6.025,27.969,14.507,9.084,0
2009-10-01,37.738,-2.859,17.498,47.874,45.298,0
2009-10-02,20.092,17.878,37.576,40.05,31.365,0
2009-10-05,32.624,20.986,25.768,45.374,43.378,1
2009-10-06,12.456,17.694,32.066,33.936,24.416,1
2009-10-07,43.506,14.783,13.839,70.229,58.958,0
2009-10-08,26.031,16.765,46.157,38.58,30.928,1
2009-10-09,10.182,24.594,9.679,42.64,34.079,1
2009-10-12,25.754,19.242,23.113,39.474,34.09,1
2009-10-13,11.068,16.893,32.277,22.245,22.236,0
2009-10-14,8.771,27.382,12.307,35.369,17.257,1
2009-10-15,33.643,31.188,27.899,60.847,49.446,1
2009-10-16,8.718,20.854,45.975,16.942,10.463,0
2009-10-19,49.487,15.495,4.34,70.778,60.504,1
2009-10-20,34.111,17.238,25.341,64.99,52.539,0
2009-10-21,56.682,7.15,49.052,69.767,65.577,0
2009-10-22,31.418,12.544,32.824,38.842,32.581,1
2009-10-23,31.297,12.638,24.161,46.021,37.345,0
2009-10-26,32.122,-15.338,14.964,40.388,37.846,0
2009-10-27,39.539,25.632,19.927,30.878,34.518,1
2009-10-28,45.382,31.198,3.359,55.732,52.719,0
2009-10-29,45.188,20.979,31.795,57.185,52.515,1
2009-10-30,18.314,25.468,-0.467,43.028,24.728,0
2009-11-02,44.551,-2.979,-5.513,63.026,53.608,1
2009-11-03,17.285,3.727,39.416,24.166,26.116,0
2009-11-04,11.955,28.836,21.077,37.465,30.561,1
2009-11-05,10.362,26.007,14.046,34.808,25.271,1
2009-11-06,48.311,18.461,19.159,67.234,56.003,1
2009-11-09,39.51,19.342,40.185,63.762,53.996,1
2009-11-10,4.562,25.336,12.565,25.425,19.867,1
2009-11-11,15.462,17.023,27.885,29.556,22.765,1
2009-11-12,14.094,0.25,31.732,26.28,22.835,0
2009-11-13,18.776,30.048,25.059,42.008,32.188,1
2009-11-16,-1.097,42.91,15.992,23.732,14.218,1
2009-11-17,18.476,1.916,33.435,36.3,29.562,1
2009-11-18,33.754,-2.981,11.558,60.496,50.427,0
2009-11-19,2.01,25.565,1.814,24.804,11.426,0
2009-11-20,30.599,24.574,31.459,57.281,47.665,0
2009-11-23,-0.622,4.79,17.89,36.038,22.816,1
2009-11-24,33.468,18.958,27.751,65.444,52.306,0
2009-11-25,14.134,17.563,9.551,25.763,23.526,1
2009-11-27,29.899,12.017,4.77,39.013,35.803,0
2009-11-30,32.651,11.103,14.621,54.592,45.018,1
2009-12-01,7.865,16.515,44.699,23.193,16.827,1
2009-12-02,12.125,28.487,20.707,23.289,20.426,0
2009-12-03,29.535,18.926,9.034,37.668,36.283,0
2009-12-04,8.22,13.434,11.386,29.647,23.843,1
2009-12-07,15.45,22.347,11.856,25.114,26.152,1
2009-12-08,11.619,2.638,17.282,27.577,24.289,0
2009-12-09,-0.26,20.827,10.043,16.146,4.675,1
2009-12-10,48.445,16.825,19.389,42.375,45.631,1
2009-12-11,9.883,9.612,29.22,31.516,21.65,1
2009-12-14,21.444,7.417,26.699,37.024,26.184,1
2009-12-15,-0.104,3.93,22.923,37.434,22.838,0
2009-12-16,12.42,12.209,22.081,17.911,14.019,0
2009-12-17,36.822,4.321,12.485,44.852,44.89,0
2009-12-18,23.496,19.58,18.008,54.026,35.994,1
2009-12-21,1.285,27.818,17.013,22.758,15.157,1
2009-12-22,30.421,29.902,29.31,30.978,33.669,1
2009-12-23,32.867,20.672,17.692,36.771,33.593,1
2009-12-24,27.581,22.286,6.102,48.94,42.41,1
2009-12-28,51.297,-2.183,27.881,79.753,67.747,1
2009-12-29,-0.14,29.631,20.793,24.595,18.219,0
2009-12-30,46.962,20.972,-6.066,62.656,56.172,1
2009-12-31,10.836,12.087,15.41,27.13,19.301,0
2010-01-04,32.267,19.806,10.527,64.435,51.747,1
2010-01-05,10.604,5.655,19.614,18.701,18.741,0
2010-01-06,53.498,39.231,6.167,87.451,72.245,1
2010-01-07,35.707,0.782,12.424,53.13,44.753,1
2010-01-08,41.991,-7.691,12.677,64.319,53.098,1
2010-01-11,20.401,12.182,39.13,42.156,35.039,1
2010-01-12,5.31,8.256,17.818,25.999,21.266,0
2010-01-13,31.681,27.833,-1.251,53.024,41.348,1
2010-01-14,24.056,39.104,23.519,45.788,34.022,1
2010-01-15,24.098,8.599,5.855,46.094,32.818,0
2010-01-19,37.979,21.508,4.268,68.636,55.61,1
2010-01-20,44.586,36.416,22.496,65.468,61.219,0
2010-01-21,22.077,0.601,21.727,72.95,55.369,0
2010-01-22,30.319,18.683,9.177,36.42,35.478,0
2010-01-25,12.923,27.524,9.029,43.157,30.401,1
2010-01-26,12.68,4.525,24.921,28.681,19.428,0
2010-01-27,-1.659,12.33,24.46,11.901,6.673,1
2010-01-28,-7.402,28.899,25.473,21.533,13.309,0
2010-01-29,14.959,16.811,26.995,33.694,25.783,0
2010-02-01,1.028,6.781,37.225,27.021,14.638,1
2010-02-02,9.357,15.294,4.939,39.401,25.555,1
2010-02-03,23.758,16.19,11.748,39.01,31.928,0
2010-02-04,3.939,11.073,16.783,17.929,12.884,0
2010-02-05,41.348,30.344,4.328,63.416,51.976,1
2010-02-08,36.081,-1.521,1.768,76.683,55.623,0
2010-02-09,4.6,38.235,39.074,7.693,9.489,1
2010-02-10,1.642,29.328,20.804,37.109,21.076,0
2010-02-11,21.831,19.916,23.005,24.672,25.897,1
2010-02-12,18.312,0.802,23.999,31.763,25.007,0
2010-02-16,-5.516,5.735,20.975,10.448,3.511,1
2010-02-17,-3.978,2.123,27.975,38.246,22.606,1
2010-02-18,22.372,4.119,38.993,61.317,44.607,1
2010-02-19,20.481,12.901,15.823,34.339,32.15,1
2010-02-22,8.901,-15.597,29.934,20.595,16.103,0
2010-02-23,17.739,18.918,29.385,37.332,31.731,0
2010-02-24,52.585,17.653,13.52,68.234,65.134,1
2010-02-25,27.902,-2.141,17.673,32.721,29.468,0
2010-02-26,26.727,3.139,-6.202,57.407,44.527,1
2010-03-01,20.483,-10.002,25.325,46.796,36.373,1
2010-03-02,22.007,12.595,17.467,55.093,40.128,1
2010-03-03,18.3,22.64,26.159,12.87,14.163,0
2010-03-04,39.755,18.347,4.075,61.898,54.367,1
2010-03-05,13.497,13.11,12.469,23.542,22.115,1
2010-03-08,19.832,13.062,16.579,45.681,36.081,0
2010-03-09,38.341,28.729,16.682,64.783,52.318,1
2010-03-10,28.069,1.398,13.003,39.054,28.125,1
2010-03-11,32.426,4.085,22.288,41.221,36.535,1
2010-03-12,33.556,17.194,-3.935,57.565,44.553,1
2010-03-15,25.166,18.618,19.662,45.192,37.686,1
2010-03-16,25.021,10.365,20.695,46.11,32.959,1
2010-03-17,10.398,26.628,26.285,22.376,21.491,1
2010-03-18,40.936,13.366,8.28,65.498,56.449,1
2010-03-19,32.662,5.722,29.613,82.917,60.419,0
2010-03-22,29.65,16.543,8.322,59.583,47.691,1
2010-03-23,20.376,24.418,30.785,47.334,29.617,1
2010-03-24,18.857,14.374,20.698,29.396,28.753,0
2010-03-25,19.338,15.393,19.306,28.904,22.951,1
2010-03-26,23.653,24.597,13.763,36.231,31.714,1
2010-03-29,6.247,17.326,35.654,8.148,5.47,1
2010-03-30,4.41,14.782,14.017,34.199,20.176,1
2010-03-31,12.89,-4.765,17.816,21.016,15.567,0
2010-04-01,47.548,12.234,29.222,61.253,56.917,1
2010-04-05,-1.507,27.468,20.099,0.764,4.236,1
2010-04-06,17.36,11.298,27.592,16.525,17.361,0
2010-04-07,-18.004,8.797,15.188,-8.208,-13.133,0
2010-04-08,22.538,21.423,26.801,33.714,30.011,1
2010-04-09,15.749,33.788,52.424,28.811,21.434,1
2010-04-12,60.497,25.237,6.381,62.915,63.149,1
2010-04-13,31.232,6.343,17.333,54.635,46.853,1
2010-04-14,29.957,27.092,6.844,28.179,32.155,1
2010-04-15,29.005,14.974,14.575,63.955,47.682,1
2010-04-16,-18.418,9.287,45.609,28.555,6.034,0
2010-04-19,70.332,1.559,0.952,85.916,76.186,1
2010-04-20,20.425,34.772,-7.601,42.181,34.793,1
2010-04-21,18.135,15.313,26.417,32.521,28.47,1
2010-04-22,46.246,20.123,40.483,45.517,50.544,1
2010-04-23,23.616,16.363,31.19,35.152,34.794,1
2010-04-26,33.053,1.957,8.14,31.741,33.025,1
2010-04-27,31.078,20.377,19.875,46.938,40.885,0
2010-04-28,17.83,31.25,26.294,39.94,33.526,1
2010-04-29,19.012,26.475,27.222,33.152,29.294,1
2010-04-30,25.758,18.996,31.589,55.223,44.032,0
2010-05-03,35.955,25.768,30.741,52.101,50.708,1
2010-05-04,16.977,18.955,18.807,43.667,32.577,0
2010-05-05,18.858,25.335,19.981,32.605,27.76,0
2010-05-06,38.358,18.926,21.495,55.434,46.813,0
2010-05-07,24.799,9.465,42.406,49.778,39.587,0
2010-05-10,23.963,18.768,15.895,49.611,36.4,1
2010-05-11,39.09,-0.026,21.681,54.188,45.849,0
2010-05-12,17.701,27.945,33.673,37.61,25.269,1
2010-05-13,13.155,8.49,19.737,36.245,29.152,0
2010-05-14,19.298,6.635,36.301,28.432,26.554,0
2010-05-17,16.935,8.779,18.892,36.707,24.786,1
2010-05-18,31.077,25.076,33.724,57.825,42.135,0
2010-05-19,23.439,12.885,39.56,26.224,23.128,0
2010-05-20,23.482,19.076,9.667,40.164,32.703,0
2010-05-21,40.515,0.936,19.226,51.311,46.002,1
2010-05-24,18.334,0.394,19.223,46.246,34.683,0
2010-05-25,9.405,39.275,32.179,42.457,29.445,0
2010-05-26,6.95,21.987,11.34,18.562,16.577,0
2010-05-27,32.387,31.962,11.998,53.293,39.763,1
2010-05-28,12.564,13.229,8.625,40.893,30.673,0
2010-06-01,26.309,42.397,12.617,57.698,46.74,0
2010-06-02,34.893,24.888,20.129,35.311,35.159,1
2010-06-03,1.377,30.067,15.768,20.682,11.464,1
2010-06-04,30.735,7.879,30.086,33.619,31.783,0
2010-06-07,12.761,5.905,14.516,31.952,20.841,0
2010-06-08,38.291,9.894,13.111,41.609,37.721,1
2010-06-09,61.723,-7.484,16.789,75.85,72.493,0
2010-06-10,49.878,17.124,25.891,60.082,60.627,1
2010-06-11,21.482,18.784,13.997,36.526,31.053,1
2010-06-14,26.087,18.868,24.754,60.972,46.112,0
2010-06-15,50.75,27.011,21.041,59.553,52.693,1
2010-06-16,31.648,22.753,13.403,47.96,43.392,1
2010-06-17,14.424,17.996,23.745,28.661,23.173,1
2010-06-18,8.551,17.836,26.041,33.055,22.559,1
2010-06-21,16.528,17.71,30.538,33.107,29.216,0
2010-06-22,34.769,11.293,14.158,58.451,42.631,0
2010-06-23,25.376,15.855,24.207,38.727,36.114,1
2010-06-24,36.883,18.696,7.974,47.79,46.782,0
2010-06-25,30.217,34.93,6.181,48.76,41.529,0
2010-06-28,17.033,17.584,28.417,7.904,16.984,0
2010-06-29,10.701,12.594,24.951,30.903,25.96,0
2010-06-30,35.278,34.974,13.113,59.135,49.463,0
2010-07-01,29.385,24.993,23.565,52.35,43.824,0
2010-07-02,18.138,20.773,4.372,9.69,11.57,0
2010-07-06,33.347,7.978,42.244,51.879,46.079,1
2010-07-07,5.906,21.4,37.108,28.642,17.805,1
2010-07-08,2.945,29.547,17.244,15.573,9.726,1
2010-07-09,28.88,19.115,24.826,32.734,29.761,1
2010-07-12,23.08,17.789,19.404,31.438,30.989,1
2010-07-13,22.052,-12.45,19.319,34.462,27.722,1
2010-07-14,-5.868,8.849,27.501,22.523,13.303,1
2010-07-15,20.21,35.469,15.771,54.882,45.82,0
2010-07-16,14.669,14.702,24.077,21.623,17.747,0
2010-07-19,55.07,21.633,16.686,65.812,65.685,1
2010-07-20,16.406,34.778,39.4,47.877,39.389,1
2010-07-21,16.79,16.731,9.965,22.305,20.593,0
2010-07-22,46.147,20.166,27.592,68.671,54.146,1
2010-07-23,37.334,21.452,20.143,46.779,45.069,1
2010-07-26,-31.369,43.916,60.413,-0.65,-4.447,1
2010-07-27,-8.134,14.273,18.099,7.341,3.908,1
2010-07-28,-9.3,14.754,27.796,-0.088,0.763,0
2010-07-29,16.13,27.569,25.325,53.746,39.033,0
2010-07-30,-3.168,2.18,29.764,2.866,1.627,0
2010-08-02,16.285,-9.537,23.944,36.844,30.062,1
2010-08-03,0.24,20.349,35.201,38.062,21.765,0
2010-08-04,9.421,7.598,18.63,11.42,11.833,1
2010-08-05,24.235,13.318,13.282,53.958,42.695,0
2010-08-06,0.951,18.893,10.963,4.036,2.298,0
2010-08-09,-4.951,12.082,18.142,14.403,11.195,1
2010-08-10,40.923,5.762,11.333,63.474,63.164,0
2010-08-11,17.955,41.416,20.417,37.787,32.695,0
2010-08-12,10.448,13.709,25.593,14.066,14.244,0
2010-08-13,31.375,13.762,1.432,53.99,40.746,0
2010-08-16,29.283,23.46,20.63,49.273,41.297,0
2010-08-17,17.779,14.606,20.62,45.23,30.204,1
2010-08-18,13.577,35.668,9.404,35.204,29.847,1
2010-08-19,18.152,37.024,14.197,30.75,23.496,0
2010-08-20,25.78,-14.261,8.674,45.729,37.199,0
2010-08-23,14.676,24.653,32.074,28.954,21.863,0
2010-08-24,17.351,4.56,14.834,28.396,21.356,0
2010-08-25,20.718,18.008,10.42,27.701,22.58,1
2010-08-26,15.391,14.636,5.179,18.349,16.888,0
2010-08-27,19.717,26.237,28.974,39.852,36.322,1
2010-08-30,-5.402,-4.719,38.289,18.228,8.592,0
2010-08-31,35.406,1.972,13.7,29.706,28.476,1
2010-09-01,13.432,11.144,22.891,8.795,11.57,1
2010-09-02,23.464,3.059,22.962,46.202,40.809,1
2010-09-03,10.941,19.598,25.341,21.955,18.1,1
2010-09-07,14.652,6.567,16.619,47.876,30.457,0
2010-09-08,21.602,15.353,45.796,36.053,36.295,1
2010-09-09,27.007,10.737,7.679,27.018,24.028,1
2010-09-10,40.673,11.572,31.694,37.413,36.608,1
2010-09-13,13.059,34.409,32.961,37.873,34.11,1
2010-09-14,37.84,-3.507,10.848,35.048,41.073,0
2010-09-15,18.378,6.261,19.645,35.307,27.085,1
2010-09-16,18.108,13.653,27.196,48.465,34.18,1
2010-09-17,40.326,12.903,19.975,52.092,44.797,1
2010-09-20,46.647,43.985,26.783,84.69,69.817,1
2010-09-21,50.737,22.139,12.078,30.734,41.26,1
2010-09-22,32.877,15.596,8.881,34.496,36.784,0
2010-09-23,24.069,10.273,24.27,41.672,35.612,0
2010-09-24,41.538,31.555,36.796,42.405,45.553,1
2010-09-27,19.5,20.042,20.648,39.249,29.042,0
2010-09-28,0.902,14.216,-0.967,17.311,12.324,1
2010-09-29,12.114,5.72,30.82,24.63,14.498,0
2010-09-30,10.85,6.742,11.723,46.259,29.869,0
2010-10-01,31.42,19.661,10.738,29.299,27.653,1
2010-10-04,26.125,26.895,32.789,25.273,27.297,0
2010-10-05,27.83,9.094,5.933,28.504,31.266,1
2010-10-06,55.824,18.823,12.018,88.657,80.212,1
2010-10-07,45.157,14.912,30.001,72.421,58.212,0
2010-10-08,23.369,40.366,20.642,55.72,47.314,1
2010-10-11,62.114,4.429,45.453,96.732,81.616,1
2010-10-12,32.68,14.516,29.418,40.153,34.794,1
2010-10-13,15.889,21.807,24.551,23.328,21.929,1
2010-10-14,34.135,2.107,23.126,39.29,35.917,0
2010-10-15,30.343,8.226,17.738,50.054,43.512,0
2010-10-18,22.546,25.614,39.019,19.022,24.631,1
2010-10-19,59.94,12.687,29.416,68.868,70.975,0
2010-10-20,52.482,10.532,17.57,102.45,79.74,1
2010-10-21,10.56,24.944,34.6,23.053,17.695,1
2010-10-22,30.992,23.929,31.424,15.39,25.856,0
2010-10-25,38.797,9.435,22.425,53.68,44.228,1
2010-10-26,-18.65,0.862,32.62,26.498,9.352,1
2010-10-27,24.283,21.642,23.875,38.48,40.721,0
2010-10-28,14.048,13.907,18.409,8.508,13.828,0
2010-10-29,20.37,12.33,11.205,53.778,39.122,1
2010-11-01,10.678,32.211,17.96,37.13,24.656,1
2010-11-02,40.482,16.62,18.239,57.066,43.881,1
2010-11-03,33.554,4.597,20.968,62.446,46.446,1
2010-11-04,2.017,15.688,37.042,22.582,15.96,1
2010-11-05,15.19,37.054,60.371,42.958,28.635,1
2010-11-08,25.226,28.504,20.855,44.66,35.595,0
2010-11-09,49.537,17.857,22.413,54.856,52.783,0
2010-11-10,31.044,13.22,24.911,55.051,41.383,1
2010-11-11,39.73,26.308,40.152,63.245,53.547,0
2010-11-12,44.452,16.793,34.449,71.581,60.538,0
2010-11-15,20.508,20.009,6.551,22.737,21.41,1
2010-11-16,28.319,8.659,19.852,29.038,28.126,0
2010-11-17,13.132,45.213,39.304,60.318,41.901,0
2010-11-18,32.536,13.613,31.615,42.089,45.149,1
2010-11-19,23.674,36.904,42.289,49.493,39.114,1
2010-11-22,24.776,21.78,13.322,39.964,33.009,0
2010-11-23,-13.699,22.902,22.452,23.855,6.524,0
2010-11-24,39.346,21.098,15.189,53.087,46.408,1
2010-11-26,58.427,3.747,13.652,85.043,77.3,0
2010-11-29,26.758,39.124,27.183,21.596,34.227,0
2010-11-30,17.349,11.966,22.991,36.815,30.654,0
2010-12-01,22.554,19.411,40.599,23.817,30.402,1
2010-12-02,2.911,20.797,37.864,2.512,9.542,1
2010-12-03,26.909,20.893,47.521,33.817,37.928,1
2010-12-06,10.551,48.396,43.403,16.796,22.625,0
2010-12-07,4.364,32.006,37.3,8.133,10.808,0
2010-12-08,40.523,38.539,38.914,34.909,50.942,1
2010-12-09,46.267,31.04,43.029,72.43,68.014,0
2010-12-10,13.443,5.286,29.239,35.971,31.332,1
2010-12-13,11.919,20.561,18.291,30.999,27.672,1
2010-12-14,10.528,12.172,20.31,3.386,8.965,1
2010-12-15,22.819,38.314,40.66,36.212,42.829,0
2010-12-16,4.33,14.787,35.913,7.972,8.04,1
2010-12-17,18.557,5.056,25.768,16.129,17.258,0
2010-12-20,60.975,13.754,39.902,87.482,81.119,0
2010-12-21,45.126,35.064,16.609,45.067,48.06,1
2010-12-22,-4.336,38.292,27.261,25.402,21.295,1
2010-12-23,14.164,58.923,39.226,25.217,31.966,1
2010-12-27,27.417,51.157,53.872,39.073,40.94,0
2010-12-28,34.88,40.192,27.973,42.008,44.631,1
2010-12-29,32.416,14.825,24.894,35.462,36.522,1
2010-12-30,57.399,20.497,14.104,73.123,68.746,0
2010-12-31,60.842,40.35,33.299,90.436,83.707,1
2011-01-03,56.817,-2.444,21.167,76.279,70.133,1
2011-01-04,40.653,10.062,21.642,39.46,45.782,1
2011-01-05,41.09,41.822,35.865,40.029,45.429,1
2011-01-06,-10.39,15.22,20.718,7.239,4.053,0
2011-01-07,27.448,39.39,13.814,29.093,30.309,0
2011-01-10,26.803,15.667,23.78,37.43,35.185,0
2011-01-11,24.157,-6.172,19.236,34.224,34.73,1
2011-01-12,23.903,-7.07,22.524,57.383,41.514,1
2011-01-13,34.38,17.482,10.269,40.204,42.49,0
2011-01-14,35.487,12.722,23.486,51.582,47.51,1
2011-01-18,49.605,-0.285,30.726,54.67,52.214,1
2011-01-19,-1.427,5.247,31.347,19.364,9.411,0
2011-01-20,37.929,32.84,37.117,50.169,46.348,0
2011-01-21,28.08,20.705,28.672,44.074,38.864,1
2011-01-24,24.645,6.636,36.657,34.597,29.514,1
2011-01-25,32.47,8.164,32.797,21.011,25.586,0
2011-01-26,34.177,12.445,33.666,27.009,26.419,1
2011-01-27,58.762,23.485,45.114,79.01,73.015,1
2011-01-28,36.443,14.423,14.298,55.986,44.296,0
2011-01-31,32.562,10.24,21.885,33.181,29.07,1
2011-02-01,38.62,19.386,21.232,59.066,43.675,1
2011-02-02,50.828,3.751,42.932,67.434,55.62,1
2011-02-03,55.941,5.741,24.259,56.097,51.164,1
2011-02-04,62.781,14.69,23.518,77.655,65.399,1
2011-02-07,21.367,9.456,25.204,36.139,27.148,1
2011-02-08,31.944,42.261,38.403,14.538,23.213,1
2011-02-09,26.174,24.101,19.652,43.197,34.153,1
2011-02-10,39.493,26.861,20.27,51.513,46.687,0
2011-02-11,53.252,21.97,23.425,63.115,60.455,1
2011-02-14,36.86,-7.614,29.729,43.996,37.113,0
2011-02-15,2.624,5.767,14.364,4.679,-2.556,0
2011-02-16,33.093,10.704,19.645,32.793,26.91,1
2011-02-17,17.655,8.838,19.818,46.087,30.544,1
2011-02-18,21.163,28.906,18.656,18.364,21.462,1
2011-02-22,24.626,7.72,17.538,52.458,34.268,0
2011-02-23,-0.165,13.662,35.967,12.059,9.694,0
2011-02-24,36.345,0.825,2.424,32.657,28.096,0
2011-02-25,47.474,-2.355,32.21,48.178,46.159,1
2011-02-28,21.006,13.101,21.749,32.02,25.587,1
2011-03-01,27.236,12.723,27.71,53.464,41.698,0
2011-03-02,30.402,20.375,25.635,39.924,37.211,1
2011-03-03,22.779,25.008,16.866,33.819,23.933,1
2011-03-04,-0.842,13.893,19.975,13.116,8.854,0
2011-03-07,24.327,27.46,23.263,22.737,23.285,0
2011-03-08,17.256,27.919,41.794,19.493,14.092,1
2011-03-09,22.429,0.298,19.319,25.511,27.655,0
2011-03-10,-1.917,-0.548,25.259,-12.402,-10.111,0
2011-03-11,20.031,5.848,-0.04,24.152,22.134,1
2011-03-14,27.774,42.183,17.648,47.972,41.463,0
2011-03-15,41.343,36.193,24.25,47.197,39.881,0
2011-03-16,21.293,35.254,36.439,49.769,41.778,0
2011-03-17,32.262,32.829,28.003,26.27,25.756,1
2011-03-18,43.137,19.35,16.646,30.188,34.903,1
2011-03-21,2.037,35.613,12.576,18.748,14.216,1
2011-03-22,20.697,25.406,21.699,35.65,31.171,0
2011-03-23,4.345,18.084,17.854,15.425,4.392,1
2011-03-24,18.332,-2.621,15.763,30.586,22.024,1
2011-03-25,22.477,1.625,24.321,48.342,35.941,1
2011-03-28,30.689,32.748,23.524,23.355,24.381,0
2011-03-29,16.671,2.498,25.443,31.035,21.538,1
2011-03-30,53.808,30.971,13.943,61.467,64.573,1
2011-03-31,29.871,1.228,22.179,50.714,43.933,0
2011-04-01,-2.757,19.028,23.281,17.798,6.856,1
2011-04-04,-1.708,32.635,30.156,-0.816,1.851,1
2011-04-05,34.585,-4.202,16.061,41.198,42.023,0
2011-04-06,10.473,39.424,23.55,49.643,32.058,1
2011-04-07,24.832,25.99,18.673,12.744,20.532,0
2011-04-08,26.986,9.884,12.978,47.318,45.042,0
2011-04-11,21.361,19.733,3.004,40.168,37.153,1
2011-04-12,8.695,21.586,15.948,14.628,10.938,0
2011-04-13,23.391,23.905,13.411,42.736,36.362,1
2011-04-14,29.962,-10.148,9.116,45.89,33.108,1
2011-04-15,6.93,6.522,14.085,24.806,19.227,1
2011-04-18,11.33,21.14,24.632,23.408,18.388,0
2011-04-19,22.566,19.599,24.495,44.447,36.003,1
2011-04-20,34.436,20.778,7.62,47.385,38.178,1
2011-04-21,-13.044,18.14,18.842,-5.847,-6.8,1
2011-04-25,29.263,19.197,10.231,29.199,26.55,0
2011-04-26,13.988,37.716,17.01,17.285,15.736,1
2011-04-27,-0.875,28.903,44.97,24.223,13.062,1
2011-04-28,15.614,43.239,-7.642,40.985,26.451,1
2011-04-29,27.159,24.917,28.567,19.48,26.099,1
2011-05-02,-11.774,12.214,25.769,24.163,8.43,0
2011-05-03,-6.147,15.512,34.935,10.342,5.84,1
2011-05-04,8.273,14.139,2.579,49.511,32.078,0
2011-05-05,-2.246,10.364,14.588,8.901,0.553,0
2011-05-06,45.616,9.296,-9.86,82.701,64.234,1
2011-05-09,45.295,-2.929,23.531,49.829,48.282,1
2011-05-10,12.275,9.345,7.582,32.631,23.775,1
2011-05-11,19.369,16.515,22.058,26.6,24.193,0
2011-05-12,6.55,11.374,27.891,19.701,14.168,1
2011-05-13,34.536,-2.127,20.345,45.988,41.934,0
2011-05-16,41.265,20.075,14.946,55.682,45.005,0
2011-05-17,28.471,15.69,22.66,39.021,37.984,0
2011-05-18,40.125,27.051,2.563,42.102,38.291,1
2011-05-19,2.844,32.379,28.672,16.529,13.538,1
2011-05-20,57.907,27.033,-7.676,55.79,60.087,0
2011-05-23,1.764,15.075,18.858,6.116,3.467,0
2011-05-24,18.72,16.731,17.127,34.405,24.158,0
2011-05-25,29.204,-7.598,12.762,38.729,32.425,1
2011-05-26,27.581,28.682,21.628,40.144,34.189,1
2011-05-27,41.381,25.913,17.19,42.207,43.749,1
2011-05-31,30.754,8.886,25.756,27.768,28.966,1
2011-06-01,24.939,10.113,22.023,44.804,34.943,0
2011-06-02,24.157,7.195,22.246,55.26,41.07,0
2011-06-03,8.744,17.008,12.994,17.587,19.692,0
2011-06-06,-20.097,19.542,3.511,12.772,-3.876,0
2011-06-07,38.108,0.535,29.475,52.617,47.072,0
2011-06-08,23.37,14.392,36.986,26.133,29.251,0
2011-06-09,41.314,14.223,35.395,41.997,42.146,1
2011-06-10,27.619,-23.599,14.854,53.383,39.864,0
2011-06-13,27.957,12.346,30.08,45.542,37.395,1
2011-06-14,30.569,19.03,20.904,47.881,39.878,1
2011-06-15,37.821,-0.433,29.078,53.158,47.445,0
2011-06-16,13.117,13.61,7.09,49.221,33.863,1
2011-06-17,21.071,-0.758,0.407,25.69,22.108,1
2011-06-20,10.827,18.337,23.389,12.635,8.742,1
2011-06-21,32.303,22.486,10.057,45.535,37.557,1
2011-06-22,33.811,29.113,33.602,40.766,34.175,0
2011-06-23,32.469,32.373,21.511,45.572,45.608,0
2011-06-24,23.26,12.918,31.937,37.148,29.678,0
2011-06-27,39.467,23.134,15.132,63.981,57.036,1
2011-06-28,17.903,10.77,32.827,35.71,23.434,1
2011-06-29,34.816,-8.155,12.945,67.498,50.087,1
2011-06-30,16.344,2.491,29.594,25.022,24.277,1
2011-07-01,32.738,18.745,17.551,41.804,39.158,1
2011-07-05,15.245,-0.403,16.351,26.35,17.851,0
2011-07-06,39.364,25.478,21.016,39.472,44.715,1
2011-07-07,45.443,29.207,35.986,53.871,51.719,1
2011-07-08,27.317,23.464,25.859,48.401,42.803,0
2011-07-11,25.041,9.011,33.947,50.132,42.273,0
2011-07-12,57.455,12.511,20.381,62.863,64.223,0
2011-07-13,18.897,15.51,25.835,32.951,23.189,1
2011-07-14,28.054,2.333,18.899,51.022,41.933,0
2011-07-15,32.968,2.277,17.318,41.357,34.249,1
2011-07-18,31.509,12.01,19.863,49.984,45.318,0
2011-07-19,10.317,21.434,28.511,31.798,24.623,1
2011-07-20,48.677,29.627,39.179,61.412,55.759,0
2011-07-21,25.257,-3.13,32.885,39.517,34.939,1
2011-07-22,12.391,15.214,13.84,16.214,17.386,0
2011-07-25,0.978,26.703,31.967,19.759,13.91,0
2011-07-26,12.412,18.592,50.43,23.289,17.626,0
2011-07-27,34.491,14.676,17.69,56.555,47.151,0
2011-07-28,2.922,16.967,29.254,7.779,4.103,0
2011-07-29,23.476,7.352,22.897,41.929,34.81,0
2011-08-01,14.324,1.108,11.357,8.17,5.477,0
2011-08-02,32.904,16.965,27.87,45.464,38.53,0
2011-08-03,1.729,9.766,19.164,22.198,11.85,1
2011-08-04,2.531,1.358,19.239,32.969,16.454,0
2011-08-05,31.947,5.008,27.385,32.62,33.725,1
2011-08-08,43.061,14.48,25.746,38.675,40.727,0
2011-08-09,1.959,-11.479,12.123,27.36,13.695,1
2011-08-10,0.287,18.047,47.469,23.203,11.931,0
2011-08-11,9.746,20.135,12.415,26.156,19.322,1
2011-08-12,19.294,11.68,20.136,31.933,25.407,1
2011-08-15,-0.753,24.727,21.028,18.973,12.942,1
2011-08-16,26.863,-1.665,32.378,24.572,24.502,0
2011-08-17,29.342,15.266,39.586,47.411,46.123,1
2011-08-18,46.818,31.08,18.903,71.086,58.813,0
2011-08-19,0.268,16.135,26.642,11.73,2.414,0
2011-08-22,12.432,4.377,6.793,16.288,11.071,1
2011-08-23,20.098,19.798,36.894,48.736,34.121,1
2011-08-24,26.87,-4.165,23.516,48.599,39.867,1
2011-08-25,26.043,3.145,17.295,36.138,33.552,0
2011-08-26,40.687,15.887,19.267,52.679,41.308,1
2011-08-29,-17.774,10.801,32.914,-4.681,-11.68,1
2011-08-30,29.107,17.994,28.548,40.744,35.123,1
2011-08-31,18.844,9.678,23.118,24.412,28.03,1
2011-09-01,36.436,12.767,19.165,80.357,62.53,0
2011-09-02,65.93,27.09,16.64,67.056,66.669,0
2011-09-06,48.797,8.092,21.374,59.6,65.572,0
2011-09-07,13.977,17.308,41.269,18.353,19.682,1
2011-09-08,7.562,4.518,14.869,28.401,20.624,0
2011-09-09,12.366,-9.603,37.598,19.497,15.681,0
2011-09-12,7.446,-4.679,5.093,15.537,14.907,1
2011-09-13,52.366,34.769,11.665,78.997,64.293,1
2011-09-14,26.561,4.372,21.851,31.405,26.585,1
2011-09-15,47.048,19.262,31.52,62.374,53.795,1
2011-09-16,41.17,29.147,3.492,64.153,55.958,1
2011-09-19,26.256,33.444,35.078,61.133,40.706,0
2011-09-20,39.094,13.008,20.208,60.53,54.262,1
2011-09-21,16.079,9.809,19.185,50.861,38.954,0
2011-09-22,29.549,7.632,29.625,49.819,42.533,0
2011-09-23,31.706,-2.18,27.023,35.594,36.697,1
2011-09-26,32.391,26.329,16.384,49.234,40.667,1
2011-09-27,15.751,27.855,23.525,23.856,21.146,1
2011-09-28,24.167,15.242,9.207,37.613,29.161,0
2011-09-29,36.88,23.005,24.332,49.99,48.809,1
2011-09-30,32.344,18.915,30.643,40.09,39.226,0
2011-10-03,37.146,27.191,26.989,46.11,39.971,0
2011-10-04,18.343,7.595,21.262,11.385,15.114,1
2011-10-05,34.353,19.247,23.478,50.841,41.902,1
2011-10-06,8.653,9.636,9.135,20.207,10.923,1
2011-10-07,41.982,1.56,27.726,39.957,38.051,0
2011-10-10,22.329,19.072,24.765,12.333,15.736,1
2011-10-11,12.778,22.847,19.095,26.159,21.569,0
2011-10-12,18.421,36.238,10.481,56.636,41.669,1
2011-10-13,48.42,22.385,24.791,75.169,65.584,0
2011-10-14,42.505,-19.602,13.109,72.58,58.369,1
2011-10-17,15.327,-26.462,15.707,37.489,29.561,0
2011-10-18,20.815,12.996,21.376,39.901,30.021,1
2011-10-19,37.897,4.57,24.218,26.07,31.457,0
2011-10-20,33.846,24.945,26.732,74.849,61.027,1
2011-10-21,-12.55,-2.444,31.268,12.961,5.782,1
2011-10-24,44.441,24.072,17.284,51.287,54.698,1
2011-10-25,31.586,21.742,0.978,41.741,35.853,0
2011-10-26,23.676,28.895,33.054,33.396,28.062,1
2011-10-27,17.37,11.224,11.874,40.283,26.763,1
2011-10-28,61.747,26.03,12.846,60.821,58.919,1
2011-10-31,27.373,14.898,7.885,33.839,34.398,0
2011-11-01,18.478,8.76,33.911,36.768,30.031,0
2011-11-02,17.941,33.074,41.926,22.781,25.604,1
2011-11-03,27.712,33.06,30.436,54.965,40.757,1
2011-11-04,20.633,11.975,22.416,26.531,27.647,0
2011-11-07,24.142,6.25,44.876,39.634,31.117,1
2011-11-08,-0.57,15.34,43.871,18.058,7.849,1
2011-11-09,30.264,7.061,15.826,50.66,41.051,0
2011-11-10,49.055,-4.093,35.419,61.359,56.471,1
2011-11-11,37.009,11.191,9.922,70.263,55.705,1
2011-11-14,21.005,12.357,26.869,43.583,37.605,0
2011-11-15,23.641,11.922,25.32,30.994,29.369,1
2011-11-16,42.58,3.038,14.849,64.037,52.808,0
2011-11-17,42.664,23.804,39.035,65.716,55.802,0
2011-11-18,43.387,20.028,29.058,54.389,54.13,1
2011-11-21,54.023,39.708,25.945,71.374,65.179,0
2011-11-22,47.535,26.792,35.267,60.265,51.221,0
2011-11-23,5.887,4.087,31.659,23.018,19.856,0
2011-11-25,54.753,19.706,22.616,54.021,55.822,0
2011-11-28,47.808,20.916,34.405,70.908,65.775,1
2011-11-29,44.251,7.31,13.492,69.692,62.023,1
2011-11-30,29.602,29.185,21.124,62.804,49.676,1
2011-12-01,32.329,34.47,35.569,44.229,39.521,0
2011-12-02,18.535,31.847,27.818,27.51,25.845,0
2011-12-05,25.699,33.266,28.838,59.598,40.7,1
2011-12-06,64.812,31.127,5.518,74.069,69.89,1
2011-12-07,14.952,7.817,36.776,51.114,37.19,1
2011-12-08,25.968,20.804,0.822,47.422,38.013,0
2011-12-09,44.68,-6.055,15.787,46.08,44.022,1
2011-12-12,40.792,39.426,15.19,64.023,52.468,0
2011-12-13,3.108,18.027,21.527,16.851,14.761,0
2011-12-14,43.516,8.13,27.526,59.758,57.457,0
2011-12-15,3.727,-1.691,36.665,23.786,15.851,1
2011-12-16,-15.293,19.907,12.964,15.801,0.781,0
2011-12-19,16.356,6.937,-9.936,25.073,14.516,0
2011-12-20,24.626,29,51.471,70.933,50.202,1
2011-12-21,20.221,7.271,17.86,53.486,41.694,1
2011-12-22,31.681,23.539,20.421,60.057,49.745,1
2011-12-23,42.106,30.937,12.212,58.62,49.829,1
2011-12-27,10.451,21.973,12.013,32.372,23.025,0
2011-12-28,-7.32,19.67,22.176,28.751,10.381,0
2011-12-29,30.633,11.873,35.648,33.797,34.536,1
2011-12-30,34.548,28.489,19.159,11.127,19.35,0
2012-01-03,27.175,30.737,29.473,55.074,46.717,1
2012-01-04,65.674,31.497,14.191,86.672,71.375,1
2012-01-05,55.861,4.059,9.592,95.259,76.157,0
2012-01-06,45.231,12.594,23.022,53.437,52.221,0
2012-01-09,41.218,22.128,21.746,70.198,57.672,1
2012-01-10,13.177,10.112,32.347,36.189,25.716,1
2012-01-11,8.94,8.8,19.088,15.121,14.002,0
2012-01-12,25.461,15.396,23.938,51.452,40.745,1
2012-01-13,16.356,22.674,36.282,33.809,23.33,0
2012-01-17,57.143,11.633,14.906,61.846,60.659,1
2012-01-18,24.349,47.434,31.835,33.547,28.201,1
2012-01-19,30.009,13.785,35.485,47.313,38.226,1
2012-01-20,7.281,19.42,20.569,14.677,13.533,1
2012-01-23,36.399,30.506,19.308,46.868,45.614,0
2012-01-24,26.369,17.472,10.591,36.471,34.35,0
2012-01-25,24.501,20.394,23.714,70.699,48.447,1
2012-01-26,43.092,41.135,18.225,65.161,51.474,0
2012-01-27,17.618,24.2,7.531,27.826,18.408,0
2012-01-30,35.177,-0.949,3.871,26.692,29.516,0
2012-01-31,22.556,20.62,4.694,31.838,28.881,0
2012-02-01,29.313,23.799,20.231,41.942,33.663,1
2012-02-02,41.021,27.453,17.857,72.557,61.944,0
2012-02-03,35.607,-3.862,19.584,43.588,42.617,1
2012-02-06,31.048,29.029,22.09,48.371,43.684,0
2012-02-07,25.89,41.708,35.93,38.667,36.241,1
2012-02-08,42.348,30.895,20.208,71.772,61.151,1
2012-02-09,41.104,13.188,31.742,56.139,52.534,1
2012-02-10,27.33,13.408,35.23,13.942,18.966,0
2012-02-13,15.282,18.929,24.656,25.438,19.618,1
2012-02-14,39.753,0.242,27.641,52.191,49.617,1
2012-02-15,12.82,3.547,8.41,29.988,19.311,0
2012-02-16,36.877,6.392,-6.913,47.98,41.07,1
2012-02-17,37.37,21.365,20.441,54.71,51.714,1
2012-02-21,40.125,8.713,27.196,64.58,53.417,1
2012-02-22,13.936,1.919,10.237,23.785,19.338,0
2012-02-23,25.788,-5.226,38.245,34.722,30.476,1
2012-02-24,43.66,14.88,22.022,54.058,48.395,0
2012-02-27,26.299,16.847,37.698,29.32,29.675,0
2012-02-28,16.514,16.72,36.857,42.048,30.99,1
2012-02-29,25.769,25.572,25.461,48.654,37.26,0
2012-03-01,23.991,35.608,26.799,50.308,38.67,1
2012-03-02,40.972,35.728,26.401,58.484,55.18,0
2012-03-05,51.56,-11.699,32.478,65.876,63.167,0
2012-03-06,40.161,2.331,4.181,57.673,48.781,0
2012-03-07,37.019,-15.621,3.88,41.183,35.672,1
2012-03-08,6.621,23.707,15.911,21.528,17.23,1
2012-03-09,24.466,15.469,24.662,48.415,40.161,1
2012-03-12,2.722,15.076,20.726,49.109,27.344,1
2012-03-13,-3.249,1.877,34.873,3.43,6.209,1
2012-03-14,20.151,11.832,19.491,30.155,29.885,1
2012-03-15,20.935,38.563,20.319,69.035,49.681,1
2012-03-16,52.38,40.23,31.109,91.137,71.895,0
2012-03-19,23.662,45.317,27.731,31.594,34.778,1
2012-03-20,18.842,31.662,16.393,54.047,41.127,0
2012-03-21,46.143,18.755,19.197,47.211,50.335,0
2012-03-22,20.195,-20.673,39.73,17.9,14.152,0
2012-03-23,34.676,3.507,18.756,52.614,46.205,1
2012-03-26,31.682,20.488,37.136,51.609,49.707,1
2012-03-27,20.357,23.442,17.591,43.905,36.028,0
2012-03-28,26.614,26.685,2.588,40.766,35.986,0
2012-03-29,16.473,3.871,14.234,25.114,25.041,1
2012-03-30,22.015,12.208,22.846,47.055,43.298,1
2012-04-02,28.153,35.238,26.514,42.893,43.729,1
2012-04-03,35.776,26.347,36.431,50.16,47.278,0
2012-04-04,30.477,25.296,19.299,54.636,43.547,0
2012-04-05,5.212,-1.97,32.007,27.638,23.198,0
2012-04-09,22.935,30.484,21.853,43.181,34.591,0
2012-04-10,24.04,22.454,16.162,31.981,31.45,0
2012-04-11,3.211,35.781,8.415,48.953,33.099,1
2012-04-12,15.801,17.137,25.743,39.687,33.541,1
2012-04-13,37.058,-8.481,29.056,51.906,41.271,0
2012-04-16,66.539,45.092,29.306,65.03,69.295,1
2012-04-17,34.325,17.763,30.342,49.304,48.85,1
2012-04-18,15.379,11.68,21.223,29.716,22.566,0
2012-04-19,39.254,10.125,18.912,44.856,47.575,0
2012-04-20,42.58,31.109,15.159,56.985,50.097,1
2012-04-23,41.146,35.384,13.429,49.386,42.881,0
2012-04-24,54.986,-11.418,27.075,77.742,73.397,1
2012-04-25,16.468,10.027,23.878,31.29,26.192,1
2012-04-26,53.219,0.166,21.193,56.657,47.698,1
2012-04-27,41.535,22.103,23.566,48.834,47.442,1
2012-04-30,14.219,-4.867,12.849,24.047,19.343,0
2012-05-01,14.336,11.432,33.525,40.964,27.62,1
2012-05-02,30.251,36.453,27.459,41.858,37.935,0
2012-05-03,69.155,24.585,0.641,72.109,69.656,0
2012-05-04,27.387,13.94,7.047,40.176,32.431,0
2012-05-07,28.877,30.934,19.228,28.032,33.286,0
2012-05-08,26.563,28.101,40.172,50.875,40.011,0
2012-05-09,40.128,16.171,30.522,53.167,49.401,0
2012-05-10,13.402,-1.385,29.509,45.412,30.022,1
2012-05-11,43.562,40.115,20.53,76.101,62.967,0
2012-05-14,32.98,18.115,11.656,60.228,51.715,0
2012-05-15,18.611,9.323,15.121,14.442,17.191,0
2012-05-16,27.373,14.299,20.759,35.16,30.186,0
2012-05-17,26.205,19.239,23.221,44.081,36.434,0
2012-05-18,56.193,23.309,8.913,70.834,66.395,0
2012-05-21,4.894,17.261,18.153,18.827,13.633,1
2012-05-22,67.569,23.163,18.529,60.854,68.59,0
2012-05-23,50.085,7.478,18.801,64.319,62.266,0
2012-05-24,22.089,16.601,34.82,40.238,32.54,1
2012-05-25,47.35,10.989,17.862,52.264,52.389,0
2012-05-29,25.193,22.631,16.716,59.911,43.44,1
2012-05-30,16.585,22.731,31.594,39.613,30.611,0
2012-05-31,42.584,15.503,11.013,39.963,44.67,0
2012-06-01,16.993,15.621,25.523,25.817,22.201,0
2012-06-04,36.478,15.308,17.28,52.034,48.312,0
2012-06-05,18.455,4.287,28.773,43.787,32.02,1
2012-06-06,41.69,28.172,24.997,58.621,53.459,1
2012-06-07,24.412,24.007,15.417,21.86,20.141,1
2012-06-08,30.134,-2.215,-2.307,37.815,35.412,1
2012-06-11,45.2,7.353,29.506,54.628,50.614,0
2012-06-12,21.937,18.808,9.313,53.643,37.737,1
2012-06-13,45.47,18.446,29.632,55.097,50.434,0
2012-06-14,32.074,15.438,5.189,50.779,42.782,1
2012-06-15,5.758,25.69,16.857,39.289,24.96,1
2012-06-18,47.253,6.777,36.25,58.553,52.102,0
2012-06-19,12.217,16.955,25.237,4.224,11.111,1
2012-06-20,31.596,12.742,47.37,46.787,43.089,0
2012-06-21,53.833,30.165,15.815,68.929,64.145,0
2012-06-22,30.951,16.66,6.875,50.314,43.207,1
2012-06-25,33.773,11.662,15.31,40.805,45.896,0
2012-06-26,23.168,2.282,13.093,50.301,35.336,1
2012-06-27,41.53,15.666,31.526,76.429,65.994,1
2012-06-28,57.56,23.616,14.587,53.791,62.376,0
2012-06-29,31.775,44.66,15.637,31.245,39.444,1
2012-07-02,34.764,30.264,32.061,38.945,40.805,0
2012-07-03,33.418,-5.203,15.407,47.352,47.949,1
2012-07-05,56.293,40.701,51.412,39.127,51.788,0
2012-07-06,21.045,10.719,39.424,35.317,32.595,0
2012-07-09,33.816,30.526,31.479,61.143,53.379,0
2012-07-10,30.07,18.515,28.014,39.433,38.531,0
2012-07-11,30.637,11.872,28.012,35.985,32.704,0
2012-07-12,26.374,34.699,-8.32,49.971,38.727,0
2012-07-13,48.738,18.18,3.006,51.832,49.112,1
2012-07-16,28.359,14.363,20.513,44.364,40.969,0
2012-07-17,8.677,16.939,45.547,24.217,16.835,1
2012-07-18,41.355,21.161,11.47,64.826,52.352,1
2012-07-19,34.315,24.032,34.514,40.539,39.437,1
2012-07-20,24.605,7.139,7.685,28.954,30.373,0
2012-07-23,4.6,30.326,36.642,20.61,17.69,0
2012-07-24,59.751,12.683,24.805,58.071,59.37,0
2012-07-25,45.936,20.607,30.962,25.067,40.673,1
2012-07-26,4.884,24.333,12.62,18.867,12.964,1
2012-07-27,30.618,13.071,42.041,37.325,33.487,1
2012-07-30,45.882,18.514,35.805,72.041,62.482,0
2012-07-31,35.693,36.768,0.473,47.517,51.997,0
2012-08-01,25.564,29.112,22.515,46.933,38.507,0
2012-08-02,4.395,14.591,13.64,59.937,32.862,0
2012-08-03,48.539,23.301,27.485,58.64,57.043,1
2012-08-06,21.304,16.145,44.554,35.167,29.037,1
2012-08-07,25.183,22.629,10.682,45.753,37.053,1
2012-08-08,-6.819,16.313,28.554,6.724,3.273,1
2012-08-09,43.785,-21.36,27.658,49.602,42.301,0
2012-08-10,52.03,23.943,29.814,59.375,59.029,1
2012-08-13,21.29,14.418,15.732,38.489,32.581,0
2012-08-14,13.76,15.171,20.725,20.26,16.091,1
2012-08-15,-8.082,31.596,39.402,5.807,0.279,0
2012-08-16,-3.176,-9.729,12.55,0.187,0.459,1
2012-08-17,1.302,4.845,31.838,16.628,11.539,1
2012-08-20,25.785,13.371,24.562,34.77,30.859,0
2012-08-21,29.039,23.571,18.355,53.361,44.055,0
2012-08-22,52.999,37.539,15.173,66.107,61.055,0
2012-08-23,14.884,24.312,31.65,41.838,32.089,0
2012-08-24,15.019,13.951,33.834,39.853,31.258,1
2012-08-27,-3.615,18.555,30.731,2.896,3.624,0
2012-08-28,29.909,-4.139,8.81,60.619,46.115,0
2012-08-29,53.036,22.286,13.773,65.445,61.602,1
2012-08-30,3.289,-6.935,12.813,10.179,8.185,0
2012-08-31,15.259,28.13,38.314,30.157,25.448,1
2012-09-04,10.216,23.476,39.235,28.102,21.795,0
2012-09-05,-3.522,31.936,20.779,17.361,15.33,1
2012-09-06,7.493,5.479,32.451,24.514,20.528,1
2012-09-07,14.069,17.601,23.248,44.433,29.5,1
2012-09-10,18.965,24.81,31.248,53.464,46.606,0
2012-09-11,2.758,44.712,6.701,56.233,38.772,1
2012-09-12,30.994,31.233,23.481,44.001,39.835,1
2012-09-13,22.208,17.549,20.062,16.301,14.495,1
2012-09-14,15.163,25.884,18.762,22.94,15.154,1
2012-09-17,16.679,11.435,10.077,28.503,25.478,0
2012-09-18,9.98,12.271,26.602,32.422,30.193,1
2012-09-19,35.409,28.543,19.065,43.218,40.075,1
2012-09-20,60.315,32.848,13.261,48.729,55.439,1
2012-09-21,33.346,22.797,20.822,36.681,34.823,0
2012-09-24,13.77,29.747,32.154,19.915,15.034,0
2012-09-25,36.067,17.257,30.009,53.056,49.692,0
2012-09-26,37.146,29.18,30.511,59.731,52.741,0
2012-09-27,54.795,22.123,34.004,39.002,51.253,1
2012-09-28,34.387,28.093,14.214,45.627,40.592,0
2012-10-01,25.234,36.004,25.363,29.089,24.897,1
2012-10-02,49.545,13.487,35.018,74.474,65.484,0
2012-10-03,23.718,-1.421,-0.537,18.036,21.282,1
2012-10-04,21.144,13.626,8.049,43.163,31.898,1
2012-10-05,21.28,8.389,15.376,54.612,38.188,1
2012-10-08,35.917,18.367,5.692,42.49,41.398,0
2012-10-09,44.009,24.066,29.594,59.527,53.419,0
2012-10-10,15.307,2.683,22.333,31.815,25.417,0
2012-10-11,21.996,-1.225,13.181,37.162,30.682,0
2012-10-12,23.728,7.315,13.33,39.359,30.859,1
2012-10-15,46.737,18.697,37.535,61.405,54.787,1
2012-10-16,61.207,10.737,10.801,71.82,69.186,1
2012-10-17,38.38,-4.878,19.183,54.218,48.841,1
2012-10-18,32.083,19.104,33.02,55.225,47.745,0
2012-10-19,11.473,10.442,22.028,36.273,22.553,0
2012-10-22,43.369,14.95,24.173,65.703,55.127,1
2012-10-23,-2.333,12.011,5.247,19.543,13.304,0
2012-10-24,25.575,9.915,36.87,38.29,32.367,0
2012-10-25,33.704,25.338,29.464,45.435,39.757,1
2012-10-26,3.371,21.758,43.598,31.97,20.254,1
2012-10-31,18.872,16.096,28.009,21.4,20.582,0
2012-11-01,27.995,23.45,21.705,48.054,36.782,1
2012-11-02,23.692,23.941,16.4,29.194,27.933,0
2012-11-05,21.402,5.405,36.306,13.228,21.993,1
2012-11-06,40.009,34.834,24.73,68.714,60.88,1
2012-11-07,34.368,13.83,6.28,77.408,55.928,0
2012-11-08,43.723,8.021,16.818,52.094,52.089,0
2012-11-09,12.843,33.681,27.737,31.307,29.367,1
2012-11-12,6.138,15.384,15.446,30.622,17.853,0
2012-11-13,44.49,9.058,11.999,45.943,45.754,0
2012-11-14,34.197,20.79,14.652,51.606,48.831,0
2012-11-15,18.465,28.603,-17.416,42.376,29.959,0
2012-11-16,36.912,16.903,32.494,57.564,52.104,1
2012-11-19,16,13.591,17.906,16.061,15.195,1
2012-11-20,36.423,26.939,3.179,49.963,48.864,0
2012-11-21,31.043,12.309,26.867,36.233,31.259,1
2012-11-23,25.772,24.483,14.433,42.464,38.186,1
2012-11-26,59.99,28.401,28.529,88.742,77.86,0
2012-11-27,45.563,26.828,28.456,45.413,45.672,0
2012-11-28,49.802,9.91,18.475,47.784,49.954,1
2012-11-29,56.119,31.909,20.568,59.46,53.671,1
2012-11-30,19.045,30.51,38.308,37.317,33.059,1
2012-12-03,37.9,15.028,8.511,59.978,48.487,0
2012-12-04,41.275,-4.045,19.143,42.211,42.969,0
2012-12-05,34.02,36.787,29.361,27.491,32.475,1
2012-12-06,3.068,13.305,30.329,5.907,5.686,1
2012-12-07,35.915,2.693,12.856,28.403,35.307,1
2012-12-10,20.939,6.039,23.239,41.964,30.841,1
2012-12-11,3.392,15.118,26.449,18.757,13.69,1
2012-12-12,25.981,18.263,18.628,27.22,28.559,0
2012-12-13,45.635,-9.62,27.075,51.045,48.042,0
2012-12-14,30.948,7.765,10.843,35.755,33.671,0
2012-12-17,-0.014,30.963,8.997,7.6,5.062,1
2012-12-18,13.058,15.85,12.26,30.581,22.352,1
2012-12-19,33.613,11.769,28.788,39.548,39.175,0
2012-12-20,2.286,16.207,9.521,44.33,22.934,1
2012-12-21,56.575,41.09,38.602,80.595,76.465,0
2012-12-24,27.997,-8.604,13.589,42.401,36.024,0
2012-12-26,31.087,23.734,32.58,48.048,38.171,0
2012-12-27,24.047,13.78,27.752,32.449,31.69,0
2012-12-28,12.41,22.006,13.993,32.234,23.099,0
2012-12-31,13.7,16.445,29.675,43.162,32.299,1
2013-01-02,-9.8,26.719,33.361,2.569,1.952,1
2013-01-03,29.552,-1.526,15.246,30.138,30.287,0
2013-01-04,39.076,-6.543,28.46,49.41,43.673,1
2013-01-07,25.531,26.86,15.377,22.327,26.215,0
2013-01-08,13.475,-11.104,20.826,27.595,20.258,0
2013-01-09,18.282,-11.495,11.159,24.513,26.507,1
2013-01-10,8.595,19.156,19.916,17.549,14.995,1
2013-01-11,15.883,0.345,22.82,33.164,29.527,1
2013-01-14,17.766,11.808,24.432,32.414,28.883,1
2013-01-15,41.994,10.992,28.048,51.953,47.878,1
2013-01-16,22.168,17.405,17.124,25.135,17.834,0
2013-01-17,7.254,7,5.281,6.336,3.639,1
2013-01-18,5.217,18.53,24.986,21.657,10.584,1
2013-01-22,49.152,30.77,16.064,40.768,48.574,1
2013-01-23,34.253,7.22,18.445,41.387,41.316,1
2013-01-24,26.185,1.22,31.946,31.715,33.465,1
2013-01-25,38.252,7.735,23.003,45.076,41.425,1
2013-01-28,18.145,14.563,3.563,42.271,33.564,0
2013-01-29,27.329,19.834,21.041,50.824,39.362,1
2013-01-30,8.556,30.161,32.505,29.445,23.821,0
2013-01-31,32.823,4.046,22.841,36.061,34.296,0
2013-02-01,30.102,11.737,26.091,27.363,31.1,1
2013-02-04,30.197,5.905,17.884,38.716,33.926,0
2013-02-05,25.601,2.75,29.344,23.153,26.08,1
2013-02-06,28.851,15.499,18.352,23.822,28.907,1
2013-02-07,14.768,4.346,48.329,23.36,18.514,0
2013-02-08,26.32,0.391,24.274,46.422,37.664,1
2013-02-11,41.933,42.609,34.16,72.414,59.554,0
2013-02-12,43.239,-0.501,14.154,64.876,58.018,1
2013-02-13,16.218,30.072,27.26,31.691,25.701,0
2013-02-14,19.527,2.41,37.391,22.481,23.651,0
2013-02-15,27.372,8.178,29.07,16.267,20.462,1
2013-02-19,45.656,13.331,3.695,48.133,48.287,1
2013-02-20,21.971,24.029,12.012,42.456,34.236,0
2013-02-21,20.715,30.285,19.32,36.1,29.009,0
2013-02-22,47.824,-1.903,2.599,56.855,52.867,1
2013-02-25,39.475,35.814,19.181,57.313,54.422,0
2013-02-26,36.565,19.086,35.939,47.067,48.72,1
2013-02-27,-6.714,7.458,36.393,29.231,14.571,1
2013-02-28,17.831,34.713,29.836,20.219,16.629,0
2013-03-01,35.976,8.831,19.838,49.021,43.854,1
2013-03-04,14.849,8.981,4.79,30.009,25.659,1
2013-03-05,34.325,-3.967,29.486,30.483,32.916,1
2013-03-06,43.492,3.736,19.348,49.287,47.294,1
2013-03-07,52.144,8.329,32.135,54.443,54.134,1
2013-03-08,26.759,15.398,15.451,38.041,34.538,1
2013-03-11,31.13,15.767,22.856,17.349,30.392,1
2013-03-12,6.603,30.338,30.138,39.578,31.161,1
2013-03-13,3.157,16.855,32.792,7.533,4.275,1
2013-03-14,54.256,27.747,22.321,82.483,75.165,1
2013-03-15,28.683,21.397,19.519,43.655,34.366,0
2013-03-18,7.382,15.562,21.285,9.677,5.476,0
2013-03-19,29.752,-3.31,15.197,46.076,38.736,1
2013-03-20,25.903,23.757,11.263,42.658,35.394,1
2013-03-21,47.831,23.2,12.38,62.435,58.325,0
2013-03-22,26.356,2.641,18.664,52.563,38.037,1
2013-03-25,37.87,18.63,34.735,44.879,41.933,0
2013-03-26,21.128,28.101,37.075,31.988,32.81,1
2013-03-27,26.616,1.932,27.05,33.073,33.323,0
2013-03-28,9.871,-5.901,22.955,15.875,16.146,1
2013-04-01,18.192,23.107,34.37,44.612,34.786,0
2013-04-02,13.67,30.234,34.607,27.478,24.34,1
2013-04-03,42.188,29.663,18.71,48.814,55.833,0
2013-04-04,8.351,2.226,35.646,24.426,19.543,1
2013-04-05,31.185,22.614,0.95,47.295,37.736,0
2013-04-08,21.646,15.028,34.662,19.442,25.769,1
2013-04-09,-2.411,26.715,31.022,22.665,13.227,1
2013-04-10,22.735,5.845,16.702,16.019,19.054,1
2013-04-11,37.067,15.226,24.302,40.081,40.72,1
2013-04-12,39.531,19.904,22.494,38.873,42.241,0
2013-04-15,20.968,47.467,33.956,36.044,33.368,0
2013-04-16,6.461,10.658,4.741,36.375,20.638,1
2013-04-17,-0.026,25.672,16.872,10.866,6.436,0
2013-04-18,43.527,35.55,30.87,50.282,51.118,0
2013-04-19,29.785,7.928,19.228,54.707,41.063,1
2013-04-22,10.707,-19.629,-3.261,17.553,13.083,1
2013-04-23,15.499,19.682,24.029,17.398,18.28,1
2013-04-24,57.233,12.786,37.706,42.075,46.49,0
2013-04-25,44.095,3.711,15.664,65.843,61.176,1
2013-04-26,5.487,7.726,13.312,26.166,19.208,1
2013-04-29,10.732,14.918,18.329,19.742,11.419,1
2013-04-30,17.106,11.525,11.783,21.134,19.988,1
2013-05-01,12.921,16.089,25.459,26.963,18.978,0
2013-05-02,28.698,22.113,25.815,41.231,32.489,1
2013-05-03,6.526,23.997,15.627,16.976,15.629,1
2013-05-06,33.539,3.763,17.61,50.198,43.342,0
2013-05-07,19.178,1.458,23.958,52.374,39.394,1
2013-05-08,27.418,21.421,30.426,37.647,40.328,1
2013-05-09,38.946,-8.931,30.691,47.922,41.934,0
2013-05-10,24.805,25.174,17.124,38.037,34.906,1
2013-05-13,26.1,25.546,30.484,20.797,21.673,0
2013-05-14,24.276,38.969,6.729,51.028,43.9,1
2013-05-15,31.253,4.154,35.541,29.656,27.272,1
2013-05-16,28.143,17.111,39.088,33.223,31.764,0
2013-05-17,-2.328,30.808,16.544,17.343,8.461,1
2013-05-20,16.964,-1.716,29.17,33.813,27.655,0
2013-05-21,6.895,17.5,32.878,27.848,15.726,1
2013-05-22,22.15,0.392,12.542,40.052,35.593,0
2013-05-23,36.873,-13.359,18.384,58.004,47.295,0
2013-05-24,51.54,-3.818,23.626,69.434,58.418,1
2013-05-28,-0.758,37.768,20.32,43.011,19.666,1
2013-05-29,34.325,16.444,9.506,28.972,31.942,0
2013-05-30,-9.839,11.919,22.367,14.958,2.051,1
2013-05-31,36.531,16.186,20.633,40.041,42.993,0
2013-06-03,38.814,11.791,24.847,44.081,36.597,1
2013-06-04,33.888,-8.062,14.179,47.161,31.655,0
2013-06-05,35.337,8.546,-1.597,50.45,42.821,0
2013-06-06,21.232,6.631,29.01,35.164,28.692,1
2013-06-07,33.715,11.678,31.194,42.618,37.615,1
2013-06-10,43.734,5.898,18.422,48.64,48.359,0
2013-06-11,52.809,38.681,19.157,83.123,74.502,0
2013-06-12,16.587,16.307,28.845,30.942,23.196,0
2013-06-13,39.694,25.833,30.488,54.482,48.107,1
2013-06-14,64.327,22.443,23.462,75.427,74.712,0
2013-06-17,35.652,5.479,21.482,66.192,49.339,1
2013-06-18,42.288,19.203,16.97,64.405,51.66,1
2013-06-19,39.078,21.835,31.392,79.714,62.676,0
2013-06-20,24.042,39.928,14.369,40.657,33.609,0
2013-06-21,6.752,8,39.408,24.491,19.263,1
2013-06-24,24.415,15.853,12.243,25.163,25.095,0
2013-06-25,57.283,36.671,37.049,70.807,73.065,1
2013-06-26,61.044,-5.333,41.835,93.168,81.915,1
2013-06-27,31.74,17.022,28.67,58.072,50.567,1
2013-06-28,49.898,22.473,30.829,52.78,55.786,0
2013-07-01,49.96,33.584,25.091,52.305,51.595,1
2013-07-02,25.783,14.457,27.861,52.231,41.895,0
2013-07-03,28.89,31.725,42.2,23.142,31.679,1
2013-07-05,44.602,49.43,9.19,95.343,79.674,1
2013-07-08,43.154,16.074,23.39,66.302,61.554,1
2013-07-09,45.424,8.566,33.019,50.389,47.84,1
2013-07-10,11.25,22.832,15.135,25.484,19.464,0
2013-07-11,7.179,5.748,22.281,33.505,22.831,1
2013-07-12,62.767,43.845,26.154,47.171,58.478,1
2013-07-15,19.715,40.05,23.553,25.88,27.922,1
2013-07-16,41.287,15.788,23.533,31.69,40.774,0
2013-07-17,8.071,8.062,27.127,12.568,11.323,1
2013-07-18,25.681,12.804,30.783,36.649,28.647,1
2013-07-19,27.653,22.464,27.672,37.573,33.655,0
2013-07-22,7.266,11.631,28.321,38.878,24.009,1
2013-07-23,24.958,41.74,18.629,41.978,36.177,1
2013-07-24,12.52,20.075,40.438,13.886,14.49,0
2013-07-25,23.895,34.606,27.171,38.586,35.945,1
2013-07-26,16.65,23.136,27.86,39.741,29.564,1
2013-07-29,36.787,41.225,31.291,43.782,37.768,0
2013-07-30,29.309,23.57,20.447,44.161,44.007,0
2013-07-31,62.723,0.001,4.393,82.766,70.84,0
2013-08-01,63.906,37.068,17.941,76.021,72.631,1
2013-08-02,51.496,16.045,39.965,86.581,71.606,1
2013-08-05,23.807,18.038,19.111,32.977,34.044,0
2013-08-06,47.136,11.387,29.542,81.351,65.496,0
2013-08-07,41.312,13.844,14.671,54.35,49.107,0
2013-08-08,38.583,16.826,28.606,60.794,58.136,1
2013-08-09,33.762,-12.734,23.81,51.549,44.616,0
2013-08-12,21.195,8.94,39.37,39.342,32.499,0
2013-08-13,15.025,28.591,23.287,36.56,35.384,1
2013-08-14,36.725,15.923,13.539,43.415,40.952,0
2013-08-15,20.963,31.196,27.467,38.732,33.404,0
2013-08-16,10.96,28.079,17.64,31.338,24.327,0
2013-08-19,9.673,54.822,23.371,39.778,29.164,0
2013-08-20,43.915,27.83,38.072,73.251,56.913,0
2013-08-21,34.073,17.718,19.244,30.237,34.564,0
2013-08-22,10.585,21.939,32.413,23.666,16.853,1
2013-08-23,4.084,17.746,50.368,23.157,18.434,1
2013-08-26,29.552,29.499,58.107,44.442,39.192,0
2013-08-27,-2.581,9.278,28.634,15.281,9.168,0
2013-08-28,11.829,10.433,32.713,50.93,36.694,1
2013-08-29,26.39,22.426,44.745,59.134,46.075,1
2013-08-30,32.441,18.482,17.741,68.467,52.718,0
2013-09-03,33.33,14.248,25.652,63.934,56.505,1
2013-09-04,31.073,-5.577,20.86,48.139,43.445,1
2013-09-05,30.105,31.395,34.92,48.93,40.558,1
2013-09-06,25.799,25.085,34.797,43.52,42.47,0
2013-09-09,29.404,1.499,12.847,64.124,52.883,1
2013-09-10,9.815,19.908,11.658,27.503,20.847,1
2013-09-11,57.854,16.795,36.695,83.411,72.106,1
2013-09-12,27.218,7.661,10.689,54.685,41.975,0
2013-09-13,29.518,29.91,30.065,31.7,33.374,1
2013-09-16,45.646,19.626,28.619,61.862,58.383,1
2013-09-17,35.065,14.874,35.34,44.844,44.281,1
2013-09-18,74.797,22.007,14.264,88.283,88.95,1
2013-09-19,26.736,22.729,31.197,81.95,59.702,0
2013-09-20,46.698,25.619,20.717,63.463,62.634,0
2013-09-23,19.579,21.077,0.48,25.958,24.954,0
2013-09-24,20.991,18.267,24.257,38.833,36.319,0
2013-09-25,49.529,30.544,23.768,83.024,74.721,0
2013-09-26,27.144,6.914,41.315,42.689,37.561,1
2013-09-27,34.417,37.117,20.811,58.065,43.488,0
2013-09-30,26.46,21.219,19.075,33.715,31.629,0
2013-10-01,23.806,-4.667,16.917,47.493,38.463,1
2013-10-02,38.298,32.317,8.143,36.039,38.677,0
2013-10-03,16.539,10.191,20.256,27.58,24.973,0
2013-10-04,30.407,27.843,25.671,35.321,31.926,1
2013-10-07,45.339,37.415,39.464,39.246,43.609,0
2013-10-08,31.579,0.281,13.977,65.535,55.889,0
2013-10-09,40.701,0.212,23.92,58.521,50.403,1
2013-10-10,44.129,26.301,18.061,53.052,53.941,1
2013-10-11,72.38,40.635,45.735,59.817,71.057,1
2013-10-14,49.406,3.453,22.827,52.555,55.676,1
2013-10-15,17.245,21.999,23.41,36.405,34.803,0
2013-10-16,29.572,18.987,32.009,45.246,43.767,1
2013-10-17,16.074,14.196,10.153,34.456,27.633,0
2013-10-18,31.435,-0.005,27.399,62.408,50.994,1
2013-10-21,17.917,7.673,27.992,22.546,23.575,0
2013-10-22,18.094,33.062,14.471,30.149,24.144,1
2013-10-23,17.684,28.311,33.777,40.818,38.08,0
2013-10-24,29.978,41.022,35.211,46.981,38.783,1
2013-10-25,71.888,14.609,12.097,68.746,69.127,1
2013-10-28,30.24,20.694,9.259,37.501,36.563,0
2013-10-29,23.856,2.019,34.069,29.485,31.622,1
2013-10-30,29.36,5.752,33.176,46.906,45.162,0
2013-10-31,48.887,26.976,51.017,52.161,58.483,0
2013-11-01,32.889,28.246,33.731,27.961,36.282,1
2013-11-04,23.391,14.125,15.167,33.769,32.959,1
2013-11-05,20.592,7.328,22.858,27.947,27.502,0
2013-11-06,22.614,19.729,38.883,21.792,23.164,1
2013-11-07,27.595,6.272,21.999,47.547,38.829,0
2013-11-08,16.825,32.395,39.702,22.607,19.984,1
2013-11-11,17.021,26.808,35.359,35.093,30.322,1
2013-11-12,36.983,22.354,34.246,61.99,46.551,0
2013-11-13,1.689,17.915,33.625,19.518,15.75,1
2013-11-14,5.72,25.421,8.521,14.418,13.531,1
2013-11-15,47.295,13.356,38.116,72.526,60.951,1
2013-11-18,32.186,11.896,46.374,47.065,46.516,1
2013-11-19,36.228,19.257,10.459,57.585,47.231,0
2013-11-20,34.56,25.614,19.36,74.82,62.722,0
2013-11-21,13.589,29.613,9.091,38.941,24.866,1
2013-11-22,31.048,20.243,16.937,68.221,51.237,1
2013-11-25,38.154,26.534,10.633,52.003,51.585,1
2013-11-26,33.98,34.009,34.33,65.427,52.433,1
2013-11-27,41.407,41.909,42.143,42.475,45.83,1
2013-11-29,31.235,26.785,18.892,53.659,46.053,0
2013-12-02,59.903,4.271,32.207,97.508,83.964,0
2013-12-03,41.911,30.559,2.768,52.862,50.617,0
2013-12-04,30.227,5.958,31.86,39.706,39.164,0
2013-12-05,34.344,29.849,28.664,39.816,39.947,0
2013-12-06,9.6,-0.721,26.708,11.716,11.727,1
2013-12-09,30.08,20.376,36.919,39.635,41.506,1
2013-12-10,60.261,24.679,15.587,85.968,70.397,0
2013-12-11,13.569,33.547,29.629,24.222,24.345,0
2013-12-12,55.978,36.716,43.828,61.361,59.714,0
2013-12-13,14.505,15.792,17.016,37.464,28.289,1
2013-12-16,10.098,22.152,31.576,28.679,19.053,1
2013-12-17,70.892,15.996,52.575,61.538,71.469,0
2013-12-18,31.184,38.191,21.373,41.928,41.453,1
2013-12-19,42.097,25.667,15.363,73.845,58.855,1
2013-12-20,22.692,13.622,20.23,40.418,34.631,1
2013-12-23,23.678,17.977,14.994,59.362,43.218,1
2013-12-24,21.285,11.326,7.31,33.484,27.636,1
2013-12-26,4.523,18.909,8.816,15.564,8.839,1
2013-12-27,14.07,11.193,20.77,21.406,16.705,0
2013-12-30,21.4,14.771,26.486,15.697,18.588,1
2013-12-31,28.919,8.15,22.397,50.258,45.619,1
2014-01-02,39.301,0.065,26.236,57.573,53.417,0
2014-01-03,27.415,14.33,17.641,26.368,27.073,1
2014-01-06,38.642,14.79,11.638,62.519,52.583,0
2014-01-07,3.26,0.996,26.681,32.91,23.874,1
2014-01-08,41.647,30.652,23.734,74.01,63.473,0
2014-01-09,34.728,-3.304,-0.028,48.942,43.132,0
2014-01-10,14.412,15.317,22.814,28.195,23.004,0
2014-01-13,34.706,31.246,15.335,76.831,51.81,0
2014-01-14,30.007,14.291,34.03,50.882,45.209,1
2014-01-15,23.213,15.218,30.478,44.569,38.297,1
2014-01-16,32.578,14.756,27.238,46.938,46.82,0
2014-01-17,40.929,20.735,34.628,56.861,47.638,1
2014-01-21,46.097,19.076,17.032,64.838,56.741,0
2014-01-22,29.811,3.96,38.138,35.473,35.707,0
2014-01-23,5.157,-2.778,13.205,6.477,6.849,0
2014-01-24,18.562,29.787,30.653,25.028,23.86,0
2014-01-27,37.487,23.395,11.307,46.066,38.683,0
2014-01-28,52.978,40.028,42.478,75.06,69.055,1
2014-01-29,36.693,40.55,27.711,67.63,58.205,0
2014-01-30,7.518,24.797,41.74,25.502,17.508,1
2014-01-31,34.697,2.643,46.717,31.661,39.272,0
2014-02-03,12.55,9.424,23.325,33.157,23.394,0
2014-02-04,36.453,40.515,30.047,45.604,44.629,1
2014-02-05,38.11,13.939,15.919,68.978,57.392,0
2014-02-06,38.703,19.504,16.971,82.513,58.778,1
2014-02-07,39.368,16.842,25.585,58.962,50.655,1
2014-02-10,31.582,22.414,32.453,54.69,47.39,1
2014-02-11,41.964,12.667,23.084,49.537,44.573,1
2014-02-12,60.812,30.344,20.37,64.528,67.087,0
2014-02-13,27.154,11.904,23.285,34.958,33.353,1
2014-02-14,32.314,21.419,35.44,58.122,42.824,1
2014-02-18,39.898,9.758,17.628,44.285,41.245,0
2014-02-19,28.74,13.725,21.084,20.859,25.869,0
2014-02-20,30.429,6.148,31.893,45.533,43.611,1
2014-02-21,10.176,13.337,9.051,39.636,25.578,0
2014-02-24,53.445,27.763,7.295,64.717,59.685,1
2014-02-25,7.442,8.956,21.631,35.231,22.512,0
2014-02-26,32.291,15.334,37.435,42.269,40.797,1
2014-02-27,25.334,8.64,40.061,33.963,32.089,1
2014-02-28,2.409,9.248,22.399,35.715,25.81,1
2014-03-03,4.712,6.432,28.272,35.432,25.664,0
2014-03-04,37.639,23.231,22.977,70.001,57.504,1
2014-03-05,29.158,7.243,19.837,44.964,41.823,0
2014-03-06,-2.113,8.977,12.421,35.391,18.887,1
2014-03-07,4.834,9.694,6.183,28.237,19.587,1
2014-03-10,6.016,19.442,4.813,13.51,13.427,0
2014-03-11,24.208,19.783,18.397,23.47,22.603,0
2014-03-12,13.484,-3.061,28.134,18.215,18.005,0
2014-03-13,14.895,13.972,33.996,25.195,21.474,0
2014-03-14,19.585,15.807,1.057,38.177,30.407,0
2014-03-17,3.117,14.916,22.132,21.787,15.216,1
2014-03-18,15.41,0.129,16.386,32.435,28.457,1
2014-03-19,14.393,21.99,14.587,50.893,35.263,0
2014-03-20,49.45,19.486,38.259,87.673,77.51,1
2014-03-21,28.691,12.358,27.735,18.997,27.569,0
2014-03-24,18.36,13.96,14.656,24.907,20.817,0
2014-03-25,17.844,39.748,19.646,29.935,26.829,1
2014-03-26,22.517,21.253,35.239,31.278,35.508,0
2014-03-27,22.198,19.182,30.299,40.911,37.807,0
2014-03-28,-8.136,0.772,22.554,16.542,13.045,1
2014-03-31,15.971,17.209,21.403,12.631,19.014,1
2014-04-01,1.611,29.892,16.381,24.592,20.417,1
2014-04-02,38.542,5.334,46.04,60.782,51.585,1
2014-04-03,13.946,33.514,21.009,44.006,29.252,0
2014-04-04,30.01,2.484,25.614,36.959,34.928,0
2014-04-07,11.514,33.209,9.288,34.007,26.819,0
2014-04-08,30.115,15.747,22.744,41.174,36.04,1
2014-04-09,30.521,5.931,46.664,37.508,33.63,1
2014-04-10,24.07,17.093,18.787,30.786,24.858,0
2014-04-11,32.412,23.684,31.038,50.675,45.435,0
2014-04-14,-0.622,7.029,9.759,32.387,23.089,1
2014-04-15,10.381,31.068,25.726,4.217,7.356,1
2014-04-16,33.916,31.72,27.53,36.006,40.948,1
2014-04-17,11.412,26.471,42.28,33.477,25.605,0
2014-04-21,35.57,13.415,34.561,54.271,48.598,1
2014-04-22,26.207,-6.903,27.539,33.639,31.366,1
2014-04-23,12.961,18.204,41.282,1.742,7.412,0
2014-04-24,22.451,26.341,23.11,52.828,40.461,0
2014-04-25,9.663,11.277,26.705,27.732,20.87,0
2014-04-28,18.352,13.533,18.907,21.661,21.833,1
2014-04-29,-18.655,22.999,28.216,4.541,-0.267,1
2014-04-30,15.576,0.866,23.636,35.933,28.777,1
2014-05-01,19.259,32.969,32.342,34.119,29.106,0
2014-05-02,16.318,12.377,28.238,13.587,15.849,0
2014-05-05,10.648,12.355,9.977,21.441,22.423,1
2014-05-06,10.19,29.136,38.27,10.486,9.831,0
2014-05-07,9.729,26.911,35.176,41.394,27.232,1
2014-05-08,11.763,18.7,30.197,38.407,28.745,1
2014-05-09,25.981,-17.338,24.142,38.964,35.634,1
2014-05-12,8.881,0.986,1.837,13.881,18.909,1
2014-05-13,32.683,21.811,4.217,40.021,37.973,1
2014-05-14,11.606,15.54,24.894,20.37,15.993,0
2014-05-15,30.916,26.606,31.663,32.331,34.635,0
2014-05-16,7.093,14.347,45.23,19.709,13.017,1
2014-05-19,20.477,3.372,29.65,40.997,33.737,1
2014-05-20,61.365,43.216,32.098,77.884,74.112,0
2014-05-21,13.679,9.866,18.92,30.124,25.699,1
2014-05-22,15.594,18.176,23.825,36.384,23.642,1
2014-05-23,44.495,15.5,8.402,54.422,48.513,1
2014-05-27,-5.764,25.31,22.952,-9.659,-6.172,1
2014-05-28,36.799,9.011,6.553,34.99,39.161,0
2014-05-29,22.12,37.641,36.238,19.753,26.357,1
2014-05-30,19.883,21.333,28.809,32.829,29.732,1
2014-06-02,42.574,18.788,4.408,41.635,40.789,1
2014-06-03,44.672,16.866,32.605,74.102,64.145,0
2014-06-04,36.451,29.798,44.775,41.365,38.864,1
2014-06-05,51.169,6.239,9.206,57.521,56.53,1
2014-06-06,13.801,21.889,20.364,40.879,27.655,1
2014-06-09,39.94,14.5,17.906,66.635,52.732,1
2014-06-10,26.862,6.682,28.889,51.587,44.557,1
2014-06-11,20.232,7.735,10.925,28.978,24.733,0
2014-06-12,-4.007,28.245,21.726,8.449,2.089,0
2014-06-13,14.791,2.76,36.404,46.906,36.965,1
2014-06-16,27.978,40.646,33.929,34.14,33.196,1
2014-06-17,29.007,1.454,2.783,28.069,28.438,1
2014-06-18,39.17,23.821,48.52,48.579,45.841,1
2014-06-19,13.182,23.772,23.37,39.007,27.788,1
2014-06-20,7.725,29.892,27.411,42.417,27.455,1
2014-06-23,21.335,8.623,24.235,25.49,29.238,0
2014-06-24,16.288,23.198,31.551,23.743,18.313,0
2014-06-25,35.783,28.267,11.736,63.186,54.54,1
2014-06-26,23.228,17.524,43.917,31.216,27.175,0
2014-06-27,25.334,16.014,22.82,36.609,32.079,1
2014-06-30,26.278,21.905,27.751,26.769,33.113,0
2014-07-01,31.985,41.961,9.394,63.371,52.22,1
2014-07-02,6.743,-8.852,21.113,12.384,9.076,1
2014-07-03,18.484,17.275,16.631,7.099,13.375,1
2014-07-07,32.387,-1.414,37.97,34.62,34.863,0
2014-07-08,20.604,37.114,19.657,37.1,36.109,0
2014-07-09,14.695,10.378,18.976,13.536,16.267,1
2014-07-10,23.548,18.473,34.005,29.657,27.793,0
2014-07-11,19.008,20.883,6.069,35.513,29.307,1
2014-07-14,29.806,22.065,27.658,39.809,39.27,1
2014-07-15,34.601,38.642,18.014,48.193,45.22,1
2014-07-16,13.195,2.899,21.704,30.689,26.65,1
2014-07-17,15.613,5.001,21.091,27.01,22.542,0
2014-07-18,25.617,13.242,16.625,24.318,25.245,1
2014-07-21,33.731,1.324,9.082,6.54,22.372,0
2014-07-22,-1.204,17.904,24.032,8.908,2.142,1
2014-07-23,6.053,-4.296,29.302,12.361,5.496,0
2014-07-24,23.748,13.913,32.842,28.246,27.672,0
2014-07-25,32.667,16.572,20.06,22.664,28.131,0
2014-07-28,21.436,28.2,1.082,27.565,27.436,1
2014-07-29,11.835,15.047,30.934,26.726,19.624,0
2014-07-30,12.494,12.956,13.598,14.02,17.601,0
2014-07-31,24.732,1.38,21.172,18.851,22.07,0
2014-08-01,35.767,-5.594,29.428,51.486,46.278,0
2014-08-04,7.762,14.834,21.516,16.865,17.62,1
2014-08-05,23.012,11.291,4.767,33.78,36.607,0
2014-08-06,7.186,4.058,15.581,38.964,22.018,1
2014-08-07,24.482,2.528,24.787,43.505,38.445,0
2014-08-08,9.605,21.496,10.833,12.412,14.641,1
2014-08-11,27.227,43.117,50.023,20.556,24.27,1
2014-08-12,26.106,19.9,26.044,38.854,33.804,0
2014-08-13,55.971,40.17,25.757,61.404,63.032,1
2014-08-14,24.176,28.338,21.682,41.26,33.216,1
2014-08-15,30.499,-0.862,45.85,32.665,38.672,0
2014-08-18,29.116,17.712,31.703,45.434,39.996,1
2014-08-19,29.72,11.185,24.557,31.25,32.034,1
2014-08-20,15.863,13.197,9.628,22.877,22.043,1
2014-08-21,-15.166,12.111,15.378,7.066,-3.601,1
2014-08-22,9.065,13.7,13.352,2.814,4.59,0
2014-08-25,28.591,19.801,29.705,15.751,24.432,1
2014-08-26,20.761,7.484,20.463,25.437,21.93,1
2014-08-27,36.795,46.967,19.901,49.256,47.875,1
2014-08-28,18.858,3.938,26.105,4.38,11.418,0
2014-08-29,-8.7,24.808,18.358,12.89,4.303,1
2014-09-02,33.137,22.809,27.687,53.169,43.223,0
2014-09-03,28.592,14.121,30.604,23.317,26.862,1
2014-09-04,2.402,10.01,8.852,12.472,11.185,0
2014-09-05,-0.328,16.297,22.841,6.284,4.923,1
2014-09-08,22.039,15.22,13.746,29.875,27.935,0
2014-09-09,21.31,-1.098,13.512,30.09,28.392,0
2014-09-10,22.166,9.858,17.845,32.913,24.962,1
2014-09-11,32.449,13.437,19.086,58.733,46.871,0
2014-09-12,19.586,28.571,23.01,27.472,25.771,0
2014-09-15,19.205,38.896,31.738,36.499,35.863,1
2014-09-16,27.57,26.399,21.929,37.947,33.9,1
2014-09-17,-3.462,18.567,28.856,9.096,3.972,1
2014-09-18,5.902,23.425,24.854,9.947,9.708,1
2014-09-19,4.17,15.533,19.861,7.574,9.442,1
2014-09-22,47.593,22.897,34.823,54.422,44.501,0
2014-09-23,9.723,6.269,17.036,14.359,14.75,0
2014-09-24,33.407,29.565,15.329,53.991,46.663,1
2014-09-25,51.946,39.216,33.814,61.512,61.615,0
2014-09-26,23.836,15.654,13.751,43.666,34.773,1
2014-09-29,16.668,7.805,18.471,60.373,39.485,0
2014-09-30,35.25,15.197,4.832,64.229,50.554,0
2014-10-01,19.528,9.144,34.267,35.259,28.708,0
2014-10-02,44.84,22.643,59.764,42.606,43.51,0
2014-10-03,25.923,15.273,29.485,30.194,28.667,1
2014-10-06,6.857,-3.97,15.353,38.233,26.381,0
2014-10-07,-4.478,5.716,52.241,3.944,1.512,0
2014-10-08,33.712,8.698,17.248,61.863,50.12,1
2014-10-09,39.51,5.241,26.488,63.047,58.036,0
2014-10-10,14.553,37.753,20.761,42.165,27.729,0
2014-10-13,33.67,-6.212,16.148,39.974,38.496,0
2014-10-14,16.32,10.432,23.656,4.049,11.091,0
2014-10-15,29.719,14.939,19.725,40.681,35.835,0
2014-10-16,41.976,22.062,20.071,58.642,50.625,0
2014-10-17,28.447,20.713,29.843,28.238,26.787,1
2014-10-20,31.401,0.494,7.103,42.957,36.942,1
2014-10-21,21.661,24.341,21.844,55.041,41.071,1
2014-10-22,41.609,22.458,38.051,46.515,49.157,0
2014-10-23,34.84,17.822,22.435,50.404,49.59,1
2014-10-24,29.452,-1.784,17.036,73.375,53.6,1
2014-10-27,-6.106,26.169,24.86,10.968,3.137,1
2014-10-28,31.572,25.288,7.166,48.837,40.666,1
2014-10-29,37.23,33.595,40.795,46.788,49.118,0
2014-10-30,1.468,12.103,31.659,2.601,12.519,1
2014-10-31,41.036,6.187,28.248,57.706,51.522,1
2014-11-03,24.133,2.188,24.188,36.313,30.776,0
2014-11-04,8.172,15.649,26.942,18.388,13.963,1
2014-11-05,16.548,13.392,23.56,41.509,31.598,1
2014-11-06,25.262,14.752,6.369,64.391,50.101,1
2014-11-07,19.37,31.963,36.698,21.262,24.223,1
2014-11-10,48.773,5.352,18.271,58.476,55.195,1
2014-11-11,34.698,18.54,12.556,61.242,50.515,1
2014-11-12,22.733,7.945,15.751,23.538,26.907,0
2014-11-13,9.979,14.871,28.72,26.806,18.949,1
2014-11-14,27.252,36.769,30.127,46.13,38.3,0
2014-11-17,28.001,2.492,19.029,58.054,45.654,1
2014-11-18,48.664,20.658,19.96,46.954,48.18,1
2014-11-19,31.067,18.217,16.103,36.113,36.803,0
2014-11-20,2.539,4.292,32.728,6.306,6.948,1
2014-11-21,39.205,18.645,30.531,66.225,57.3,1
2014-11-24,34.013,4.672,14.54,46.488,44.499,1
2014-11-25,14.352,8.164,21.749,33.266,26.65,0
2014-11-26,21.806,26.037,17.068,51.453,46.172,1
2014-11-28,17.464,40.067,32.151,48.975,38.266,1
2014-12-01,43.953,8.647,1.186,54.456,51.4,0
2014-12-02,17.654,23.939,38.744,46.415,35.238,1
2014-12-03,46.947,26.108,50.042,65.798,62.128,1
2014-12-04,41.992,13.117,21.679,68.444,54.85,0
2014-12-05,39.602,31.062,17.274,49.442,45.64,1
2014-12-08,16.594,-8.678,45.625,36.576,26.265,0
2014-12-09,32.381,-4.201,24.489,48.281,38.346,0
2014-12-10,49.653,16.2,22.085,41.963,44.616,0
2014-12-11,24.262,26.411,25.96,29.936,29.063,1
2014-12-12,54.292,21.019,14.433,58.253,55.91,0
2014-12-15,25.553,36.393,32.26,53.285,44.166,0
2014-12-16,31.406,23.502,19.246,27.545,31.645,0
2014-12-17,-3.088,13.975,38.805,17.134,9.278,1
2014-12-18,-4.163,11.542,31.515,7.512,0.891,1
2014-12-19,40.442,4.612,21.599,53.256,50.524,1
2014-12-22,26.566,10.453,28.619,35.46,37.491,1
2014-12-23,-0.373,11.272,30.666,19.016,11.88,1
2014-12-24,6.417,21.757,34.476,30.795,19.82,1
2014-12-26,18.854,33.764,7.373,34.842,29.555,1
2014-12-29,22.021,11.901,29.604,44.033,32.79,0
2014-12-30,29.412,11.648,27.683,45.57,38.324,0
2014-12-31,20.302,5.417,30.135,43.122,38.177,0
2015-01-02,39.029,5.768,21.492,58.504,51.247,1
2015-01-05,23.951,20.727,17.479,42.777,37.703,0
2015-01-06,33.278,8.611,15.717,39.321,39.491,0
2015-01-07,12.188,14.735,30.734,30.597,21.219,1
2015-01-08,2.825,0.184,3.504,3.855,2.917,1
2015-01-09,-19.422,18.004,4.657,-3.019,-9.973,0
2015-01-12,14.327,4.818,25.592,27.939,20.155,0
2015-01-13,31.704,11.106,-1.831,28.211,26.918,0
2015-01-14,13.229,5.024,11.424,-1.153,4.803,0
2015-01-15,27.627,13.884,7.26,51.534,45.376,0
2015-01-16,17.363,20.098,-0.597,24.874,18.342,1
2015-01-20,15.775,27.676,30.093,49.292,34.272,1
2015-01-21,4.941,2.08,12.051,13.037,3.595,1
2015-01-22,34.171,16.451,20.767,42.229,41.53,1
2015-01-23,16.828,31.797,24.574,11.717,12.704,0
2015-01-26,31.79,14.914,29.236,39.369,37.062,1
2015-01-27,11.93,13.061,31.984,8.285,10.476,0
2015-01-28,33.437,9.406,4.246,45.101,40.354,0
2015-01-29,8.057,5.757,-8.222,23.95,19.745,1
2015-01-30,-6.278,37.846,22.892,14.819,9.875,0
2015-02-02,25.523,33.173,42.633,36.664,30.24,1
2015-02-03,11.661,27.351,36.731,39.521,31.519,1
2015-02-04,-16.465,16.539,19.585,-7.185,-8.606,1
2015-02-05,20.837,13.483,32.993,26.511,28.134,1
2015-02-06,32.165,5.724,44.264,61.832,57.29,0
2015-02-09,-0.642,13.317,2.19,13.17,8.184,0
2015-02-10,16.062,13.512,18.222,31.467,28.463,1
2015-02-11,13.776,4.436,3.041,32.199,26.085,0
2015-02-12,28.954,6.976,9.877,28.56,30.879,1
2015-02-13,25.131,15.505,10.882,52.833,39.688,1
2015-02-17,7.026,8.978,42.17,10.319,11.501,1
2015-02-18,15.978,7.419,25.481,16.759,18.918,0
2015-02-19,17.013,7.971,24.168,27.737,24.899,0
2015-02-20,51.416,18.848,24.799,61.989,60.075,1
2015-02-23,35.903,28.862,24.198,49.42,47.907,0
2015-02-24,14.831,16.503,13.731,23.717,22.984,1
2015-02-25,6.149,13.628,12.975,30.904,21.632,1
2015-02-26,-0.76,10.279,10.057,13.689,12.805,0
2015-02-27,23.654,41.53,33.565,58.474,45.717,0
2015-03-02,4.255,12.301,33.852,29.998,17.805,1
2015-03-03,44.151,25.484,23.392,43.939,43.587,0
2015-03-04,31.739,23.533,13.443,43.621,39.379,0
2015-03-05,18.323,26.47,36.514,47.802,41.893,1
2015-03-06,16.667,17.923,22.952,13.682,16.999,0
2015-03-09,15.803,-5.297,27.615,32.668,24.535,1
2015-03-10,70.087,16.803,0.859,100.008,85.987,0
2015-03-11,35.563,8.964,-0.285,60.975,50.494,0
2015-03-12,60.905,21.047,20.477,80.485,74.43,1
2015-03-13,41.185,10.497,8.063,74.64,65.188,0
2015-03-16,17.674,17.907,45.656,46.424,40.671,1
2015-03-17,30.188,5.771,27.639,55.273,46.126,0
2015-03-18,44.648,22.125,29.229,58.817,54.996,1
2015-03-19,44.762,53.307,19.986,68.11,60.144,0
2015-03-20,38.083,5.802,10.563,54.038,52.324,1
2015-03-23,26.318,26.906,16.829,24.187,23.93,0
2015-03-24,35.251,27.919,14.825,55.594,50.453,0
2015-03-25,37.51,3.949,37.569,60.529,53.429,0
2015-03-26,29.294,25.307,31.328,43.979,40.071,0
2015-03-27,58.069,30.977,22.771,75.892,73.121,1
2015-03-30,9.221,8.418,44.163,23.183,19.474,1
2015-03-31,33.691,37.199,19.159,50.421,45.568,0
2015-04-01,36.278,23.326,17.931,61.459,52.294,0
2015-04-02,21.332,23.6,18.168,40.219,36.694,1
2015-04-06,0.69,20.525,19.509,4.764,2.134,1
2015-04-07,18.499,0.157,20.712,36.376,28.492,0
2015-04-08,21.272,-3.693,34.628,29.098,23.271,1
2015-04-09,43.038,9.852,26.807,48.914,49.029,1
2015-04-10,41.713,35.629,11.239,63.708,54.35,1
2015-04-13,20.427,33.679,19.97,52.256,38.531,0
2015-04-14,22.018,37.777,36.392,43.109,33.145,1
2015-04-15,30.745,26.311,14.101,25.496,31.773,1
2015-04-16,33.936,24.578,14.738,43.704,44.269,0
2015-04-17,25.459,23.619,15.055,45.195,41.672,0
2015-04-20,22.699,29.115,21.58,49.259,40.872,1
2015-04-21,16.395,26.419,33.611,51.713,36.281,0
2015-04-22,36.948,28.118,21.049,86.192,64.442,1
2015-04-23,34.504,5.816,7.676,48.656,40.193,1
2015-04-24,25,24.753,26.365,56.836,43.236,1
2015-04-27,9.022,13.243,16.944,28.873,19.468,0
2015-04-28,12.592,-3.481,13.902,43.5,34.653,1
2015-04-29,29.062,24.503,17.037,36.506,38.958,0
2015-04-30,33.504,11.089,8.211,54.789,45.603,0
2015-05-01,9.446,39.125,25.523,26.595,21.733,1
2015-05-04,24.347,5.862,36.314,55.344,40.548,1
2015-05-05,21.947,28.568,17.33,47.843,40.271,0
2015-05-06,37.037,16.962,30.965,51.989,45.916,0
2015-05-07,21.579,27.883,18.932,28.16,29.969,1
2015-05-08,23.635,24.805,14.232,21.133,26.329,1
2015-05-11,27.201,43.863,31.151,61.955,46.816,0
2015-05-12,11.443,21.751,22.639,39.897,32.881,0
2015-05-13,33.897,25.497,22.188,75.033,61.933,0
2015-05-14,19.127,13.034,33.495,53.198,38.977,1
2015-05-15,34.15,19.308,24.091,33.712,36.743,1
2015-05-18,21.34,12.579,20.657,38.987,32.385,1
2015-05-19,39.723,16.081,30.207,52.775,46.355,1
2015-05-20,59.805,6.405,20.939,90.914,81.648,0
2015-05-21,38.295,27.87,10.726,37.778,39.717,1
2015-05-22,33.303,31.544,25.032,42.758,39.373,0
2015-05-26,36.044,18.604,13.634,34.968,35.112,0
2015-05-27,36.257,23.601,5.731,19.492,31.115,1
2015-05-28,12.383,28.579,28.594,28.748,26.998,0
2015-05-29,56.944,12.966,18.603,58.478,58.785,0
2015-06-01,8.873,24.059,30.006,24.045,25.119,1
2015-06-02,16.151,34.772,26.965,23.278,28.788,0
2015-06-03,29.143,29.472,13.798,41.472,42.227,1
2015-06-04,17.078,19.178,29.955,27.133,25.167,0
2015-06-05,39.358,7.273,23.94,62.308,58.136,0
2015-06-08,51.29,23.646,13.128,62.407,57.057,0
2015-06-09,7.904,22.639,29.511,53.518,34.71,0
2015-06-10,64.359,23.888,21.455,73.104,71.826,1
2015-06-11,38.025,34.208,8.186,63.119,55.422,1
2015-06-12,6.826,27.448,18.767,27.368,16.898,0
2015-06-15,12.698,21.562,35.445,16.733,19.557,0
2015-06-16,68.422,3.455,23.298,65.669,76.345,1
2015-06-17,39.572,4.232,37.101,57.681,49.509,1
2015-06-18,25.62,23.244,19.581,46.221,36.042,1
2015-06-19,5.693,36.673,52.035,28.644,21.5,0
2015-06-22,45.228,13.402,20.94,65.995,61.481,1
2015-06-23,32.833,1.281,-0.374,56.903,49.78,1
2015-06-24,33.647,28.261,14.702,48.787,45.396,0
2015-06-25,20.007,9.621,5.843,60.633,42.229,0
2015-06-26,28.579,6.667,8.601,34.918,35.343,1
2015-06-29,6.878,24.417,23.438,10.589,11.845,0
2015-06-30,13.507,20.558,23.234,26.537,23.711,1
2015-07-01,30.405,21.104,24.706,30.158,32.31,1
2015-07-02,60.132,53.612,14.32,80.151,73.939,0
2015-07-06,-1.823,15.783,33.571,55.29,28.735,0
2015-07-07,47.255,27.095,29.95,58.213,59.077,1
2015-07-08,35.515,20.095,32.043,58.447,51.055,0
2015-07-09,21.439,20.574,12.525,49.251,36.827,1
2015-07-10,18.688,8.355,29.242,35.185,29.247,1
2015-07-13,23.153,8.958,21.262,63.459,39.743,1
2015-07-14,20.242,26.937,25.333,56.609,44.995,1
2015-07-15,51.418,34.61,37.421,52.889,51.322,0
2015-07-16,60.876,43.682,43.925,76.232,68.042,1
2015-07-17,19.154,29.828,25.915,13.93,18.423,0
2015-07-20,25.566,15.275,21.76,13.609,19.35,1
2015-07-21,13.708,27.164,33.283,36.031,21.835,0
2015-07-22,29.074,8.143,40.614,27.716,31.087,0
2015-07-23,30.972,15.454,14.721,55.789,45.624,0
2015-07-24,30.686,11.13,20.642,46.174,45.505,0
2015-07-27,25.039,9.158,28.442,42.826,31.407,0
2015-07-28,53.446,-13.468,4.381,61.223,59.89,1
2015-07-29,48.709,10.619,21.953,72.619,60.421,1
2015-07-30,46.866,16.817,-2.405,75.408,58.152,0
2015-07-31,59.113,15.474,2.802,101.597,84.559,0
2015-08-03,13.257,6.972,0.94,32.551,23.21,0
2015-08-04,46.181,20.21,15.414,76.543,64.911,0
2015-08-05,35.754,27.643,13.184,36.204,39.242,0
2015-08-06,32.583,11.861,41.69,58.768,44.941,0
2015-08-07,36.129,13.141,39.602,52.383,44.789,0
2015-08-10,36.079,8.815,16.078,57.82,55.712,1
2015-08-11,16.739,-0.515,20.763,46.129,33.741,0
2015-08-12,19.401,18.29,27.873,34.239,30.989,0
2015-08-13,25.506,22.636,42.072,60.089,48.533,1
2015-08-14,20.173,11.986,30.23,25.665,26.24,1
2015-08-17,18.706,29.724,19.756,22.853,23.079,1
2015-08-18,32.45,18.489,16.326,42.445,42.033,0
2015-08-19,23.769,13.214,26.949,47.966,42.08,0
2015-08-20,22.533,29.173,34.256,38.471,32.927,0
2015-08-21,50.203,35.316,31.526,69.143,66.189,0
2015-08-24,-2.213,3.248,31.054,23.864,14.335,0
2015-08-25,24.27,35.169,19.155,46.427,39.284,0
2015-08-26,32.549,27.377,25.187,62.337,46.986,1
2015-08-27,9.09,4.577,27.437,23.591,17.288,1
2015-08-28,18.78,59.601,34.355,34.583,34.544,0
2015-08-31,34.206,7.164,18.673,30.355,29.864,0
2015-09-01,21.723,24.454,18.521,41.876,36.402,0
2015-09-02,15.983,10.35,34.002,38.745,30.155,1
2015-09-03,18.418,-10.496,19.269,34.363,30.247,1
2015-09-04,17.554,19.962,23.674,21.707,25.634,0
2015-09-08,-2.898,-0.556,42.611,10.984,6.308,1
2015-09-09,24.192,-0.107,18.837,41.321,32.645,0
2015-09-10,31.371,6.376,5.715,35.037,36.306,1
2015-09-11,17.528,3.798,37.826,37.763,29.542,1
2015-09-14,29.512,9.174,-2.358,40.774,34.485,0
2015-09-15,3.542,17.729,26.262,19.049,15.743,1
2015-09-16,56.998,18.313,16.957,74.71,72.74,1
2015-09-17,18.583,32.538,10.306,59.53,47.325,0
2015-09-18,25.083,10.259,22.441,42.704,36.637,0
2015-09-21,-7.518,17.149,17.801,30.959,13.433,1
2015-09-22,7.553,32.484,46.901,25.718,21.959,0
2015-09-23,44.03,14.154,18.383,44.852,45.927,0
2015-09-24,38.269,8.598,1.522,31.564,36.362,0
2015-09-25,13.764,21.531,26.599,21.805,22.837,1
2015-09-28,16.867,-4.368,14.805,48.942,39.278,0
2015-09-29,37.658,5.449,27.3,66.019,52.988,1
2015-09-30,34.03,28.035,33.481,46.901,43.317,1
2015-10-01,3.049,18.744,16.639,19.474,15.603,0
2015-10-02,32.365,20.385,12.969,33.916,29.489,1
2015-10-05,31.036,20.919,19.767,39.436,39.18,1
2015-10-06,25.849,14.394,20.871,25.277,29.071,1
2015-10-07,33.386,6.896,26.951,47.436,44.702,1
2015-10-08,-8.143,6.065,25.316,15.537,3.527,1
2015-10-09,7.527,29.636,35.871,34.584,29.678,1
2015-10-12,37.038,15.538,19.233,53.03,45.949,1
2015-10-13,16.404,4.935,21.072,25.685,22.904,0
2015-10-14,27.213,32.664,26.758,52.257,36.972,0
2015-10-15,8.952,23.101,41.807,27.653,24.374,1
2015-10-16,45.646,1.85,13.522,51.166,50.643,1
2015-10-19,36.558,4.294,24.616,48.954,45.413,1
2015-10-20,33.711,19.993,30.344,39.036,40.632,0
2015-10-21,37.007,-2.762,35.344,79.573,60.387,0
2015-10-22,17.866,40.958,31.284,44.531,43.812,1
2015-10-23,35.987,-7.972,37.947,25.741,35.999,1
2015-10-26,23.694,26.402,15.898,45.351,34.846,0
2015-10-27,8.123,20.968,25.491,37.565,28.188,0
2015-10-28,37.483,8.256,10.655,21.72,31.653,1
2015-10-29,50.431,52.418,28.894,56.632,61.443,0
2015-10-30,44.105,40.531,12.015,60,54.758,0
2015-11-02,23.839,16.218,29.248,51.58,39.206,1
2015-11-03,43.087,27.63,25.729,79.436,63.857,1
2015-11-04,57.075,43.651,22.836,62.594,63.475,0
2015-11-05,11.688,34.988,23.195,48.015,28.052,0
2015-11-06,22.922,30.137,22.607,49.616,43.991,1
2015-11-09,11.196,9.88,10.027,20.5,19.173,0
2015-11-10,42.196,8.399,18.888,54.365,53.159,1
2015-11-11,37.307,8.526,27.766,48.445,38.281,0
2015-11-12,50.601,31.26,18.595,74.087,62.691,0
2015-11-13,17.473,7.09,18.66,36.857,24.357,0
2015-11-16,14.157,-0.008,20.129,34.363,26.547,1
2015-11-17,2.767,17.225,21.14,13.553,7.969,1
2015-11-18,12.436,10.611,21.606,15.646,15.939,1
2015-11-19,16.808,14.513,9.412,9.419,14.945,0
2015-11-20,10.819,-6.059,3.597,10.039,12.981,1
2015-11-23,6.762,10.763,14.686,23.027,17.188,0
2015-11-24,0.491,12.936,13.703,11.574,10.355,1
2015-11-25,19.24,18.055,28.97,29.296,28.29,1
2015-11-27,9.557,12.286,30.59,26.277,24.033,0
2015-11-30,53.1,7.532,20.85,47.57,50.241,0
2015-12-01,29.661,22.536,23.531,48.636,43.373,1
2015-12-02,28.681,18.798,15.107,42.732,35.286,0
2015-12-03,-7.499,31.69,37.001,-2.844,-4.595,0
2015-12-04,24.924,8.336,18.199,30.881,25.029,1
2015-12-07,29.755,28.561,19.153,56.923,46.951,0
2015-12-08,29.815,6.332,36.381,55.695,47.309,0
2015-12-09,25.303,29.462,23.506,50.219,39.466,0
2015-12-10,37.562,0.771,17.452,54.775,49.275,1
2015-12-11,24.517,5.773,33.409,34.522,30.607,0
2015-12-14,-12.909,0.573,29.994,-3.329,-5.192,1
2015-12-15,36.231,1.441,4.564,47.497,40.218,1
2015-12-16,43.476,5.901,32.679,60.624,53.854,1
2015-12-17,30.515,10.499,15.875,48.448,40.006,0
2015-12-18,30.453,8.975,10.623,26.152,30.705,0
2015-12-21,28.272,29.164,9.892,34.716,31.857,1
2015-12-22,19.874,4.683,14.087,12.054,16.136,1
2015-12-23,17.915,4.06,35.634,18.117,20.774,1
2015-12-24,25.975,31.704,14.123,43.035,34.512,0
2015-12-28,33.352,0.808,23.115,47.296,43.327,0
2015-12-29,21.394,3.27,19.78,45.536,36.684,1
2015-12-30,29.723,-3.796,17.981,28.222,29.46,0
2015-12-31,48.226,-3.695,18.742,78.702,66.83,0
2016-01-04,10.041,15.005,13.426,24.703,17.788,0
2016-01-05,29.091,9.587,29.075,43.975,41.005,1
2016-01-06,30.002,0.917,17.106,35.982,34.074,0
2016-01-07,-5.479,4.201,24.208,17.111,8.762,0
2016-01-08,16.73,22.644,27.402,38.322,29.212,0
2016-01-11,42.613,17.492,9.127,47.032,47.551,1
2016-01-12,15.866,12.468,21.439,37.06,28.274,1
2016-01-13,33.036,-10.88,17.025,31.724,35.387,0
2016-01-14,13.266,8.444,27.527,14.222,13.303,1
2016-01-15,4.728,11.571,29.571,2.485,4.372,0
2016-01-19,22.563,9.911,10.824,19.263,21.244,1
2016-01-20,7.869,-15.843,24.089,18.939,20.332,0
2016-01-21,24.65,12.208,5.399,40.681,34.522,1
2016-01-22,14.358,-5.567,22.749,16.544,14.822,1
2016-01-25,28.936,21.79,34.496,46.051,41.73,0
2016-01-26,8.512,13.15,38.097,4.876,6.592,1
2016-01-27,11.397,26.045,14.291,8.029,7.855,0
2016-01-28,24.362,24.446,24.984,29.289,32.253,1
2016-01-29,-1.955,18.58,11.466,-15.772,-6.532,1
2016-02-01,39.94,9.597,21.453,63.147,54.457,0
2016-02-02,28.285,33.847,20.774,37.885,39.221,0
2016-02-03,32.277,0.432,9.813,54.683,46.15,1
2016-02-04,35.267,21.111,18.162,40.706,43.994,1
2016-02-05,23.997,24.14,16.94,18.241,23.321,0
2016-02-08,29.058,5.555,4.86,41.903,38.979,0
2016-02-09,19.965,12.475,6.273,19.485,16.891,0
2016-02-10,-1.598,10.167,38.631,19.082,8.053,0
2016-02-11,28.174,38.868,32.845,27.888,28.401,0
2016-02-12,22.805,27.067,18.482,39.095,36.587,1
2016-02-16,34.848,23.352,12.225,56.614,50.024,1
2016-02-17,20.539,40.821,7.779,41.651,36.303,1
2016-02-18,26.864,19.622,32.418,50.46,45.251,0
2016-02-19,9.022,1.741,27.99,20.407,17.455,0
2016-02-22,30.852,21.818,39.071,33.607,41.989,1
2016-02-23,31.099,12.078,17.779,47.078,42.456,0
2016-02-24,15.314,13.223,6.814,8.955,14.696,1
2016-02-25,17.3,17.679,32.281,29.33,25.822,1
2016-02-26,25.476,13.622,9.804,32.507,29.123,0
2016-02-29,19.254,-0.438,10.455,26.224,25.192,0
2016-03-01,24.447,3.961,-5.611,33.563,29.996,1
2016-03-02,22.514,29.194,33.192,33.615,27.021,1
2016-03-03,10.116,-2.23,25.456,32.534,26.791,1
2016-03-04,36.073,-9.636,25.576,34.706,36.955,1
2016-03-07,5.807,10.559,19.713,29.159,23.693,1
2016-03-08,37.395,21.876,-1.608,60.287,52.316,0
2016-03-09,49.771,11.141,5.729,44.22,50.9,1
2016-03-10,16.038,-1.07,33.816,31.69,23.575,0
2016-03-11,40.763,15.404,24.463,41.395,42.54,1
2016-03-14,10.416,17.577,22.595,44.324,34.046,1
2016-03-15,14.325,16.093,15.065,18.527,18.871,1
2016-03-16,26.197,3.814,13.776,41.278,38.97,1
2016-03-17,14.421,22.868,14.101,39.127,28.561,1
2016-03-18,25.351,21.879,24.355,55.056,41.514,1
2016-03-21,26.603,11.308,14.745,30.988,30.97,1
2016-03-22,-9.993,4.983,29.039,-22.942,-17.744,0
2016-03-23,23.755,21.611,17.266,42.264,36.734,0
2016-03-24,12.835,-4.337,17.921,15.411,13.288,1
2016-03-28,41.924,24.119,17.667,43.611,44.864,1
2016-03-29,29.005,30.837,20.996,35.129,35.422,1
2016-03-30,28.827,20.375,17.28,76.469,54.213,1
2016-03-31,15.523,30.546,27.703,44.192,38.221,0
2016-04-01,46.459,32.809,33.545,67.3,63.387,1
2016-04-04,34.767,13.877,36.068,35.223,44.773,0
2016-04-05,50.261,19.629,41.687,60.227,62.489,0
2016-04-06,21.604,7.009,33.802,23.022,23.531,1
2016-04-07,24.859,12.747,32.675,21.565,29.428,0
2016-04-08,36.296,43.093,22.057,45.737,42.797,1
2016-04-11,39.155,22.691,32.036,39.192,43.986,0
2016-04-12,42.522,23.356,24.515,52.13,53.502,1
2016-04-13,41.766,-1.934,21.868,45.573,41.366,1
2016-04-14,48.281,8.802,18.582,61.542,62.287,1
2016-04-15,23.598,4.682,33.041,31.759,31.553,0
2016-04-18,19.567,2.564,22.254,44.133,40.075,1
2016-04-19,20.047,18.274,16.238,35.048,37.379,1
2016-04-20,17.944,4.125,4.063,43.907,34.091,1
2016-04-21,39.528,17.859,37.124,68.924,59.27,0
2016-04-22,28.98,8.272,21.528,29.057,30.016,1
2016-04-25,37.523,24.391,44.713,67.059,52.324,0
2016-04-26,9.15,17.608,18.867,32.216,24.152,1
2016-04-27,17.018,24.707,34.687,46.051,33.382,1
2016-04-28,46.883,14.31,24.129,47.328,52.687,0
2016-04-29,23.074,44.303,22.966,36.849,31.827,0
2016-05-02,13.289,2.108,28.046,27.941,21.54,1
2016-05-03,16.673,29.064,10.015,38.297,29.146,0
2016-05-04,-17.407,19.709,17.8,8.533,-1.71,0
2016-05-05,22.796,27.38,26.172,26.059,23.96,1
2016-05-06,30.26,16.418,16.342,31.667,27.104,1
2016-05-09,47.365,8.438,13.675,64.492,57.917,0
2016-05-10,5.991,20.881,15.066,23.152,16.845,1
2016-05-11,42.977,22.087,15.576,77.832,64.273,0
2016-05-12,34.639,19.848,13.586,45.017,44.518,1
2016-05-13,53.152,42.272,16.358,80.519,68.168,0
2016-05-16,46.567,17.66,6.191,62.29,57.709,1
2016-05-17,1.031,25.681,32.668,25.786,17.936,0
2016-05-18,28.793,20.567,19.017,57.488,49.386,0
2016-05-19,18.579,33.644,13.212,32.403,26.361,0
2016-05-20,33.087,16.733,15.911,42.843,39.909,1
2016-05-23,44.14,11.315,42.205,39.142,41.176,0
2016-05-24,27.528,35.246,39.802,59.507,46.218,1
2016-05-25,18.951,-12.793,37.294,40.212,29.875,1
2016-05-26,37.382,17.474,22.735,50.963,41.848,0
2016-05-27,20.543,-1.566,27.553,59.674,43.661,1
2016-05-31,31.237,12.722,32.443,58.234,51.852,0
2016-06-01,5.77,23.508,30.257,41.856,27.794,1
2016-06-02,29.748,22.599,6.546,37.992,37.258,1
2016-06-03,21.571,20.158,30.413,20.108,24.756,0
2016-06-06,30,49.53,23.457,40.206,41.775,1
2016-06-07,59.219,14.239,23.867,65.889,64.646,1
2016-06-08,31.826,42.983,18.864,43.097,44.225,1
2016-06-09,38.615,16.14,23.39,66.482,53.839,0
2016-06-10,16.135,34.433,34.761,63.626,42.852,0
2016-06-13,27.885,13.479,7.285,42.256,35.543,0
2016-06-14,22.711,17.044,32.924,47.044,39.481,0
2016-06-15,14.76,-7.386,32.373,38.03,27.642,0
2016-06-16,28.205,18.114,17.742,39.337,34.157,1
2016-06-17,46.648,4.829,6.024,33.583,39.07,0
2016-06-20,8.737,25.631,19.64,34.078,23.106,1
2016-06-21,55.683,10.541,12.067,78.229,65.661,1
2016-06-22,59.351,10.291,10.905,67.575,68.715,0
2016-06-23,51.466,11.77,9.04,36.577,46.636,1
2016-06-24,31.068,4.761,11.305,55.287,42.759,0
2016-06-27,35.209,6.358,4.361,64.006,45.563,0
2016-06-28,46.649,36.085,10.51,55.388,52.48,1
2016-06-29,32.786,10.869,12.147,34.259,31.153,1
2016-06-30,8.502,10.645,17.49,-3.931,5.755,1
2016-07-01,-4.242,16.496,31.751,24.012,5.456,1
